2026-08-10T23:23:00.4025280Z Current runner version: '2.336.0'
2026-08-10T23:23:00.4040090Z ##[group]Runner Image Provisioner
2026-08-10T23:23:00.4040620Z Hosted Compute Agent
2026-08-10T23:23:00.4040990Z Version: 20260729.566
2026-08-10T23:23:00.4041520Z Commit: cf7153fe6e25b664e8693c24944bf2b00355d109
2026-08-10T23:23:00.4042090Z Build Date: 2026-07-29T19:17:02Z
2026-08-10T23:23:00.4042530Z Worker ID: {fdb95cc5-743f-497a-bfeb-4a4fc5f448fc}
2026-08-10T23:23:00.4042990Z Azure Region: westus
2026-08-10T23:23:00.4043410Z ##[endgroup]
2026-08-10T23:23:00.4044300Z ##[group]Operating System
2026-08-10T23:23:00.4044780Z macOS
2026-08-10T23:23:00.4045230Z 26.5.2
2026-08-10T23:23:00.4045550Z 25F84
2026-08-10T23:23:00.4045900Z ##[endgroup]
2026-08-10T23:23:00.4046320Z ##[group]Runner Image
2026-08-10T23:23:00.4046740Z Image: xcode-27-arm64
2026-08-10T23:23:00.4047100Z Version: 20260805.0079.1
2026-08-10T23:23:00.4047950Z Included Software: https://github.com/actions/runner-images/blob/xcode-27-arm64/20260805.0079/images/macos/xcode-27-arm64-Readme.md
2026-08-10T23:23:00.4048970Z Image Release: https://github.com/actions/runner-images/releases/tag/xcode-27-arm64%2F20260805.0079
2026-08-10T23:23:00.4049630Z ##[endgroup]
2026-08-10T23:23:00.4050500Z ##[group]GITHUB_TOKEN Permissions
2026-08-10T23:23:00.4051750Z Actions: read
2026-08-10T23:23:00.4052230Z Contents: read
2026-08-10T23:23:00.4052670Z Metadata: read
2026-08-10T23:23:00.4053030Z ##[endgroup]
2026-08-10T23:23:00.4054470Z Secret source: Actions
2026-08-10T23:23:00.4055140Z Prepare workflow directory
2026-08-10T23:23:00.4315290Z Prepare all required actions
2026-08-10T23:23:00.4350930Z Getting action download info
2026-08-10T23:23:00.8279030Z Download action repository 'actions/checkout@v7' (SHA:3d3c42e5aac5ba805825da76410c181273ba90b1)
2026-08-10T23:23:01.0847280Z Download action repository 'actions/upload-artifact@v7' (SHA:043fb46d1a93c77aae656e7c1c64a875d1fc6a0a)
2026-08-10T23:23:01.2438160Z Complete job name: build
2026-08-10T23:23:01.2909990Z ##[group]Run actions/checkout@v7
2026-08-10T23:23:01.2910560Z with:
2026-08-10T23:23:01.2910890Z   fetch-depth: 0
2026-08-10T23:23:01.2911230Z   repository: cad0p/vvterm
2026-08-10T23:23:01.2914010Z   token: ***
2026-08-10T23:23:01.2914320Z   ssh-strict: true
2026-08-10T23:23:01.2914660Z   ssh-user: git
2026-08-10T23:23:01.2914980Z   persist-credentials: true
2026-08-10T23:23:01.2915350Z   clean: true
2026-08-10T23:23:01.2915680Z   sparse-checkout-cone-mode: true
2026-08-10T23:23:01.2916090Z   fetch-tags: false
2026-08-10T23:23:01.2916420Z   show-progress: true
2026-08-10T23:23:01.2916780Z   lfs: false
2026-08-10T23:23:01.2937600Z   submodules: false
2026-08-10T23:23:01.2938090Z   set-safe-directory: true
2026-08-10T23:23:01.2938460Z   allow-unsafe-pr-checkout: false
2026-08-10T23:23:01.2939580Z env:
2026-08-10T23:23:01.2939890Z   HOMEBREW_NO_AUTO_UPDATE: 1
2026-08-10T23:23:01.2940220Z ##[endgroup]
2026-08-10T23:23:01.6539650Z Syncing repository: cad0p/vvterm
2026-08-10T23:23:01.6540980Z ##[group]Getting Git version info
2026-08-10T23:23:01.6541480Z Working directory is '/Users/runner/work/vvterm/vvterm'
2026-08-10T23:23:01.6542200Z [command]/opt/homebrew/bin/git version
2026-08-10T23:23:01.6783770Z git version 2.55.0
2026-08-10T23:23:01.6794550Z ##[endgroup]
2026-08-10T23:23:01.6799510Z Copying '/Users/runner/.gitconfig' to '/Users/runner/work/_temp/b6e0f155-4a03-42ef-950a-8d609f41b881/.gitconfig'
2026-08-10T23:23:01.6805580Z Temporarily overriding HOME='/Users/runner/work/_temp/b6e0f155-4a03-42ef-950a-8d609f41b881' before making global git config changes
2026-08-10T23:23:01.6806630Z Adding repository directory to the temporary git global config as a safe directory
2026-08-10T23:23:01.6808800Z [command]/opt/homebrew/bin/git config --global --add safe.directory /Users/runner/work/vvterm/vvterm
2026-08-10T23:23:01.6912540Z Deleting the contents of '/Users/runner/work/vvterm/vvterm'
2026-08-10T23:23:01.6919710Z ##[group]Determining repository object format
2026-08-10T23:23:01.6922860Z ##[endgroup]
2026-08-10T23:23:01.6925640Z ##[group]Initializing the repository
2026-08-10T23:23:01.6926960Z [command]/opt/homebrew/bin/git init /Users/runner/work/vvterm/vvterm
2026-08-10T23:23:01.7154200Z hint: Using 'master' as the name for the initial branch. This default branch name
2026-08-10T23:23:01.7161830Z hint: will change to "main" in Git 3.0. To configure the initial branch name
2026-08-10T23:23:01.7163830Z hint: to use in all of your new repositories, which will suppress this warning,
2026-08-10T23:23:01.7164560Z hint: call:
2026-08-10T23:23:01.7164900Z hint:
2026-08-10T23:23:01.7165820Z hint: 	git config --global init.defaultBranch <name>
2026-08-10T23:23:01.7166490Z hint:
2026-08-10T23:23:01.7168720Z hint: Names commonly chosen instead of 'master' are 'main', 'trunk' and
2026-08-10T23:23:01.7169460Z hint: 'development'. The just-created branch can be renamed via this command:
2026-08-10T23:23:01.7170180Z hint:
2026-08-10T23:23:01.7170660Z hint: 	git branch -m <name>
2026-08-10T23:23:01.7198310Z hint:
2026-08-10T23:23:01.7202650Z hint: Disable this message with "git config set advice.defaultBranchName false"
2026-08-10T23:23:01.7222640Z Initialized empty Git repository in /Users/runner/work/vvterm/vvterm/.git/
2026-08-10T23:23:01.7226920Z [command]/opt/homebrew/bin/git remote add origin https://github.com/cad0p/vvterm
2026-08-10T23:23:01.7272790Z ##[endgroup]
2026-08-10T23:23:01.7273590Z ##[group]Disabling automatic garbage collection
2026-08-10T23:23:01.7274220Z [command]/opt/homebrew/bin/git config --local gc.auto 0
2026-08-10T23:23:01.7323530Z ##[endgroup]
2026-08-10T23:23:01.7324210Z ##[group]Setting up auth
2026-08-10T23:23:01.7324800Z Removing SSH command configuration
2026-08-10T23:23:01.7328180Z [command]/opt/homebrew/bin/git config --local --name-only --get-regexp core\.sshCommand
2026-08-10T23:23:01.7402040Z [command]/opt/homebrew/bin/git submodule foreach --recursive sh -c "git config --local --name-only --get-regexp 'core\.sshCommand' && git config --local --unset-all 'core.sshCommand' || :"
2026-08-10T23:23:01.8299650Z Removing HTTP extra header
2026-08-10T23:23:01.8301610Z [command]/opt/homebrew/bin/git config --local --name-only --get-regexp http\.https\:\/\/github\.com\/\.extraheader
2026-08-10T23:23:01.8372140Z [command]/opt/homebrew/bin/git submodule foreach --recursive sh -c "git config --local --name-only --get-regexp 'http\.https\:\/\/github\.com\/\.extraheader' && git config --local --unset-all 'http.https://github.com/.extraheader' || :"
2026-08-10T23:23:01.9130710Z Removing includeIf entries pointing to credentials config files
2026-08-10T23:23:01.9137580Z [command]/opt/homebrew/bin/git config --local --name-only --get-regexp ^includeIf\.gitdir:
2026-08-10T23:23:01.9232440Z [command]/opt/homebrew/bin/git submodule foreach --recursive git config --local --show-origin --name-only --get-regexp remote.origin.url
2026-08-10T23:23:02.0594800Z [command]/opt/homebrew/bin/git config --file /Users/runner/work/_temp/git-credentials-b89bb1fc-5b55-4e2e-a10d-70f80aedf4c9.config http.https://github.com/.extraheader AUTHORIZATION: basic ***
2026-08-10T23:23:02.0678500Z [command]/opt/homebrew/bin/git config --local includeIf.gitdir:/Users/runner/work/vvterm/vvterm/.git.path /Users/runner/work/_temp/git-credentials-b89bb1fc-5b55-4e2e-a10d-70f80aedf4c9.config
2026-08-10T23:23:02.0712090Z [command]/opt/homebrew/bin/git config --local includeIf.gitdir:/Users/runner/work/vvterm/vvterm/.git/worktrees/*.path /Users/runner/work/_temp/git-credentials-b89bb1fc-5b55-4e2e-a10d-70f80aedf4c9.config
2026-08-10T23:23:02.0714680Z [command]/opt/homebrew/bin/git config --local includeIf.gitdir:/github/workspace/.git.path /github/runner_temp/git-credentials-b89bb1fc-5b55-4e2e-a10d-70f80aedf4c9.config
2026-08-10T23:23:02.0717850Z [command]/opt/homebrew/bin/git config --local includeIf.gitdir:/github/workspace/.git/worktrees/*.path /github/runner_temp/git-credentials-b89bb1fc-5b55-4e2e-a10d-70f80aedf4c9.config
2026-08-10T23:23:02.0743760Z ##[endgroup]
2026-08-10T23:23:02.0744570Z ##[group]Fetching the repository
2026-08-10T23:23:02.0749250Z [command]/opt/homebrew/bin/git -c protocol.version=2 fetch --no-tags --prune --no-recurse-submodules origin +refs/heads/*:refs/remotes/origin/* +refs/tags/*:refs/tags/* +15bee864277460ac4adafd7df1b8d4e01d9ac1a5:refs/remotes/pull/124/merge
2026-08-10T23:23:07.4930090Z From https://github.com/cad0p/vvterm
2026-08-10T23:23:07.5030110Z  * [new branch]      chore/cleanup-76-test-fixes              -> origin/chore/cleanup-76-test-fixes
2026-08-10T23:23:07.5133670Z  * [new branch]      chore/keep-terminal-size-default-on      -> origin/chore/keep-terminal-size-default-on
2026-08-10T23:23:07.5153960Z  * [new branch]      chore/sync-upstream-2026-08              -> origin/chore/sync-upstream-2026-08
2026-08-10T23:23:07.5159210Z  * [new branch]      chore/sync-upstream-squash-merge         -> origin/chore/sync-upstream-squash-merge
2026-08-10T23:23:07.5180440Z  * [new branch]      ci/build-includes-unit-tests-scheme      -> origin/ci/build-includes-unit-tests-scheme
2026-08-10T23:23:07.5188710Z  * [new branch]      ci/coalesce-pending-status               -> origin/ci/coalesce-pending-status
2026-08-10T23:23:07.5193370Z  * [new branch]      ci/ota-comment-changes-route             -> origin/ci/ota-comment-changes-route
2026-08-10T23:23:07.5199000Z  * [new branch]      ci/ota-testflight-style-coalescing       -> origin/ci/ota-testflight-style-coalescing
2026-08-10T23:23:07.5215180Z  * [new branch]      ci/parallelize-ui-tests                  -> origin/ci/parallelize-ui-tests
2026-08-10T23:23:07.5249950Z  * [new branch]      ci/quarantine-cross-app-focus            -> origin/ci/quarantine-cross-app-focus
2026-08-10T23:23:07.5255970Z  * [new branch]      ci/testflight-force-pro-push             -> origin/ci/testflight-force-pro-push
2026-08-10T23:23:07.5276500Z  * [new branch]      ci/testflight-on-push-to-main            -> origin/ci/testflight-on-push-to-main
2026-08-10T23:23:07.5285880Z  * [new branch]      codex/fix-settings-and-voice-overlay     -> origin/codex/fix-settings-and-voice-overlay
2026-08-10T23:23:07.5303640Z  * [new branch]      feat/force-pro-build-flag                -> origin/feat/force-pro-build-flag
2026-08-10T23:23:07.5312430Z  * [new branch]      feat/fork-rebrand-it-pcad                -> origin/feat/fork-rebrand-it-pcad
2026-08-10T23:23:07.5324900Z  * [new branch]      feat/ota-container-assignment-script     -> origin/feat/ota-container-assignment-script
2026-08-10T23:23:07.5328310Z  * [new branch]      feat/renew-ota-comment                   -> origin/feat/renew-ota-comment
2026-08-10T23:23:07.5340320Z  * [new branch]      feat/sep-webauthn-iotest-simulator       -> origin/feat/sep-webauthn-iotest-simulator
2026-08-10T23:23:07.5345750Z  * [new branch]      feat/share-diagnostics                   -> origin/feat/share-diagnostics
2026-08-10T23:23:07.5351540Z  * [new branch]      feat/teleport-passwordless-login         -> origin/feat/teleport-passwordless-login
2026-08-10T23:23:07.5354690Z  * [new branch]      feat/teleport-sep-key-integration        -> origin/feat/teleport-sep-key-integration
2026-08-10T23:23:07.5357090Z  * [new branch]      feat/zen-fullscreen                      -> origin/feat/zen-fullscreen
2026-08-10T23:23:07.5361710Z  * [new branch]      fix/diagnostics-ring-buffer-81           -> origin/fix/diagnostics-ring-buffer-81
2026-08-10T23:23:07.5366350Z  * [new branch]      fix/exec-cancellation-teardown           -> origin/fix/exec-cancellation-teardown
2026-08-10T23:23:07.5370110Z  * [new branch]      fix/ios-testflight-auto-bump-build-number -> origin/fix/ios-testflight-auto-bump-build-number
2026-08-10T23:23:07.5373420Z  * [new branch]      fix/ios-testflight-build-id-extraction   -> origin/fix/ios-testflight-build-id-extraction
2026-08-10T23:23:07.5376370Z  * [new branch]      fix/ios-testflight-cmlx-signing          -> origin/fix/ios-testflight-cmlx-signing
2026-08-10T23:23:07.5378700Z  * [new branch]      fix/keyboard-avoidance-lift-cap          -> origin/fix/keyboard-avoidance-lift-cap
2026-08-10T23:23:07.5381140Z  * [new branch]      fix/osc8-links-clickable                 -> origin/fix/osc8-links-clickable
2026-08-10T23:23:07.5386080Z  * [new branch]      fix/osc8-test-async-wait                 -> origin/fix/osc8-test-async-wait
2026-08-10T23:23:07.5388240Z  * [new branch]      fix/osc8-test-callsite                   -> origin/fix/osc8-test-callsite
2026-08-10T23:23:07.5390370Z  * [new branch]      fix/osc8-url-decode                      -> origin/fix/osc8-url-decode
2026-08-10T23:23:07.5392420Z  * [new branch]      fix/ota-renew-closed-prs                 -> origin/fix/ota-renew-closed-prs
2026-08-10T23:23:07.5395450Z  * [new branch]      fix/ota-slash-only-index                 -> origin/fix/ota-slash-only-index
2026-08-10T23:23:07.5408550Z  * [new branch]      fix/renew-cmd-pr-number                  -> origin/fix/renew-cmd-pr-number
2026-08-10T23:23:07.5410830Z  * [new branch]      fix/renew-reaction-perms                 -> origin/fix/renew-reaction-perms
2026-08-10T23:23:07.5413310Z  * [new branch]      fix/session-2.3-pre-existing-test-failures -> origin/fix/session-2.3-pre-existing-test-failures
2026-08-10T23:23:07.5417730Z  * [new branch]      fix/task-yield-polling-races-xcode27     -> origin/fix/task-yield-polling-races-xcode27
2026-08-10T23:23:07.5420770Z  * [new branch]      fix/teleport-77-inner-shell-stall        -> origin/fix/teleport-77-inner-shell-stall
2026-08-10T23:23:07.5423780Z  * [new branch]      fix/teleport-e2e-macos-fixtures          -> origin/fix/teleport-e2e-macos-fixtures
2026-08-10T23:23:07.5427540Z  * [new branch]      fix/testflight-status-filter             -> origin/fix/testflight-status-filter
2026-08-10T23:23:07.5430270Z  * [new branch]      fix/zmx-keyboard-reveal-caret            -> origin/fix/zmx-keyboard-reveal-caret
2026-08-10T23:23:07.5434050Z  * [new branch]      fix/zmx-probes-non-login-shell           -> origin/fix/zmx-probes-non-login-shell
2026-08-10T23:23:07.5436160Z  * [new branch]      main                                     -> origin/main
2026-08-10T23:23:07.5438690Z  * [new branch]      ota-faster-publish                       -> origin/ota-faster-publish
2026-08-10T23:23:07.5441470Z  * [new branch]      ota-url-redesign                         -> origin/ota-url-redesign
2026-08-10T23:23:07.5443590Z  * [new branch]      repro/zmx-scrollback-reload              -> origin/repro/zmx-scrollback-reload
2026-08-10T23:23:07.5445950Z  * [new branch]      revert/icloud-container-script           -> origin/revert/icloud-container-script
2026-08-10T23:23:07.5447940Z  * [new branch]      revert/upstream-sync-pr32                -> origin/revert/upstream-sync-pr32
2026-08-10T23:23:07.5449870Z  * [new branch]      spike/1.10-cert-grpc-sep-key             -> origin/spike/1.10-cert-grpc-sep-key
2026-08-10T23:23:07.5451850Z  * [new branch]      spike/1.11-browser-mfa                   -> origin/spike/1.11-browser-mfa
2026-08-10T23:23:07.5453610Z  * [new branch]      spike/1.12-phase3-logging                -> origin/spike/1.12-phase3-logging
2026-08-10T23:23:07.5455860Z  * [new branch]      spike/1.7-wkwebview-ceremony             -> origin/spike/1.7-wkwebview-ceremony
2026-08-10T23:23:07.5459470Z  * [new branch]      spike/1.9-headless-bootstrap             -> origin/spike/1.9-headless-bootstrap
2026-08-10T23:23:07.5461970Z  * [new branch]      sync/upstream-proper-squash              -> origin/sync/upstream-proper-squash
2026-08-10T23:23:07.5464330Z  * [new branch]      test/ota-pipeline-check                  -> origin/test/ota-pipeline-check
2026-08-10T23:23:07.5521070Z  * [new ref]         15bee864277460ac4adafd7df1b8d4e01d9ac1a5 -> pull/124/merge
2026-08-10T23:23:07.5524870Z ##[endgroup]
2026-08-10T23:23:07.5526220Z ##[group]Determining the checkout info
2026-08-10T23:23:07.5528420Z ##[endgroup]
2026-08-10T23:23:07.5529360Z [command]/opt/homebrew/bin/git sparse-checkout disable
2026-08-10T23:23:07.5532420Z [command]/opt/homebrew/bin/git config --local --unset-all extensions.worktreeConfig
2026-08-10T23:23:07.5535680Z ##[group]Checking out the ref
2026-08-10T23:23:07.5537390Z [command]/opt/homebrew/bin/git checkout --progress --force refs/remotes/pull/124/merge
2026-08-10T23:23:08.0422780Z HEAD is now at 15bee86 Merge 418f8d39eb435af51a1ddfa35044a5f0939a2a9f into e572bb2ff375141920c6e0577df532b69743bd55
2026-08-10T23:23:08.0457630Z ##[endgroup]
2026-08-10T23:23:08.0546680Z [command]/opt/homebrew/bin/git log -1 --format=%H
2026-08-10T23:23:08.0615800Z 15bee864277460ac4adafd7df1b8d4e01d9ac1a5
2026-08-10T23:23:08.0840850Z Prepare all required actions
2026-08-10T23:23:08.0841280Z Getting action download info
2026-08-10T23:23:08.2216010Z Download action repository 'chetan/git-restore-mtime-action@v2' (SHA:d186aca54f8760da4dec55313195e51ed3ebb0b3)
2026-08-10T23:23:08.5057720Z Download action repository 'irgaly/xcode-cache@v1' (SHA:4141f139f00e335c6e1031fb93e667181f86146f)
2026-08-10T23:23:08.9409310Z ##[group]Run ./.github/actions/prepare-xcode-build
2026-08-10T23:23:08.9409600Z with:
2026-08-10T23:23:08.9409800Z   deriveddata-key-prefix: xcode27-deriveddata-ct
2026-08-10T23:23:08.9410180Z   deriveddata-restore-keys: xcode27-deriveddata-ct-VVTerm PR CI-
2026-08-10T23:23:08.9410460Z env:
2026-08-10T23:23:08.9410620Z   HOMEBREW_NO_AUTO_UPDATE: 1
2026-08-10T23:23:08.9410850Z ##[endgroup]
2026-08-10T23:23:08.9455920Z ##[start-action display=Restore source mtimes;id=__self.__chetan_git-restore-mtime-action]
2026-08-10T23:23:08.9496310Z ##[group]Run chetan/git-restore-mtime-action@v2
2026-08-10T23:23:08.9496610Z with:
2026-08-10T23:23:08.9496820Z   args: --commit-time
2026-08-10T23:23:08.9497030Z   working-directory: .
2026-08-10T23:23:08.9497220Z env:
2026-08-10T23:23:08.9497390Z   HOMEBREW_NO_AUTO_UPDATE: 1
2026-08-10T23:23:08.9497590Z ##[endgroup]
2026-08-10T23:23:08.9509740Z ##[start-action display=Run cd "." && "$GITHUB_ACTION_PATH"/git-restore-mtime --commit-time;id=__self.__chetan_git-restore-mtime-action.__run]
2026-08-10T23:23:08.9537440Z ##[group]Run cd "." && "$GITHUB_ACTION_PATH"/git-restore-mtime --commit-time
2026-08-10T23:23:08.9537890Z [36;1mcd "." && "$GITHUB_ACTION_PATH"/git-restore-mtime --commit-time[0m
2026-08-10T23:23:08.9577370Z shell: /bin/bash --noprofile --norc -e -o pipefail {0}
2026-08-10T23:23:08.9577660Z env:
2026-08-10T23:23:08.9577830Z   HOMEBREW_NO_AUTO_UPDATE: 1
2026-08-10T23:23:08.9578050Z ##[endgroup]
2026-08-10T23:23:09.2832720Z 1,300 files to be processed in work dir
2026-08-10T23:23:09.8425240Z Statistics:
2026-08-10T23:23:09.8534970Z          0.67 seconds
2026-08-10T23:23:09.8636210Z         6,224 log lines processed
2026-08-10T23:23:09.8737520Z           598 commits evaluated
2026-08-10T23:23:09.8838700Z           179 directories updated
2026-08-10T23:23:09.8940360Z         1,300 files updated
2026-08-10T23:23:09.9020830Z ##[end-action id=__self.__chetan_git-restore-mtime-action.__run;outcome=success;conclusion=success;duration_ms=950]
2026-08-10T23:23:09.9030690Z ##[end-action id=__self.__chetan_git-restore-mtime-action;outcome=success;conclusion=success;duration_ms=957]
2026-08-10T23:23:09.9033800Z ##[start-action display=Cache DerivedData + SPM SourcePackages (mtime-aware);id=__self.__irgaly_xcode-cache]
2026-08-10T23:23:10.1500090Z ##[group]Run irgaly/xcode-cache@v1
2026-08-10T23:23:10.1500380Z with:
2026-08-10T23:23:10.1500650Z   key: xcode27-deriveddata-ct-VVTerm PR CI-15bee864277460ac4adafd7df1b8d4e01d9ac1a5
2026-08-10T23:23:10.1501010Z   restore-keys: xcode27-deriveddata-ct-VVTerm PR CI-
2026-08-10T23:23:10.1501340Z   deriveddata-directory: /Users/runner/work/_temp/DerivedData
2026-08-10T23:23:10.1501780Z   swiftpm-cache-key: xcode27-spm-d3d2decc7debed42b204d94c8d37ede0e53653e0b716a7810809ed37837824c3
2026-08-10T23:23:10.1502180Z   swiftpm-cache-restore-keys: xcode27-spm-

2026-08-10T23:23:10.1502410Z   use-default-mtime-targets: true
2026-08-10T23:23:10.1502620Z   delete-used-deriveddata-cache: false
2026-08-10T23:23:10.1504580Z   token: ***
2026-08-10T23:23:10.1504710Z   verbose: false
2026-08-10T23:23:10.1504860Z   cache-read-only: false
2026-08-10T23:23:10.1505020Z env:
2026-08-10T23:23:10.1505150Z   HOMEBREW_NO_AUTO_UPDATE: 1
2026-08-10T23:23:10.1505330Z ##[endgroup]
2026-08-10T23:23:10.2555060Z Input parameters:
2026-08-10T23:23:10.2555670Z   key = xcode27-deriveddata-ct-VVTerm PR CI-15bee864277460ac4adafd7df1b8d4e01d9ac1a5
2026-08-10T23:23:10.2556530Z   restoreKeys = xcode27-deriveddata-ct-VVTerm PR CI-
2026-08-10T23:23:10.2556860Z   derivedDataDirectory = /Users/runner/work/_temp/DerivedData
2026-08-10T23:23:10.2557150Z   sourcePackagesDirectory = null
2026-08-10T23:23:10.2557760Z   restoreMtimeTargets = 
2026-08-10T23:23:10.2557960Z   swiftpmPackageResolvedFile = 
2026-08-10T23:23:10.2558380Z   swiftpmCacheKey = xcode27-spm-d3d2decc7debed42b204d94c8d37ede0e53653e0b716a7810809ed37837824c3
2026-08-10T23:23:10.2558800Z   swiftpmCacheRestoreKeys = xcode27-spm-
2026-08-10T23:23:10.2559050Z   useDefaultMtimeTargets = true
2026-08-10T23:23:10.2559280Z   deleteUsedDerivedDataCache = false
2026-08-10T23:23:10.2561870Z   token = ***
2026-08-10T23:23:10.2562040Z   verbose = false
2026-08-10T23:23:10.2562200Z   cacheReadOnly = false
2026-08-10T23:23:10.2562310Z 
2026-08-10T23:23:10.2593070Z [23:23:10]: Restoring DerivedData...
2026-08-10T23:23:10.2593330Z cache key:
2026-08-10T23:23:10.2593620Z   xcode27-deriveddata-ct-VVTerm PR CI-15bee864277460ac4adafd7df1b8d4e01d9ac1a5
2026-08-10T23:23:10.2593960Z restore keys:
2026-08-10T23:23:10.2594160Z   xcode27-deriveddata-ct-VVTerm PR CI-
2026-08-10T23:23:10.5286520Z Cache hit for restore-key: xcode27-deriveddata-ct-VVTerm PR CI-a8795896922c21a860619386ef080e806bbb0bbd
2026-08-10T23:23:11.8232510Z Received 0 of 1489019233 (0.0%), 0.0 MBs/sec
2026-08-10T23:23:12.8301390Z Received 92274688 of 1489019233 (6.2%), 43.7 MBs/sec
2026-08-10T23:23:13.8277960Z Received 163577856 of 1489019233 (11.0%), 51.8 MBs/sec
2026-08-10T23:23:14.8322130Z Received 260046848 of 1489019233 (17.5%), 61.8 MBs/sec
2026-08-10T23:23:15.8311400Z Received 322961408 of 1489019233 (21.7%), 61.4 MBs/sec
2026-08-10T23:23:16.8690170Z Received 402653184 of 1489019233 (27.0%), 63.5 MBs/sec
2026-08-10T23:23:17.8621870Z Received 461373440 of 1489019233 (31.0%), 62.4 MBs/sec
2026-08-10T23:23:18.8707530Z Received 532676608 of 1489019233 (35.8%), 63.1 MBs/sec
2026-08-10T23:23:19.8704810Z Received 595591168 of 1489019233 (40.0%), 62.7 MBs/sec
2026-08-10T23:23:20.8733190Z Received 662700032 of 1489019233 (44.5%), 62.8 MBs/sec
2026-08-10T23:23:21.8732820Z Received 671088640 of 1489019233 (45.1%), 57.9 MBs/sec
2026-08-10T23:23:22.8725550Z Received 734003200 of 1489019233 (49.3%), 58.0 MBs/sec
2026-08-10T23:23:23.8909510Z Received 805306368 of 1489019233 (54.1%), 58.7 MBs/sec
2026-08-10T23:23:24.8911230Z Received 855638016 of 1489019233 (57.5%), 58.0 MBs/sec
2026-08-10T23:23:25.8921880Z Received 918552576 of 1489019233 (61.7%), 58.1 MBs/sec
2026-08-10T23:23:26.8919340Z Received 977272832 of 1489019233 (65.6%), 58.0 MBs/sec
2026-08-10T23:23:27.9215060Z Received 1048576000 of 1489019233 (70.4%), 58.5 MBs/sec
2026-08-10T23:23:28.9033740Z Received 1103101952 of 1489019233 (74.1%), 58.2 MBs/sec
2026-08-10T23:23:29.9010450Z Received 1178599424 of 1489019233 (79.2%), 58.9 MBs/sec
2026-08-10T23:23:30.9167890Z Received 1237319680 of 1489019233 (83.1%), 58.7 MBs/sec
2026-08-10T23:23:31.9028490Z Received 1312817152 of 1489019233 (88.2%), 59.4 MBs/sec
2026-08-10T23:23:32.9026070Z Received 1371537408 of 1489019233 (92.1%), 59.2 MBs/sec
2026-08-10T23:23:33.9029660Z Received 1430257664 of 1489019233 (96.1%), 59.1 MBs/sec
2026-08-10T23:23:34.9032750Z Received 1472200704 of 1489019233 (98.9%), 58.3 MBs/sec
2026-08-10T23:23:35.9049870Z Received 1484824929 of 1489019233 (99.7%), 56.4 MBs/sec
2026-08-10T23:23:35.9151320Z Received 1489019233 of 1489019233 (100.0%), 56.6 MBs/sec
2026-08-10T23:23:35.9248290Z Cache Size: ~1420 MB (1489019233 B)
2026-08-10T23:23:35.9276050Z [command]/opt/homebrew/bin/gtar -xf /Users/runner/work/_temp/ddd5a7cc-9e4a-4d2e-928b-a88c5da19c1f/cache.tzst -P -C /Users/runner/work/vvterm/vvterm --delay-directory-restore --use-compress-program unzstd
2026-08-10T23:23:50.2567750Z Cache restored successfully
2026-08-10T23:23:50.2971160Z Restored cache key:
2026-08-10T23:23:50.2973160Z   xcode27-deriveddata-ct-VVTerm PR CI-a8795896922c21a860619386ef080e806bbb0bbd
2026-08-10T23:23:50.3326630Z Restored to:
2026-08-10T23:23:50.3336310Z   /Users/runner/work/_temp/DerivedData
2026-08-10T23:23:50.3336770Z [23:23:50]: 40.077s
2026-08-10T23:23:50.3337020Z 
2026-08-10T23:23:50.3513300Z There are no SourcePackages directory in DerivedData, skip restoring SourcePackages
2026-08-10T23:23:50.3515800Z 
2026-08-10T23:23:50.3520180Z [23:23:50]: Restoring mtime...
2026-08-10T23:23:50.3531620Z Restoring from:
2026-08-10T23:23:50.3532220Z   /Users/runner/work/_temp/DerivedData/xcode-cache-mtime.json
2026-08-10T23:23:50.3841200Z Restored 6 file's mtimes.
2026-08-10T23:23:50.3843900Z [23:23:50]: 0.033s
2026-08-10T23:23:50.3844320Z 
2026-08-10T23:23:50.3844650Z set-output: restored = true
2026-08-10T23:23:50.3896720Z set-output: restored-key = xcode27-deriveddata-ct-VVTerm PR CI-a8795896922c21a860619386ef080e806bbb0bbd
2026-08-10T23:23:50.4147220Z set-output: swiftpm-restored = false
2026-08-10T23:23:50.4147990Z swiftpm-restored-key will not set
2026-08-10T23:23:50.4366570Z ##[end-action id=__self.__irgaly_xcode-cache;outcome=success;conclusion=success;duration_ms=40533]
2026-08-10T23:23:50.4372290Z ##[start-action display=Clear stale PCM module cache;id=__self.__run]
2026-08-10T23:23:50.4820960Z ##[group]Run rm -rf "$RUNNER_TEMP/DerivedData/ModuleCache.noindex"
2026-08-10T23:23:50.4821560Z [36;1mrm -rf "$RUNNER_TEMP/DerivedData/ModuleCache.noindex"[0m
2026-08-10T23:23:50.5093950Z shell: /bin/bash --noprofile --norc -e -o pipefail {0}
2026-08-10T23:23:50.5094260Z env:
2026-08-10T23:23:50.5094440Z   HOMEBREW_NO_AUTO_UPDATE: 1
2026-08-10T23:23:50.5094780Z ##[endgroup]
2026-08-10T23:23:50.6339910Z ##[end-action id=__self.__run;outcome=success;conclusion=success;duration_ms=196]
2026-08-10T23:23:50.6342230Z ##[start-action display=Download Metal toolchain;id=__self.__run_2]
2026-08-10T23:23:50.6583150Z ##[group]Run xcodebuild -downloadComponent MetalToolchain
2026-08-10T23:23:50.6583530Z [36;1mxcodebuild -downloadComponent MetalToolchain[0m
2026-08-10T23:23:50.6618720Z shell: /bin/bash --noprofile --norc -e -o pipefail {0}
2026-08-10T23:23:50.6619230Z env:
2026-08-10T23:23:50.6619480Z   HOMEBREW_NO_AUTO_UPDATE: 1
2026-08-10T23:23:50.6619790Z ##[endgroup]
2026-08-10T23:23:53.9399970Z Beginning asset download...
2026-08-10T23:23:58.2739370Z Downloading... (84.3 MB of 838.9 MB downloaded)
2026-08-10T23:24:00.2739090Z Downloading... (252.3 MB of 838.9 MB downloaded)
2026-08-10T23:24:02.2687580Z Downloading... (547.9 MB of 838.9 MB downloaded)
2026-08-10T23:24:04.2749140Z Downloading... (757.9 MB of 838.9 MB downloaded)
2026-08-10T23:24:07.9230050Z Downloading... (800.1 MB of 838.9 MB downloaded)
2026-08-10T23:24:07.9362580Z Downloaded asset to: /System/Library/AssetsV2/com_apple_MobileAsset_MetalToolchain/e0303a069097c7034cc5befc63a7a7c2c8ee7720.asset/AssetData/Restore/022-22115-070.dmg
2026-08-10T23:24:07.9406540Z Done downloading: Metal Toolchain 27A5228f.
2026-08-10T23:24:08.0696660Z ##[end-action id=__self.__run_2;outcome=success;conclusion=success;duration_ms=17435]
2026-08-10T23:24:08.0743410Z ##[group]Run set -euo pipefail
2026-08-10T23:24:08.0743860Z [36;1mset -euo pipefail[0m
2026-08-10T23:24:08.0744040Z [36;1m[0m
2026-08-10T23:24:08.0744420Z [36;1m# build-for-testing (not build) so the artifact includes the test[0m
2026-08-10T23:24:08.0744940Z [36;1m# bundles (VVTermTests.xctest + VVTermUITests.xctest) and the[0m
2026-08-10T23:24:08.0745390Z [36;1m# .xctestrun manifest. This lets unit-tests use[0m
2026-08-10T23:24:08.0745850Z [36;1m# `test-without-building` (zero compilation) and lets ui-tests[0m
2026-08-10T23:24:08.0746250Z [36;1m# shards reuse the prebuilt app + test bundles.[0m
2026-08-10T23:24:08.0746590Z [36;1m#[0m
2026-08-10T23:24:08.0746940Z [36;1m# iPhone 17,arch=arm64 — the libssh2 static lib in Vendor/libssh2/ios-simulator[0m
2026-08-10T23:24:08.0747570Z [36;1m# is arm64-only. iPhone 17 exists as a concrete simulator on the iOS 27.0[0m
2026-08-10T23:24:08.0748140Z [36;1m# runtime shipped with Xcode 27; arch=arm64 selects the arm64 slice.[0m
2026-08-10T23:24:08.0748550Z [36;1m#[0m
2026-08-10T23:24:08.0748860Z [36;1m# Ad-hoc sign (CODE_SIGNING_ALLOWED=YES CODE_SIGN_IDENTITY=-) so the[0m
2026-08-10T23:24:08.0750020Z [36;1m# sim app embeds com.apple.security.network.client from[0m
2026-08-10T23:24:08.0750470Z [36;1m# VVTerm.entitlements. An UNSIGNED sim app has no entitlements and[0m
2026-08-10T23:24:08.0751010Z [36;1m# the iOS sim sandbox parks Network.framework connections of[0m
2026-08-10T23:24:08.0751490Z [36;1m# unentitled apps in .waiting(.waitingForNetwork) forever — this[0m
2026-08-10T23:24:08.0751920Z [36;1m# wedges the network monitor (NWPathMonitor), which gates the[0m
2026-08-10T23:24:08.0752410Z [36;1m# terminal's initial connect, so the loopback-SSH fixture tests[0m
2026-08-10T23:24:08.0752900Z [36;1m# (zen full-screen, reconnect, keyboard) could never connect. Same[0m
2026-08-10T23:24:08.0753420Z [36;1m# reasoning as repro-zmx.yml / teleport-e2e.yml.[0m
2026-08-10T23:24:08.0753750Z [36;1mxcodebuild build-for-testing \[0m
2026-08-10T23:24:08.0754080Z [36;1m  -scheme VVTerm \[0m
2026-08-10T23:24:08.0754370Z [36;1m  -configuration Debug \[0m
2026-08-10T23:24:08.0754790Z [36;1m  -destination "platform=iOS Simulator,name=iPhone 17,arch=arm64" \[0m
2026-08-10T23:24:08.0755200Z [36;1m  -derivedDataPath "$RUNNER_TEMP/DerivedData" \[0m
2026-08-10T23:24:08.0755620Z [36;1m  CODE_SIGNING_ALLOWED=YES CODE_SIGN_IDENTITY=- \[0m
2026-08-10T23:24:08.0756010Z [36;1m  | tee "$RUNNER_TEMP/build.log"[0m
2026-08-10T23:24:08.2734840Z shell: /bin/bash -e {0}
2026-08-10T23:24:08.2735150Z env:
2026-08-10T23:24:08.2735360Z   HOMEBREW_NO_AUTO_UPDATE: 1
2026-08-10T23:24:08.2735660Z ##[endgroup]
2026-08-10T23:24:09.2338440Z Command line invocation:
2026-08-10T23:24:09.2345500Z     /Applications/Xcode_27_beta_4.app/Contents/Developer/usr/bin/xcodebuild build-for-testing -scheme VVTerm -configuration Debug -destination "platform=iOS Simulator,name=iPhone 17,arch=arm64" -derivedDataPath /Users/runner/work/_temp/DerivedData CODE_SIGNING_ALLOWED=YES CODE_SIGN_IDENTITY=-
2026-08-10T23:24:09.2381340Z 
2026-08-10T23:24:09.2383150Z Build settings from command line:
2026-08-10T23:24:09.2402840Z     CODE_SIGN_IDENTITY = -
2026-08-10T23:24:09.2405550Z     CODE_SIGNING_ALLOWED = YES
2026-08-10T23:24:09.2406010Z 
2026-08-10T23:24:10.3529000Z Resolve Package Graph
2026-08-10T23:24:30.5066750Z 
2026-08-10T23:24:30.5167500Z 
2026-08-10T23:24:30.5268840Z Resolved source packages:
2026-08-10T23:24:30.5370690Z   ZIPFoundation: https://github.com/weichsel/ZIPFoundation.git @ 0.9.9
2026-08-10T23:24:30.5472550Z   Umami: https://github.com/wiedymi/swift-umami @ main (e7a14c1)
2026-08-10T23:24:30.5574300Z   swift-nio-transport-services: https://github.com/apple/swift-nio-transport-services.git @ 1.28.0
2026-08-10T23:24:30.5593960Z   Cloudflared: https://github.com/wiedymi/swift-cloudflared.git @ 0.1.2
2026-08-10T23:24:30.5605060Z   swift-atomics: https://github.com/apple/swift-atomics.git @ 1.3.1
2026-08-10T23:24:30.5610550Z   swift-nio: https://github.com/apple/swift-nio.git @ 2.101.3
2026-08-10T23:24:30.5618110Z   swift-mosh: https://github.com/wiedymi/swift-mosh @ 0.1.8
2026-08-10T23:24:30.5632770Z   swift-et: https://github.com/wiedymi/swift-et @ 0.1.5
2026-08-10T23:24:30.5648370Z   swift-system: https://github.com/apple/swift-system.git @ 1.7.5
2026-08-10T23:24:30.5654400Z   swift-numerics: https://github.com/apple/swift-numerics @ 1.1.1
2026-08-10T23:24:30.5660420Z   SwiftProtobuf: https://github.com/apple/swift-protobuf.git @ 1.38.1
2026-08-10T23:24:30.5664770Z   swift-nio-http2: https://github.com/apple/swift-nio-http2.git @ 1.45.0
2026-08-10T23:24:30.5667530Z   mlx-swift: https://github.com/ml-explore/mlx-swift @ 0.29.1
2026-08-10T23:24:30.5675780Z   TweetNacl: https://github.com/bitmark-inc/tweetnacl-swiftwrap.git @ 1.1.0
2026-08-10T23:24:30.5685070Z   swift-collections: https://github.com/apple/swift-collections.git @ 1.6.0
2026-08-10T23:24:30.5688150Z 
2026-08-10T23:24:30.7362100Z note: Using codesigning identity override: -
2026-08-10T23:24:31.2495070Z ComputePackagePrebuildTargetDependencyGraph
2026-08-10T23:24:32.8112840Z 
2026-08-10T23:24:32.8146090Z Prepare packages
2026-08-10T23:24:32.8146650Z 
2026-08-10T23:24:32.8183160Z CreateBuildRequest
2026-08-10T23:24:32.8183600Z 
2026-08-10T23:24:32.8183900Z SendProjectDescription
2026-08-10T23:24:33.1527710Z 
2026-08-10T23:24:33.1528150Z CreateBuildOperation
2026-08-10T23:24:33.1628210Z 
2026-08-10T23:24:33.1639020Z ComputeTargetDependencyGraph
2026-08-10T23:24:34.0402990Z note: Building targets in dependency order
2026-08-10T23:24:34.0588210Z note: Target dependency graph (89 targets)
2026-08-10T23:24:34.0590090Z     Target 'VVTermUITests' in project 'VVTerm'
2026-08-10T23:24:34.0597090Z         ➜ Explicit dependency on target 'VVTerm' in project 'VVTerm'
2026-08-10T23:24:34.0598760Z     Target 'VVTermTests' in project 'VVTerm'
2026-08-10T23:24:34.0600740Z         ➜ Explicit dependency on target 'VVTerm' in project 'VVTerm'
2026-08-10T23:24:34.0601590Z         ➜ Explicit dependency on target 'ETSession-product' in project 'swift-et'
2026-08-10T23:24:34.0602620Z     Target 'VVTerm' in project 'VVTerm'
2026-08-10T23:24:34.0603860Z         ➜ Explicit dependency on target 'VVTermLiveActivity' in project 'VVTerm'
2026-08-10T23:24:34.0604750Z         ➜ Explicit dependency on target 'ZIPFoundation-product' in project 'ZIPFoundation'
2026-08-10T23:24:34.0605490Z         ➜ Explicit dependency on target 'MLXFFT-product' in project 'mlx-swift'
2026-08-10T23:24:34.0606730Z         ➜ Explicit dependency on target 'MLXNN-product' in project 'mlx-swift'
2026-08-10T23:24:34.0607690Z         ➜ Explicit dependency on target 'MLX-product' in project 'mlx-swift'
2026-08-10T23:24:34.0608490Z         ➜ Explicit dependency on target 'Cloudflared-product' in project 'Cloudflared'
2026-08-10T23:24:34.0609550Z         ➜ Explicit dependency on target 'MoshCore-product' in project 'swift-mosh'
2026-08-10T23:24:34.0610300Z         ➜ Explicit dependency on target 'MoshBootstrap-product' in project 'swift-mosh'
2026-08-10T23:24:34.0610930Z         ➜ Explicit dependency on target 'ETSession-product' in project 'swift-et'
2026-08-10T23:24:34.0611600Z         ➜ Explicit dependency on target 'ETBootstrap-product' in project 'swift-et'
2026-08-10T23:24:34.0612230Z         ➜ Explicit dependency on target 'Umami-product' in project 'Umami'
2026-08-10T23:24:34.0612730Z         ➜ Explicit dependency on target 'NIOCore-product' in project 'swift-nio'
2026-08-10T23:24:34.0613460Z         ➜ Explicit dependency on target 'NIOHTTP1-product' in project 'swift-nio'
2026-08-10T23:24:34.0614020Z         ➜ Explicit dependency on target 'NIOHTTP2-product' in project 'swift-nio-http2'
2026-08-10T23:24:34.0614890Z         ➜ Explicit dependency on target 'NIOTransportServices-product' in project 'swift-nio-transport-services'
2026-08-10T23:24:34.0615620Z         ➜ Explicit dependency on target 'SwiftProtobuf-product' in project 'SwiftProtobuf'
2026-08-10T23:24:34.0616160Z     Target 'NIOTransportServices-product' in project 'swift-nio-transport-services'
2026-08-10T23:24:34.0617700Z         ➜ Explicit dependency on target 'NIOTransportServices' in project 'swift-nio-transport-services'
2026-08-10T23:24:34.0618870Z         ➜ Explicit dependency on target 'NIO-product' in project 'swift-nio'
2026-08-10T23:24:34.0619490Z         ➜ Explicit dependency on target 'NIOCore-product' in project 'swift-nio'
2026-08-10T23:24:34.0620040Z         ➜ Explicit dependency on target 'NIOFoundationCompat-product' in project 'swift-nio'
2026-08-10T23:24:34.0620730Z         ➜ Explicit dependency on target 'NIOTLS-product' in project 'swift-nio'
2026-08-10T23:24:34.0621300Z         ➜ Explicit dependency on target 'Atomics-product' in project 'swift-atomics'
2026-08-10T23:24:34.0621780Z     Target 'NIOTransportServices' in project 'swift-nio-transport-services'
2026-08-10T23:24:34.0622320Z         ➜ Explicit dependency on target 'NIO-product' in project 'swift-nio'
2026-08-10T23:24:34.0622870Z         ➜ Explicit dependency on target 'NIOCore-product' in project 'swift-nio'
2026-08-10T23:24:34.0623520Z         ➜ Explicit dependency on target 'NIOFoundationCompat-product' in project 'swift-nio'
2026-08-10T23:24:34.0624680Z         ➜ Explicit dependency on target 'NIOTLS-product' in project 'swift-nio'
2026-08-10T23:24:34.0625270Z         ➜ Explicit dependency on target 'Atomics-product' in project 'swift-atomics'
2026-08-10T23:24:34.0625820Z     Target 'NIOFoundationCompat-product' in project 'swift-nio'
2026-08-10T23:24:34.0626400Z         ➜ Explicit dependency on target 'NIOFoundationCompat' in project 'swift-nio'
2026-08-10T23:24:34.0626980Z         ➜ Explicit dependency on target 'CNIOAtomics' in project 'swift-nio'
2026-08-10T23:24:34.0627770Z         ➜ Explicit dependency on target 'NIOConcurrencyHelpers' in project 'swift-nio'
2026-08-10T23:24:34.0628310Z         ➜ Explicit dependency on target '_NIOBase64' in project 'swift-nio'
2026-08-10T23:24:34.0628900Z         ➜ Explicit dependency on target 'CNIOOpenBSD' in project 'swift-nio'
2026-08-10T23:24:34.0629400Z         ➜ Explicit dependency on target 'CNIOFreeBSD' in project 'swift-nio'
2026-08-10T23:24:34.0629970Z         ➜ Explicit dependency on target 'CNIODarwin' in project 'swift-nio'
2026-08-10T23:24:34.0630450Z         ➜ Explicit dependency on target 'CNIOLinux' in project 'swift-nio'
2026-08-10T23:24:34.0631050Z         ➜ Explicit dependency on target 'CNIOWindows' in project 'swift-nio'
2026-08-10T23:24:34.0631720Z         ➜ Explicit dependency on target 'CNIOWASI' in project 'swift-nio'
2026-08-10T23:24:34.0632220Z         ➜ Explicit dependency on target '_NIODataStructures' in project 'swift-nio'
2026-08-10T23:24:34.0632790Z         ➜ Explicit dependency on target 'NIOCore' in project 'swift-nio'
2026-08-10T23:24:34.0633290Z         ➜ Explicit dependency on target 'NIOEmbedded' in project 'swift-nio'
2026-08-10T23:24:34.0633860Z         ➜ Explicit dependency on target 'CNIOPosix' in project 'swift-nio'
2026-08-10T23:24:34.0634420Z         ➜ Explicit dependency on target 'NIOPosix' in project 'swift-nio'
2026-08-10T23:24:34.0634870Z         ➜ Explicit dependency on target 'NIO' in project 'swift-nio'
2026-08-10T23:24:34.0635410Z         ➜ Explicit dependency on target 'NIOFoundationEssentialsCompat' in project 'swift-nio'
2026-08-10T23:24:34.0636040Z         ➜ Explicit dependency on target 'DequeModule-product' in project 'swift-collections'
2026-08-10T23:24:34.0636660Z         ➜ Explicit dependency on target 'Atomics-product' in project 'swift-atomics'
2026-08-10T23:24:34.0637060Z     Target 'NIOFoundationCompat' in project 'swift-nio'
2026-08-10T23:24:34.0637500Z         ➜ Explicit dependency on target 'CNIOAtomics' in project 'swift-nio'
2026-08-10T23:24:34.0638130Z         ➜ Explicit dependency on target 'NIOConcurrencyHelpers' in project 'swift-nio'
2026-08-10T23:24:34.0638620Z         ➜ Explicit dependency on target '_NIOBase64' in project 'swift-nio'
2026-08-10T23:24:34.0639190Z         ➜ Explicit dependency on target 'CNIOOpenBSD' in project 'swift-nio'
2026-08-10T23:24:34.0640030Z         ➜ Explicit dependency on target 'CNIOFreeBSD' in project 'swift-nio'
2026-08-10T23:24:34.0640640Z         ➜ Explicit dependency on target 'CNIODarwin' in project 'swift-nio'
2026-08-10T23:24:34.0641200Z         ➜ Explicit dependency on target 'CNIOLinux' in project 'swift-nio'
2026-08-10T23:24:34.0641700Z         ➜ Explicit dependency on target 'CNIOWindows' in project 'swift-nio'
2026-08-10T23:24:34.0642630Z         ➜ Explicit dependency on target 'CNIOWASI' in project 'swift-nio'
2026-08-10T23:24:34.0643110Z         ➜ Explicit dependency on target '_NIODataStructures' in project 'swift-nio'
2026-08-10T23:24:34.0643610Z         ➜ Explicit dependency on target 'NIOCore' in project 'swift-nio'
2026-08-10T23:24:34.0644180Z         ➜ Explicit dependency on target 'NIOEmbedded' in project 'swift-nio'
2026-08-10T23:24:34.0644630Z         ➜ Explicit dependency on target 'CNIOPosix' in project 'swift-nio'
2026-08-10T23:24:34.0645170Z         ➜ Explicit dependency on target 'NIOPosix' in project 'swift-nio'
2026-08-10T23:24:34.0646110Z         ➜ Explicit dependency on target 'NIO' in project 'swift-nio'
2026-08-10T23:24:34.0646950Z         ➜ Explicit dependency on target 'NIOFoundationEssentialsCompat' in project 'swift-nio'
2026-08-10T23:24:34.0647860Z         ➜ Explicit dependency on target 'DequeModule-product' in project 'swift-collections'
2026-08-10T23:24:34.0648480Z         ➜ Explicit dependency on target 'Atomics-product' in project 'swift-atomics'
2026-08-10T23:24:34.0649030Z     Target 'NIOFoundationEssentialsCompat' in project 'swift-nio'
2026-08-10T23:24:34.0649540Z         ➜ Explicit dependency on target 'CNIOAtomics' in project 'swift-nio'
2026-08-10T23:24:34.0650050Z         ➜ Explicit dependency on target 'NIOConcurrencyHelpers' in project 'swift-nio'
2026-08-10T23:24:34.0650670Z         ➜ Explicit dependency on target '_NIOBase64' in project 'swift-nio'
2026-08-10T23:24:34.0651380Z         ➜ Explicit dependency on target 'CNIOOpenBSD' in project 'swift-nio'
2026-08-10T23:24:34.0652040Z         ➜ Explicit dependency on target 'CNIOFreeBSD' in project 'swift-nio'
2026-08-10T23:24:34.0652550Z         ➜ Explicit dependency on target 'CNIODarwin' in project 'swift-nio'
2026-08-10T23:24:34.0653090Z         ➜ Explicit dependency on target 'CNIOLinux' in project 'swift-nio'
2026-08-10T23:24:34.0653570Z         ➜ Explicit dependency on target 'CNIOWindows' in project 'swift-nio'
2026-08-10T23:24:34.0654070Z         ➜ Explicit dependency on target 'CNIOWASI' in project 'swift-nio'
2026-08-10T23:24:34.0654660Z         ➜ Explicit dependency on target '_NIODataStructures' in project 'swift-nio'
2026-08-10T23:24:34.0655140Z         ➜ Explicit dependency on target 'NIOCore' in project 'swift-nio'
2026-08-10T23:24:34.0655760Z         ➜ Explicit dependency on target 'DequeModule-product' in project 'swift-collections'
2026-08-10T23:24:34.0656510Z         ➜ Explicit dependency on target 'Atomics-product' in project 'swift-atomics'
2026-08-10T23:24:34.0657070Z     Target 'NIOHTTP2-product' in project 'swift-nio-http2'
2026-08-10T23:24:34.0657710Z         ➜ Explicit dependency on target 'NIOHTTP2' in project 'swift-nio-http2'
2026-08-10T23:24:34.0658290Z         ➜ Explicit dependency on target 'NIOHPACK' in project 'swift-nio-http2'
2026-08-10T23:24:34.0658790Z         ➜ Explicit dependency on target 'NIO-product' in project 'swift-nio'
2026-08-10T23:24:34.0659410Z         ➜ Explicit dependency on target 'NIOCore-product' in project 'swift-nio'
2026-08-10T23:24:34.0659940Z         ➜ Explicit dependency on target 'NIOConcurrencyHelpers-product' in project 'swift-nio'
2026-08-10T23:24:34.0660590Z         ➜ Explicit dependency on target 'NIOHTTP1-product' in project 'swift-nio'
2026-08-10T23:24:34.0661140Z         ➜ Explicit dependency on target 'NIOTLS-product' in project 'swift-nio'
2026-08-10T23:24:34.0661640Z         ➜ Explicit dependency on target 'Atomics-product' in project 'swift-atomics'
2026-08-10T23:24:34.0662070Z     Target 'NIOHTTP2' in project 'swift-nio-http2'
2026-08-10T23:24:34.0662670Z         ➜ Explicit dependency on target 'NIOHPACK' in project 'swift-nio-http2'
2026-08-10T23:24:34.0663270Z         ➜ Explicit dependency on target 'NIO-product' in project 'swift-nio'
2026-08-10T23:24:34.0663750Z         ➜ Explicit dependency on target 'NIOCore-product' in project 'swift-nio'
2026-08-10T23:24:34.0664540Z         ➜ Explicit dependency on target 'NIOConcurrencyHelpers-product' in project 'swift-nio'
2026-08-10T23:24:34.0665070Z         ➜ Explicit dependency on target 'NIOHTTP1-product' in project 'swift-nio'
2026-08-10T23:24:34.0665620Z         ➜ Explicit dependency on target 'NIOTLS-product' in project 'swift-nio'
2026-08-10T23:24:34.0666100Z         ➜ Explicit dependency on target 'Atomics-product' in project 'swift-atomics'
2026-08-10T23:24:34.0666540Z     Target 'NIOTLS-product' in project 'swift-nio'
2026-08-10T23:24:34.0667090Z         ➜ Explicit dependency on target 'NIOTLS' in project 'swift-nio'
2026-08-10T23:24:34.0667560Z         ➜ Explicit dependency on target 'CNIOAtomics' in project 'swift-nio'
2026-08-10T23:24:34.0668100Z         ➜ Explicit dependency on target 'NIOConcurrencyHelpers' in project 'swift-nio'
2026-08-10T23:24:34.0668930Z         ➜ Explicit dependency on target '_NIOBase64' in project 'swift-nio'
2026-08-10T23:24:34.0669430Z         ➜ Explicit dependency on target 'CNIOOpenBSD' in project 'swift-nio'
2026-08-10T23:24:34.0669940Z         ➜ Explicit dependency on target 'CNIOFreeBSD' in project 'swift-nio'
2026-08-10T23:24:34.0670460Z         ➜ Explicit dependency on target 'CNIODarwin' in project 'swift-nio'
2026-08-10T23:24:34.0671030Z         ➜ Explicit dependency on target 'CNIOLinux' in project 'swift-nio'
2026-08-10T23:24:34.0671490Z         ➜ Explicit dependency on target 'CNIOWindows' in project 'swift-nio'
2026-08-10T23:24:34.0672010Z         ➜ Explicit dependency on target 'CNIOWASI' in project 'swift-nio'
2026-08-10T23:24:34.0672480Z         ➜ Explicit dependency on target '_NIODataStructures' in project 'swift-nio'
2026-08-10T23:24:34.0673010Z         ➜ Explicit dependency on target 'NIOCore' in project 'swift-nio'
2026-08-10T23:24:34.0673510Z         ➜ Explicit dependency on target 'NIOEmbedded' in project 'swift-nio'
2026-08-10T23:24:34.0673990Z         ➜ Explicit dependency on target 'CNIOPosix' in project 'swift-nio'
2026-08-10T23:24:34.0674480Z         ➜ Explicit dependency on target 'NIOPosix' in project 'swift-nio'
2026-08-10T23:24:34.0674970Z         ➜ Explicit dependency on target 'NIO' in project 'swift-nio'
2026-08-10T23:24:34.0675520Z         ➜ Explicit dependency on target 'DequeModule-product' in project 'swift-collections'
2026-08-10T23:24:34.0676100Z         ➜ Explicit dependency on target 'Atomics-product' in project 'swift-atomics'
2026-08-10T23:24:34.0676540Z     Target 'NIOTLS' in project 'swift-nio'
2026-08-10T23:24:34.0676950Z         ➜ Explicit dependency on target 'CNIOAtomics' in project 'swift-nio'
2026-08-10T23:24:34.0677440Z         ➜ Explicit dependency on target 'NIOConcurrencyHelpers' in project 'swift-nio'
2026-08-10T23:24:34.0678030Z         ➜ Explicit dependency on target '_NIOBase64' in project 'swift-nio'
2026-08-10T23:24:34.0678480Z         ➜ Explicit dependency on target 'CNIOOpenBSD' in project 'swift-nio'
2026-08-10T23:24:34.0679000Z         ➜ Explicit dependency on target 'CNIOFreeBSD' in project 'swift-nio'
2026-08-10T23:24:34.0679540Z         ➜ Explicit dependency on target 'CNIODarwin' in project 'swift-nio'
2026-08-10T23:24:34.0679990Z         ➜ Explicit dependency on target 'CNIOLinux' in project 'swift-nio'
2026-08-10T23:24:34.0680490Z         ➜ Explicit dependency on target 'CNIOWindows' in project 'swift-nio'
2026-08-10T23:24:34.0680930Z         ➜ Explicit dependency on target 'CNIOWASI' in project 'swift-nio'
2026-08-10T23:24:34.0681470Z         ➜ Explicit dependency on target '_NIODataStructures' in project 'swift-nio'
2026-08-10T23:24:34.0682000Z         ➜ Explicit dependency on target 'NIOCore' in project 'swift-nio'
2026-08-10T23:24:34.0682560Z         ➜ Explicit dependency on target 'NIOEmbedded' in project 'swift-nio'
2026-08-10T23:24:34.0683790Z         ➜ Explicit dependency on target 'CNIOPosix' in project 'swift-nio'
2026-08-10T23:24:34.0684330Z         ➜ Explicit dependency on target 'NIOPosix' in project 'swift-nio'
2026-08-10T23:24:34.0684810Z         ➜ Explicit dependency on target 'NIO' in project 'swift-nio'
2026-08-10T23:24:34.0685310Z         ➜ Explicit dependency on target 'DequeModule-product' in project 'swift-collections'
2026-08-10T23:24:34.0685960Z         ➜ Explicit dependency on target 'Atomics-product' in project 'swift-atomics'
2026-08-10T23:24:34.0686530Z     Target 'NIOHPACK' in project 'swift-nio-http2'
2026-08-10T23:24:34.0686960Z         ➜ Explicit dependency on target 'NIO-product' in project 'swift-nio'
2026-08-10T23:24:34.0687530Z         ➜ Explicit dependency on target 'NIOCore-product' in project 'swift-nio'
2026-08-10T23:24:34.0688080Z         ➜ Explicit dependency on target 'NIOConcurrencyHelpers-product' in project 'swift-nio'
2026-08-10T23:24:34.0688700Z         ➜ Explicit dependency on target 'NIOHTTP1-product' in project 'swift-nio'
2026-08-10T23:24:34.0689190Z     Target 'NIOConcurrencyHelpers-product' in project 'swift-nio'
2026-08-10T23:24:34.0689870Z         ➜ Explicit dependency on target 'NIOConcurrencyHelpers' in project 'swift-nio'
2026-08-10T23:24:34.0690430Z         ➜ Explicit dependency on target 'CNIOAtomics' in project 'swift-nio'
2026-08-10T23:24:34.0690800Z     Target 'NIO-product' in project 'swift-nio'
2026-08-10T23:24:34.0691220Z         ➜ Explicit dependency on target 'NIO' in project 'swift-nio'
2026-08-10T23:24:34.0691670Z         ➜ Explicit dependency on target 'CNIOAtomics' in project 'swift-nio'
2026-08-10T23:24:34.0692200Z         ➜ Explicit dependency on target 'NIOConcurrencyHelpers' in project 'swift-nio'
2026-08-10T23:24:34.0692790Z         ➜ Explicit dependency on target '_NIOBase64' in project 'swift-nio'
2026-08-10T23:24:34.0693250Z         ➜ Explicit dependency on target 'CNIOOpenBSD' in project 'swift-nio'
2026-08-10T23:24:34.0693800Z         ➜ Explicit dependency on target 'CNIOFreeBSD' in project 'swift-nio'
2026-08-10T23:24:34.0694320Z         ➜ Explicit dependency on target 'CNIODarwin' in project 'swift-nio'
2026-08-10T23:24:34.0694840Z         ➜ Explicit dependency on target 'CNIOLinux' in project 'swift-nio'
2026-08-10T23:24:34.0695400Z         ➜ Explicit dependency on target 'CNIOWindows' in project 'swift-nio'
2026-08-10T23:24:34.0695850Z         ➜ Explicit dependency on target 'CNIOWASI' in project 'swift-nio'
2026-08-10T23:24:34.0696440Z         ➜ Explicit dependency on target '_NIODataStructures' in project 'swift-nio'
2026-08-10T23:24:34.0696910Z         ➜ Explicit dependency on target 'NIOCore' in project 'swift-nio'
2026-08-10T23:24:34.0697440Z         ➜ Explicit dependency on target 'NIOEmbedded' in project 'swift-nio'
2026-08-10T23:24:34.0697900Z         ➜ Explicit dependency on target 'CNIOPosix' in project 'swift-nio'
2026-08-10T23:24:34.0698430Z         ➜ Explicit dependency on target 'NIOPosix' in project 'swift-nio'
2026-08-10T23:24:34.0699000Z         ➜ Explicit dependency on target 'DequeModule-product' in project 'swift-collections'
2026-08-10T23:24:34.0699590Z         ➜ Explicit dependency on target 'Atomics-product' in project 'swift-atomics'
2026-08-10T23:24:34.0701320Z     Target 'NIOHTTP1-product' in project 'swift-nio'
2026-08-10T23:24:34.0701930Z         ➜ Explicit dependency on target 'NIOHTTP1' in project 'swift-nio'
2026-08-10T23:24:34.0702550Z         ➜ Explicit dependency on target 'CNIOAtomics' in project 'swift-nio'
2026-08-10T23:24:34.0703110Z         ➜ Explicit dependency on target 'NIOConcurrencyHelpers' in project 'swift-nio'
2026-08-10T23:24:34.0703610Z         ➜ Explicit dependency on target '_NIOBase64' in project 'swift-nio'
2026-08-10T23:24:34.0704170Z         ➜ Explicit dependency on target 'CNIOOpenBSD' in project 'swift-nio'
2026-08-10T23:24:34.0705730Z         ➜ Explicit dependency on target 'CNIOFreeBSD' in project 'swift-nio'
2026-08-10T23:24:34.0706290Z         ➜ Explicit dependency on target 'CNIODarwin' in project 'swift-nio'
2026-08-10T23:24:34.0706940Z         ➜ Explicit dependency on target 'CNIOLinux' in project 'swift-nio'
2026-08-10T23:24:34.0707440Z         ➜ Explicit dependency on target 'CNIOWindows' in project 'swift-nio'
2026-08-10T23:24:34.0710340Z         ➜ Explicit dependency on target 'CNIOWASI' in project 'swift-nio'
2026-08-10T23:24:34.0710840Z         ➜ Explicit dependency on target '_NIODataStructures' in project 'swift-nio'
2026-08-10T23:24:34.0711400Z         ➜ Explicit dependency on target 'NIOCore' in project 'swift-nio'
2026-08-10T23:24:34.0711950Z         ➜ Explicit dependency on target 'NIOEmbedded' in project 'swift-nio'
2026-08-10T23:24:34.0712420Z         ➜ Explicit dependency on target 'CNIOPosix' in project 'swift-nio'
2026-08-10T23:24:34.0712880Z         ➜ Explicit dependency on target 'NIOPosix' in project 'swift-nio'
2026-08-10T23:24:34.0713350Z         ➜ Explicit dependency on target 'NIO' in project 'swift-nio'
2026-08-10T23:24:34.0713850Z         ➜ Explicit dependency on target 'CNIOLLHTTP' in project 'swift-nio'
2026-08-10T23:24:34.0714400Z         ➜ Explicit dependency on target 'DequeModule-product' in project 'swift-collections'
2026-08-10T23:24:34.0715320Z         ➜ Explicit dependency on target 'Atomics-product' in project 'swift-atomics'
2026-08-10T23:24:34.0715720Z     Target 'NIOHTTP1' in project 'swift-nio'
2026-08-10T23:24:34.0716140Z         ➜ Explicit dependency on target 'CNIOAtomics' in project 'swift-nio'
2026-08-10T23:24:34.0716680Z         ➜ Explicit dependency on target 'NIOConcurrencyHelpers' in project 'swift-nio'
2026-08-10T23:24:34.0717230Z         ➜ Explicit dependency on target '_NIOBase64' in project 'swift-nio'
2026-08-10T23:24:34.0717760Z         ➜ Explicit dependency on target 'CNIOOpenBSD' in project 'swift-nio'
2026-08-10T23:24:34.0718270Z         ➜ Explicit dependency on target 'CNIOFreeBSD' in project 'swift-nio'
2026-08-10T23:24:34.0718720Z         ➜ Explicit dependency on target 'CNIODarwin' in project 'swift-nio'
2026-08-10T23:24:34.0719200Z         ➜ Explicit dependency on target 'CNIOLinux' in project 'swift-nio'
2026-08-10T23:24:34.0719640Z         ➜ Explicit dependency on target 'CNIOWindows' in project 'swift-nio'
2026-08-10T23:24:34.0734170Z         ➜ Explicit dependency on target 'CNIOWASI' in project 'swift-nio'
2026-08-10T23:24:34.0734650Z         ➜ Explicit dependency on target '_NIODataStructures' in project 'swift-nio'
2026-08-10T23:24:34.0735080Z         ➜ Explicit dependency on target 'NIOCore' in project 'swift-nio'
2026-08-10T23:24:34.0735470Z         ➜ Explicit dependency on target 'NIOEmbedded' in project 'swift-nio'
2026-08-10T23:24:34.0735920Z         ➜ Explicit dependency on target 'CNIOPosix' in project 'swift-nio'
2026-08-10T23:24:34.0736310Z         ➜ Explicit dependency on target 'NIOPosix' in project 'swift-nio'
2026-08-10T23:24:34.0736690Z         ➜ Explicit dependency on target 'NIO' in project 'swift-nio'
2026-08-10T23:24:34.0737210Z         ➜ Explicit dependency on target 'CNIOLLHTTP' in project 'swift-nio'
2026-08-10T23:24:34.0738050Z         ➜ Explicit dependency on target 'DequeModule-product' in project 'swift-collections'
2026-08-10T23:24:34.0738840Z         ➜ Explicit dependency on target 'Atomics-product' in project 'swift-atomics'
2026-08-10T23:24:34.0739560Z     Target 'CNIOLLHTTP' in project 'swift-nio' (no dependencies)
2026-08-10T23:24:34.0740110Z     Target 'NIO' in project 'swift-nio'
2026-08-10T23:24:34.0740650Z         ➜ Explicit dependency on target 'CNIOAtomics' in project 'swift-nio'
2026-08-10T23:24:34.0741450Z         ➜ Explicit dependency on target 'NIOConcurrencyHelpers' in project 'swift-nio'
2026-08-10T23:24:34.0742220Z         ➜ Explicit dependency on target '_NIOBase64' in project 'swift-nio'
2026-08-10T23:24:34.0742770Z         ➜ Explicit dependency on target 'CNIOOpenBSD' in project 'swift-nio'
2026-08-10T23:24:34.0744590Z         ➜ Explicit dependency on target 'CNIOFreeBSD' in project 'swift-nio'
2026-08-10T23:24:34.0745180Z         ➜ Explicit dependency on target 'CNIODarwin' in project 'swift-nio'
2026-08-10T23:24:34.0747440Z         ➜ Explicit dependency on target 'CNIOLinux' in project 'swift-nio'
2026-08-10T23:24:34.0748910Z         ➜ Explicit dependency on target 'CNIOWindows' in project 'swift-nio'
2026-08-10T23:24:34.0750620Z         ➜ Explicit dependency on target 'CNIOWASI' in project 'swift-nio'
2026-08-10T23:24:34.0751060Z         ➜ Explicit dependency on target '_NIODataStructures' in project 'swift-nio'
2026-08-10T23:24:34.0751470Z         ➜ Explicit dependency on target 'NIOCore' in project 'swift-nio'
2026-08-10T23:24:34.0751880Z         ➜ Explicit dependency on target 'NIOEmbedded' in project 'swift-nio'
2026-08-10T23:24:34.0752280Z         ➜ Explicit dependency on target 'CNIOPosix' in project 'swift-nio'
2026-08-10T23:24:34.0753980Z         ➜ Explicit dependency on target 'NIOPosix' in project 'swift-nio'
2026-08-10T23:24:34.0754470Z         ➜ Explicit dependency on target 'DequeModule-product' in project 'swift-collections'
2026-08-10T23:24:34.0754970Z         ➜ Explicit dependency on target 'Atomics-product' in project 'swift-atomics'
2026-08-10T23:24:34.0755310Z     Target 'NIOPosix' in project 'swift-nio'
2026-08-10T23:24:34.0758630Z         ➜ Explicit dependency on target 'swift-nio_NIOPosix' in project 'swift-nio'
2026-08-10T23:24:34.0759060Z         ➜ Explicit dependency on target 'CNIOOpenBSD' in project 'swift-nio'
2026-08-10T23:24:34.0759480Z         ➜ Explicit dependency on target 'CNIOLinux' in project 'swift-nio'
2026-08-10T23:24:34.0759870Z         ➜ Explicit dependency on target 'CNIODarwin' in project 'swift-nio'
2026-08-10T23:24:34.0760290Z         ➜ Explicit dependency on target 'CNIOWindows' in project 'swift-nio'
2026-08-10T23:24:34.0760900Z         ➜ Explicit dependency on target 'CNIOAtomics' in project 'swift-nio'
2026-08-10T23:24:34.0761340Z         ➜ Explicit dependency on target 'NIOConcurrencyHelpers' in project 'swift-nio'
2026-08-10T23:24:34.0761780Z         ➜ Explicit dependency on target '_NIOBase64' in project 'swift-nio'
2026-08-10T23:24:34.0762230Z         ➜ Explicit dependency on target 'CNIOFreeBSD' in project 'swift-nio'
2026-08-10T23:24:34.0762620Z         ➜ Explicit dependency on target 'CNIOWASI' in project 'swift-nio'
2026-08-10T23:24:34.0763050Z         ➜ Explicit dependency on target '_NIODataStructures' in project 'swift-nio'
2026-08-10T23:24:34.0763470Z         ➜ Explicit dependency on target 'NIOCore' in project 'swift-nio'
2026-08-10T23:24:34.0763860Z         ➜ Explicit dependency on target 'CNIOPosix' in project 'swift-nio'
2026-08-10T23:24:34.0764310Z         ➜ Explicit dependency on target 'DequeModule-product' in project 'swift-collections'
2026-08-10T23:24:34.0764790Z         ➜ Explicit dependency on target 'Atomics-product' in project 'swift-atomics'
2026-08-10T23:24:34.0765190Z     Target 'swift-nio_NIOPosix' in project 'swift-nio' (no dependencies)
2026-08-10T23:24:34.0765530Z     Target 'CNIOPosix' in project 'swift-nio' (no dependencies)
2026-08-10T23:24:34.0765830Z     Target 'NIOEmbedded' in project 'swift-nio'
2026-08-10T23:24:34.0766170Z         ➜ Explicit dependency on target 'CNIOAtomics' in project 'swift-nio'
2026-08-10T23:24:34.0766610Z         ➜ Explicit dependency on target 'NIOConcurrencyHelpers' in project 'swift-nio'
2026-08-10T23:24:34.0767050Z         ➜ Explicit dependency on target '_NIOBase64' in project 'swift-nio'
2026-08-10T23:24:34.0767450Z         ➜ Explicit dependency on target 'CNIOOpenBSD' in project 'swift-nio'
2026-08-10T23:24:34.0767860Z         ➜ Explicit dependency on target 'CNIOFreeBSD' in project 'swift-nio'
2026-08-10T23:24:34.0768260Z         ➜ Explicit dependency on target 'CNIODarwin' in project 'swift-nio'
2026-08-10T23:24:34.0768670Z         ➜ Explicit dependency on target 'CNIOLinux' in project 'swift-nio'
2026-08-10T23:24:34.0769100Z         ➜ Explicit dependency on target 'CNIOWindows' in project 'swift-nio'
2026-08-10T23:24:34.0769500Z         ➜ Explicit dependency on target 'CNIOWASI' in project 'swift-nio'
2026-08-10T23:24:34.0769910Z         ➜ Explicit dependency on target '_NIODataStructures' in project 'swift-nio'
2026-08-10T23:24:34.0770500Z         ➜ Explicit dependency on target 'NIOCore' in project 'swift-nio'
2026-08-10T23:24:34.0770970Z         ➜ Explicit dependency on target 'DequeModule-product' in project 'swift-collections'
2026-08-10T23:24:34.0771670Z         ➜ Explicit dependency on target 'Atomics-product' in project 'swift-atomics'
2026-08-10T23:24:34.0772020Z     Target 'NIOCore-product' in project 'swift-nio'
2026-08-10T23:24:34.0772350Z         ➜ Explicit dependency on target 'NIOCore' in project 'swift-nio'
2026-08-10T23:24:34.0772750Z         ➜ Explicit dependency on target 'CNIOAtomics' in project 'swift-nio'
2026-08-10T23:24:34.0773180Z         ➜ Explicit dependency on target 'NIOConcurrencyHelpers' in project 'swift-nio'
2026-08-10T23:24:34.0773620Z         ➜ Explicit dependency on target '_NIOBase64' in project 'swift-nio'
2026-08-10T23:24:34.0774020Z         ➜ Explicit dependency on target 'CNIOOpenBSD' in project 'swift-nio'
2026-08-10T23:24:34.0774430Z         ➜ Explicit dependency on target 'CNIOFreeBSD' in project 'swift-nio'
2026-08-10T23:24:34.0774830Z         ➜ Explicit dependency on target 'CNIODarwin' in project 'swift-nio'
2026-08-10T23:24:34.0775380Z         ➜ Explicit dependency on target 'CNIOLinux' in project 'swift-nio'
2026-08-10T23:24:34.0775770Z         ➜ Explicit dependency on target 'CNIOWindows' in project 'swift-nio'
2026-08-10T23:24:34.0776170Z         ➜ Explicit dependency on target 'CNIOWASI' in project 'swift-nio'
2026-08-10T23:24:34.0776600Z         ➜ Explicit dependency on target '_NIODataStructures' in project 'swift-nio'
2026-08-10T23:24:34.0777080Z         ➜ Explicit dependency on target 'DequeModule-product' in project 'swift-collections'
2026-08-10T23:24:34.0777560Z         ➜ Explicit dependency on target 'Atomics-product' in project 'swift-atomics'
2026-08-10T23:24:34.0777880Z     Target 'NIOCore' in project 'swift-nio'
2026-08-10T23:24:34.0778210Z         ➜ Explicit dependency on target 'CNIOAtomics' in project 'swift-nio'
2026-08-10T23:24:34.0778650Z         ➜ Explicit dependency on target 'NIOConcurrencyHelpers' in project 'swift-nio'
2026-08-10T23:24:34.0779090Z         ➜ Explicit dependency on target '_NIOBase64' in project 'swift-nio'
2026-08-10T23:24:34.0779500Z         ➜ Explicit dependency on target 'CNIOOpenBSD' in project 'swift-nio'
2026-08-10T23:24:34.0779900Z         ➜ Explicit dependency on target 'CNIOFreeBSD' in project 'swift-nio'
2026-08-10T23:24:34.0780300Z         ➜ Explicit dependency on target 'CNIODarwin' in project 'swift-nio'
2026-08-10T23:24:34.0780750Z         ➜ Explicit dependency on target 'CNIOLinux' in project 'swift-nio'
2026-08-10T23:24:34.0781140Z         ➜ Explicit dependency on target 'CNIOWindows' in project 'swift-nio'
2026-08-10T23:24:34.0781540Z         ➜ Explicit dependency on target 'CNIOWASI' in project 'swift-nio'
2026-08-10T23:24:34.0781950Z         ➜ Explicit dependency on target '_NIODataStructures' in project 'swift-nio'
2026-08-10T23:24:34.0782430Z         ➜ Explicit dependency on target 'DequeModule-product' in project 'swift-collections'
2026-08-10T23:24:34.0782910Z         ➜ Explicit dependency on target 'Atomics-product' in project 'swift-atomics'
2026-08-10T23:24:34.0783270Z     Target 'Atomics-product' in project 'swift-atomics'
2026-08-10T23:24:34.0783630Z         ➜ Explicit dependency on target 'Atomics' in project 'swift-atomics'
2026-08-10T23:24:34.0784050Z         ➜ Explicit dependency on target '_AtomicsShims' in project 'swift-atomics'
2026-08-10T23:24:34.0784380Z     Target 'Atomics' in project 'swift-atomics'
2026-08-10T23:24:34.0784730Z         ➜ Explicit dependency on target '_AtomicsShims' in project 'swift-atomics'
2026-08-10T23:24:34.0785120Z     Target '_AtomicsShims' in project 'swift-atomics' (no dependencies)
2026-08-10T23:24:34.0785490Z     Target 'DequeModule-product' in project 'swift-collections'
2026-08-10T23:24:34.0785910Z         ➜ Explicit dependency on target 'DequeModule' in project 'swift-collections'
2026-08-10T23:24:34.0786630Z         ➜ Explicit dependency on target 'InternalCollectionsUtilities' in project 'swift-collections'
2026-08-10T23:24:34.0787180Z         ➜ Explicit dependency on target 'ContainersPreview' in project 'swift-collections'
2026-08-10T23:24:34.0787560Z     Target 'DequeModule' in project 'swift-collections'
2026-08-10T23:24:34.0788010Z         ➜ Explicit dependency on target 'InternalCollectionsUtilities' in project 'swift-collections'
2026-08-10T23:24:34.0788540Z         ➜ Explicit dependency on target 'ContainersPreview' in project 'swift-collections'
2026-08-10T23:24:34.0788930Z     Target 'ContainersPreview' in project 'swift-collections'
2026-08-10T23:24:34.0789390Z         ➜ Explicit dependency on target 'InternalCollectionsUtilities' in project 'swift-collections'
2026-08-10T23:24:34.0789900Z     Target 'InternalCollectionsUtilities' in project 'swift-collections' (no dependencies)
2026-08-10T23:24:34.0790340Z     Target '_NIODataStructures' in project 'swift-nio' (no dependencies)
2026-08-10T23:24:34.0790690Z     Target 'CNIOWASI' in project 'swift-nio' (no dependencies)
2026-08-10T23:24:34.0794690Z     Target 'CNIOWindows' in project 'swift-nio' (no dependencies)
2026-08-10T23:24:34.0795950Z     Target 'CNIOLinux' in project 'swift-nio' (no dependencies)
2026-08-10T23:24:34.0797380Z     Target 'CNIODarwin' in project 'swift-nio' (no dependencies)
2026-08-10T23:24:34.0798460Z     Target 'CNIOFreeBSD' in project 'swift-nio' (no dependencies)
2026-08-10T23:24:34.0798960Z     Target 'CNIOOpenBSD' in project 'swift-nio' (no dependencies)
2026-08-10T23:24:34.0799950Z     Target '_NIOBase64' in project 'swift-nio' (no dependencies)
2026-08-10T23:24:34.0800660Z     Target 'NIOConcurrencyHelpers' in project 'swift-nio'
2026-08-10T23:24:34.0801410Z         ➜ Explicit dependency on target 'CNIOAtomics' in project 'swift-nio'
2026-08-10T23:24:34.0801790Z     Target 'CNIOAtomics' in project 'swift-nio' (no dependencies)
2026-08-10T23:24:34.0815340Z     Target 'Umami-product' in project 'Umami'
2026-08-10T23:24:34.0815690Z         ➜ Explicit dependency on target 'Umami' in project 'Umami'
2026-08-10T23:24:34.0816090Z         ➜ Explicit dependency on target 'UmamiCore' in project 'Umami'
2026-08-10T23:24:34.0816510Z         ➜ Explicit dependency on target 'UmamiAPI' in project 'Umami'
2026-08-10T23:24:34.0816880Z         ➜ Explicit dependency on target 'UmamiTracker' in project 'Umami'
2026-08-10T23:24:34.0817180Z     Target 'Umami' in project 'Umami'
2026-08-10T23:24:34.0817470Z         ➜ Explicit dependency on target 'UmamiCore' in project 'Umami'
2026-08-10T23:24:34.0817840Z         ➜ Explicit dependency on target 'UmamiAPI' in project 'Umami'
2026-08-10T23:24:34.0818210Z         ➜ Explicit dependency on target 'UmamiTracker' in project 'Umami'
2026-08-10T23:24:34.0818510Z     Target 'UmamiTracker' in project 'Umami'
2026-08-10T23:24:34.0818820Z         ➜ Explicit dependency on target 'UmamiCore' in project 'Umami'
2026-08-10T23:24:34.0819100Z     Target 'UmamiAPI' in project 'Umami'
2026-08-10T23:24:34.0819420Z         ➜ Explicit dependency on target 'UmamiCore' in project 'Umami'
2026-08-10T23:24:34.0819750Z     Target 'UmamiCore' in project 'Umami' (no dependencies)
2026-08-10T23:24:34.0820050Z     Target 'ETBootstrap-product' in project 'swift-et'
2026-08-10T23:24:34.0820410Z         ➜ Explicit dependency on target 'ETBootstrap' in project 'swift-et'
2026-08-10T23:24:34.0820740Z     Target 'ETSession-product' in project 'swift-et'
2026-08-10T23:24:34.0821090Z         ➜ Explicit dependency on target 'ETSession' in project 'swift-et'
2026-08-10T23:24:34.0821470Z         ➜ Explicit dependency on target 'ETCrypto' in project 'swift-et'
2026-08-10T23:24:34.0822040Z         ➜ Explicit dependency on target 'ETCore' in project 'swift-et'
2026-08-10T23:24:34.0822430Z         ➜ Explicit dependency on target 'ETTransport' in project 'swift-et'
2026-08-10T23:24:34.0822830Z         ➜ Explicit dependency on target 'ETBootstrap' in project 'swift-et'
2026-08-10T23:24:34.0823290Z         ➜ Explicit dependency on target 'SwiftProtobuf-product' in project 'SwiftProtobuf'
2026-08-10T23:24:34.0823850Z     Target 'ETSession' in project 'swift-et'
2026-08-10T23:24:34.0824190Z         ➜ Explicit dependency on target 'ETCrypto' in project 'swift-et'
2026-08-10T23:24:34.0824560Z         ➜ Explicit dependency on target 'ETCore' in project 'swift-et'
2026-08-10T23:24:34.0824950Z         ➜ Explicit dependency on target 'ETTransport' in project 'swift-et'
2026-08-10T23:24:34.0825350Z         ➜ Explicit dependency on target 'ETBootstrap' in project 'swift-et'
2026-08-10T23:24:34.0825800Z         ➜ Explicit dependency on target 'SwiftProtobuf-product' in project 'SwiftProtobuf'
2026-08-10T23:24:34.0826290Z     Target 'ETBootstrap' in project 'swift-et' (no dependencies)
2026-08-10T23:24:34.0826740Z     Target 'ETTransport' in project 'swift-et' (no dependencies)
2026-08-10T23:24:34.0827020Z     Target 'ETCore' in project 'swift-et'
2026-08-10T23:24:34.0827330Z         ➜ Explicit dependency on target 'ETCrypto' in project 'swift-et'
2026-08-10T23:24:34.0827770Z         ➜ Explicit dependency on target 'SwiftProtobuf-product' in project 'SwiftProtobuf'
2026-08-10T23:24:34.0828160Z     Target 'SwiftProtobuf-product' in project 'SwiftProtobuf'
2026-08-10T23:24:34.0828760Z         ➜ Explicit dependency on target 'SwiftProtobuf' in project 'SwiftProtobuf'
2026-08-10T23:24:34.0829250Z         ➜ Explicit dependency on target 'SwiftProtobuf_SwiftProtobuf' in project 'SwiftProtobuf'
2026-08-10T23:24:34.0829620Z     Target 'SwiftProtobuf' in project 'SwiftProtobuf'
2026-08-10T23:24:34.0830040Z         ➜ Explicit dependency on target 'SwiftProtobuf_SwiftProtobuf' in project 'SwiftProtobuf'
2026-08-10T23:24:34.0830500Z     Target 'SwiftProtobuf_SwiftProtobuf' in project 'SwiftProtobuf' (no dependencies)
2026-08-10T23:24:34.0830890Z     Target 'ETCrypto' in project 'swift-et' (no dependencies)
2026-08-10T23:24:34.0831190Z     Target 'MoshBootstrap-product' in project 'swift-mosh'
2026-08-10T23:24:34.0831570Z         ➜ Explicit dependency on target 'MoshBootstrap' in project 'swift-mosh'
2026-08-10T23:24:34.0831950Z     Target 'MoshBootstrap' in project 'swift-mosh' (no dependencies)
2026-08-10T23:24:34.0832270Z     Target 'MoshCore-product' in project 'swift-mosh'
2026-08-10T23:24:34.0832620Z         ➜ Explicit dependency on target 'MoshCore' in project 'swift-mosh'
2026-08-10T23:24:34.0833020Z         ➜ Explicit dependency on target 'MoshWire' in project 'swift-mosh'
2026-08-10T23:24:34.0833430Z         ➜ Explicit dependency on target 'MoshTransport' in project 'swift-mosh'
2026-08-10T23:24:34.0833850Z         ➜ Explicit dependency on target 'MoshProtoLite' in project 'swift-mosh'
2026-08-10T23:24:34.0834270Z         ➜ Explicit dependency on target 'MoshCryptoOCB' in project 'swift-mosh'
2026-08-10T23:24:34.0834730Z         ➜ Explicit dependency on target 'MoshCompression' in project 'swift-mosh'
2026-08-10T23:24:34.0835080Z     Target 'MoshCore' in project 'swift-mosh'
2026-08-10T23:24:34.0835410Z         ➜ Explicit dependency on target 'MoshWire' in project 'swift-mosh'
2026-08-10T23:24:34.0835820Z         ➜ Explicit dependency on target 'MoshTransport' in project 'swift-mosh'
2026-08-10T23:24:34.0836240Z         ➜ Explicit dependency on target 'MoshProtoLite' in project 'swift-mosh'
2026-08-10T23:24:34.0836680Z         ➜ Explicit dependency on target 'MoshCryptoOCB' in project 'swift-mosh'
2026-08-10T23:24:34.0837110Z         ➜ Explicit dependency on target 'MoshCompression' in project 'swift-mosh'
2026-08-10T23:24:34.0837490Z     Target 'MoshCompression' in project 'swift-mosh' (no dependencies)
2026-08-10T23:24:34.0837850Z     Target 'MoshCryptoOCB' in project 'swift-mosh' (no dependencies)
2026-08-10T23:24:34.0838200Z     Target 'MoshProtoLite' in project 'swift-mosh' (no dependencies)
2026-08-10T23:24:34.0838500Z     Target 'MoshTransport' in project 'swift-mosh'
2026-08-10T23:24:34.0838840Z         ➜ Explicit dependency on target 'MoshWire' in project 'swift-mosh'
2026-08-10T23:24:34.0839180Z     Target 'MoshWire' in project 'swift-mosh' (no dependencies)
2026-08-10T23:24:34.0839490Z     Target 'Cloudflared-product' in project 'Cloudflared'
2026-08-10T23:24:34.0839990Z         ➜ Explicit dependency on target 'Cloudflared' in project 'Cloudflared'
2026-08-10T23:24:34.0840440Z         ➜ Explicit dependency on target 'TweetNacl-product' in project 'TweetNacl'
2026-08-10T23:24:34.0840770Z     Target 'Cloudflared' in project 'Cloudflared'
2026-08-10T23:24:34.0841130Z         ➜ Explicit dependency on target 'TweetNacl-product' in project 'TweetNacl'
2026-08-10T23:24:34.0841480Z     Target 'TweetNacl-product' in project 'TweetNacl'
2026-08-10T23:24:34.0841820Z         ➜ Explicit dependency on target 'TweetNacl' in project 'TweetNacl'
2026-08-10T23:24:34.0842210Z         ➜ Explicit dependency on target 'CTweetNacl' in project 'TweetNacl'
2026-08-10T23:24:34.0842510Z     Target 'TweetNacl' in project 'TweetNacl'
2026-08-10T23:24:34.0842840Z         ➜ Explicit dependency on target 'CTweetNacl' in project 'TweetNacl'
2026-08-10T23:24:34.0843190Z     Target 'CTweetNacl' in project 'TweetNacl' (no dependencies)
2026-08-10T23:24:34.0843490Z     Target 'MLX-product' in project 'mlx-swift'
2026-08-10T23:24:34.0843810Z         ➜ Explicit dependency on target 'MLX' in project 'mlx-swift'
2026-08-10T23:24:34.0844240Z         ➜ Explicit dependency on target 'Cmlx' in project 'mlx-swift'
2026-08-10T23:24:34.0844650Z         ➜ Explicit dependency on target 'Numerics-product' in project 'swift-numerics'
2026-08-10T23:24:34.0845000Z     Target 'MLXNN-product' in project 'mlx-swift'
2026-08-10T23:24:34.0845320Z         ➜ Explicit dependency on target 'MLXNN' in project 'mlx-swift'
2026-08-10T23:24:34.0845690Z         ➜ Explicit dependency on target 'Cmlx' in project 'mlx-swift'
2026-08-10T23:24:34.0846060Z         ➜ Explicit dependency on target 'MLX' in project 'mlx-swift'
2026-08-10T23:24:34.0846430Z         ➜ Explicit dependency on target 'MLXRandom' in project 'mlx-swift'
2026-08-10T23:24:34.0846810Z         ➜ Explicit dependency on target 'MLXFast' in project 'mlx-swift'
2026-08-10T23:24:34.0847420Z         ➜ Explicit dependency on target 'Numerics-product' in project 'swift-numerics'
2026-08-10T23:24:34.0847850Z     Target 'MLXNN' in project 'mlx-swift'
2026-08-10T23:24:34.0848170Z         ➜ Explicit dependency on target 'Cmlx' in project 'mlx-swift'
2026-08-10T23:24:34.0848740Z         ➜ Explicit dependency on target 'MLX' in project 'mlx-swift'
2026-08-10T23:24:34.0849280Z         ➜ Explicit dependency on target 'MLXRandom' in project 'mlx-swift'
2026-08-10T23:24:34.0849690Z         ➜ Explicit dependency on target 'MLXFast' in project 'mlx-swift'
2026-08-10T23:24:34.0850120Z         ➜ Explicit dependency on target 'Numerics-product' in project 'swift-numerics'
2026-08-10T23:24:34.0850460Z     Target 'MLXFast' in project 'mlx-swift'
2026-08-10T23:24:34.0850770Z         ➜ Explicit dependency on target 'Cmlx' in project 'mlx-swift'
2026-08-10T23:24:34.0851210Z         ➜ Explicit dependency on target 'MLX' in project 'mlx-swift'
2026-08-10T23:24:34.0851810Z         ➜ Explicit dependency on target 'Numerics-product' in project 'swift-numerics'
2026-08-10T23:24:34.0852220Z     Target 'MLXRandom' in project 'mlx-swift'
2026-08-10T23:24:34.0852540Z         ➜ Explicit dependency on target 'Cmlx' in project 'mlx-swift'
2026-08-10T23:24:34.0852910Z         ➜ Explicit dependency on target 'MLX' in project 'mlx-swift'
2026-08-10T23:24:34.0853330Z         ➜ Explicit dependency on target 'Numerics-product' in project 'swift-numerics'
2026-08-10T23:24:34.0853700Z     Target 'MLXFFT-product' in project 'mlx-swift'
2026-08-10T23:24:34.0854070Z         ➜ Explicit dependency on target 'MLXFFT' in project 'mlx-swift'
2026-08-10T23:24:34.0854440Z         ➜ Explicit dependency on target 'Cmlx' in project 'mlx-swift'
2026-08-10T23:24:34.0854800Z         ➜ Explicit dependency on target 'MLX' in project 'mlx-swift'
2026-08-10T23:24:34.0855210Z         ➜ Explicit dependency on target 'Numerics-product' in project 'swift-numerics'
2026-08-10T23:24:34.0855600Z     Target 'MLXFFT' in project 'mlx-swift'
2026-08-10T23:24:34.0855910Z         ➜ Explicit dependency on target 'Cmlx' in project 'mlx-swift'
2026-08-10T23:24:34.0856420Z         ➜ Explicit dependency on target 'MLX' in project 'mlx-swift'
2026-08-10T23:24:34.0856850Z         ➜ Explicit dependency on target 'Numerics-product' in project 'swift-numerics'
2026-08-10T23:24:34.0857180Z     Target 'MLX' in project 'mlx-swift'
2026-08-10T23:24:34.0857470Z         ➜ Explicit dependency on target 'Cmlx' in project 'mlx-swift'
2026-08-10T23:24:34.0857890Z         ➜ Explicit dependency on target 'Numerics-product' in project 'swift-numerics'
2026-08-10T23:24:34.0858250Z     Target 'Numerics-product' in project 'swift-numerics'
2026-08-10T23:24:34.0858620Z         ➜ Explicit dependency on target 'Numerics' in project 'swift-numerics'
2026-08-10T23:24:34.0859060Z         ➜ Explicit dependency on target '_NumericsShims' in project 'swift-numerics'
2026-08-10T23:24:34.0859920Z         ➜ Explicit dependency on target 'RealModule' in project 'swift-numerics'
2026-08-10T23:24:34.0860460Z         ➜ Explicit dependency on target 'ComplexModule' in project 'swift-numerics'
2026-08-10T23:24:34.0866920Z     Target 'Numerics' in project 'swift-numerics'
2026-08-10T23:24:34.0867560Z         ➜ Explicit dependency on target '_NumericsShims' in project 'swift-numerics'
2026-08-10T23:24:34.0875710Z         ➜ Explicit dependency on target 'RealModule' in project 'swift-numerics'
2026-08-10T23:24:34.0876490Z         ➜ Explicit dependency on target 'ComplexModule' in project 'swift-numerics'
2026-08-10T23:24:34.0881030Z     Target 'ComplexModule' in project 'swift-numerics'
2026-08-10T23:24:34.0881470Z         ➜ Explicit dependency on target '_NumericsShims' in project 'swift-numerics'
2026-08-10T23:24:34.0882060Z         ➜ Explicit dependency on target 'RealModule' in project 'swift-numerics'
2026-08-10T23:24:34.0883050Z     Target 'RealModule' in project 'swift-numerics'
2026-08-10T23:24:34.0883470Z         ➜ Explicit dependency on target '_NumericsShims' in project 'swift-numerics'
2026-08-10T23:24:34.0884200Z     Target '_NumericsShims' in project 'swift-numerics' (no dependencies)
2026-08-10T23:24:34.0884700Z     Target 'Cmlx' in project 'mlx-swift'
2026-08-10T23:24:34.0885390Z         ➜ Explicit dependency on target 'mlx-swift_Cmlx' in project 'mlx-swift'
2026-08-10T23:24:34.0890350Z     Target 'mlx-swift_Cmlx' in project 'mlx-swift' (no dependencies)
2026-08-10T23:24:34.0890700Z     Target 'ZIPFoundation-product' in project 'ZIPFoundation'
2026-08-10T23:24:34.0891160Z         ➜ Explicit dependency on target 'ZIPFoundation' in project 'ZIPFoundation'
2026-08-10T23:24:34.0891590Z     Target 'ZIPFoundation' in project 'ZIPFoundation' (no dependencies)
2026-08-10T23:24:34.0891950Z     Target 'VVTermLiveActivity' in project 'VVTerm' (no dependencies)
2026-08-10T23:24:34.1664880Z 
2026-08-10T23:24:34.1778750Z GatherProvisioningInputs
2026-08-10T23:24:34.1803840Z 
2026-08-10T23:24:34.2307140Z CreateBuildDescription
2026-08-10T23:24:35.2282150Z 
2026-08-10T23:24:35.2283060Z ExecuteExternalTool /Applications/Xcode_27_beta_4.app/Contents/Developer/usr/bin/actool --version --output-format xml1
2026-08-10T23:24:37.6384730Z 
2026-08-10T23:24:37.6432570Z ExecuteExternalTool /Applications/Xcode_27_beta_4.app/Contents/Developer/Toolchains/XcodeDefault.xctoolchain/usr/bin/swiftc --version
2026-08-10T23:24:37.6445470Z 
2026-08-10T23:24:37.6450990Z ExecuteExternalTool /Applications/Xcode_27_beta_4.app/Contents/Developer/Toolchains/XcodeDefault.xctoolchain/usr/bin/clang -v -E -dM -arch arm64 -isysroot /Applications/Xcode_27_beta_4.app/Contents/Developer/Platforms/iPhoneSimulator.platform/Developer/SDKs/iPhoneSimulator27.0.sdk -x c++ -c /dev/null
2026-08-10T23:24:37.6453360Z 
2026-08-10T23:24:37.6455100Z ExecuteExternalTool /Applications/Xcode_27_beta_4.app/Contents/Developer/Toolchains/XcodeDefault.xctoolchain/usr/bin/clang -v -E -dM -arch arm64 -isysroot /Applications/Xcode_27_beta_4.app/Contents/Developer/Platforms/iPhoneSimulator.platform/Developer/SDKs/iPhoneSimulator27.0.sdk -x c -c /dev/null
2026-08-10T23:24:37.6456840Z 
2026-08-10T23:24:37.6459790Z ExecuteExternalTool /Applications/Xcode_27_beta_4.app/Contents/Developer/Toolchains/XcodeDefault.xctoolchain/usr/bin/clang -v -E -dM -isysroot /Applications/Xcode_27_beta_4.app/Contents/Developer/Platforms/iPhoneSimulator.platform/Developer/SDKs/iPhoneSimulator27.0.sdk -x c -c /dev/null
2026-08-10T23:24:37.6462370Z 
2026-08-10T23:24:37.6463820Z ExecuteExternalTool /Applications/Xcode_27_beta_4.app/Contents/Developer/Toolchains/XcodeDefault.xctoolchain/usr/bin/clang -v -E -dM -arch arm64 -isysroot /Applications/Xcode_27_beta_4.app/Contents/Developer/Platforms/iPhoneSimulator.platform/Developer/SDKs/iPhoneSimulator27.0.sdk -x objective-c++ -c /dev/null
2026-08-10T23:24:37.6465490Z 
2026-08-10T23:24:37.6466870Z ExecuteExternalTool /Applications/Xcode_27_beta_4.app/Contents/Developer/Toolchains/XcodeDefault.xctoolchain/usr/bin/ld -version_details
2026-08-10T23:24:37.6467860Z 
2026-08-10T23:24:37.6468340Z ReadFileContents /Applications/Xcode_27_beta_4.app/Contents/Developer/Toolchains/XcodeDefault.xctoolchain/usr/share/docc/features.json
2026-08-10T23:24:37.6469540Z 
2026-08-10T23:24:37.6470400Z ExecuteExternalTool /Applications/Xcode_27_beta_4.app/Contents/Developer/usr/bin/actool --print-asset-tag-combinations --output-format xml1 /Users/runner/work/vvterm/vvterm/VVTerm/Resources/Assets.xcassets /Users/runner/work/vvterm/vvterm/VVTerm/Assets.xcassets
2026-08-10T23:24:37.6472530Z 
2026-08-10T23:24:38.0635310Z Build description signature: 9250140ec7ef395fe392f0aecfd9b7ec
2026-08-10T23:24:38.0736680Z Build description path: /Users/runner/work/_temp/DerivedData/Build/Intermediates.noindex/XCBuildData/9250140ec7ef395fe392f0aecfd9b7ec.xcbuilddata
2026-08-10T23:24:38.2207990Z ClangStatCache /Applications/Xcode_27_beta_4.app/Contents/Developer/Toolchains/XcodeDefault.xctoolchain/usr/bin/clang-stat-cache /Applications/Xcode_27_beta_4.app/Contents/Developer/Platforms/iPhoneSimulator.platform/Developer/SDKs/iPhoneSimulator27.0.sdk /Users/runner/work/_temp/DerivedData/SDKStatCaches.noindex/iphonesimulator27.0-24A5390e-e43fee13dd4b37625cdebfde7abd7d2e442fb7f1c3b8580cc81a86a0492dbf21.sdkstatcache
2026-08-10T23:24:38.2209770Z     cd /Users/runner/work/vvterm/vvterm/VVTerm.xcodeproj
2026-08-10T23:24:38.2211310Z     /Applications/Xcode_27_beta_4.app/Contents/Developer/Toolchains/XcodeDefault.xctoolchain/usr/bin/clang-stat-cache /Applications/Xcode_27_beta_4.app/Contents/Developer/Platforms/iPhoneSimulator.platform/Developer/SDKs/iPhoneSimulator27.0.sdk -o /Users/runner/work/_temp/DerivedData/SDKStatCaches.noindex/iphonesimulator27.0-24A5390e-e43fee13dd4b37625cdebfde7abd7d2e442fb7f1c3b8580cc81a86a0492dbf21.sdkstatcache
2026-08-10T23:24:39.6430510Z Base directory status changed. Regenerating...
2026-08-10T23:24:39.6469850Z 
2026-08-10T23:24:39.8102870Z ProcessInfoPlistFile /Users/runner/work/_temp/DerivedData/Build/Products/Debug-iphonesimulator/SwiftProtobuf_SwiftProtobuf.bundle/Info.plist /Users/runner/work/_temp/DerivedData/Build/Intermediates.noindex/SwiftProtobuf.build/Debug-iphonesimulator/SwiftProtobuf_SwiftProtobuf-b.build/empty-SwiftProtobuf_SwiftProtobuf.plist (in target 'SwiftProtobuf_SwiftProtobuf' from project 'SwiftProtobuf')
2026-08-10T23:24:39.8104310Z     cd /Users/runner/work/_temp/DerivedData/SourcePackages/checkouts/swift-protobuf
2026-08-10T23:24:39.8105880Z     builtin-infoPlistUtility /Users/runner/work/_temp/DerivedData/Build/Intermediates.noindex/SwiftProtobuf.build/Debug-iphonesimulator/SwiftProtobuf_SwiftProtobuf-b.build/empty-SwiftProtobuf_SwiftProtobuf.plist -producttype com.apple.product-type.bundle -expandbuildsettings -format binary -platform iphonesimulator -o /Users/runner/work/_temp/DerivedData/Build/Products/Debug-iphonesimulator/SwiftProtobuf_SwiftProtobuf.bundle/Info.plist
2026-08-10T23:24:39.8175550Z 
2026-08-10T23:24:39.8561800Z ProcessInfoPlistFile /Users/runner/work/_temp/DerivedData/Build/Products/Debug-iphonesimulator/PackageFrameworks/SwiftProtobuf.framework/Info.plist /Users/runner/work/_temp/DerivedData/Build/Intermediates.noindex/SwiftProtobuf.build/Debug-iphonesimulator/SwiftProtobuf-product-t.build/empty-SwiftProtobuf.plist (in target 'SwiftProtobufdynamic-product' from project 'SwiftProtobuf')
2026-08-10T23:24:39.8563210Z     cd /Users/runner/work/_temp/DerivedData/SourcePackages/checkouts/swift-protobuf
2026-08-10T23:24:39.8564670Z     builtin-infoPlistUtility /Users/runner/work/_temp/DerivedData/Build/Intermediates.noindex/SwiftProtobuf.build/Debug-iphonesimulator/SwiftProtobuf-product-t.build/empty-SwiftProtobuf.plist -producttype com.apple.product-type.framework -expandbuildsettings -format binary -platform iphonesimulator -o /Users/runner/work/_temp/DerivedData/Build/Products/Debug-iphonesimulator/PackageFrameworks/SwiftProtobuf.framework/Info.plist
2026-08-10T23:24:39.8619220Z 
2026-08-10T23:24:39.8697610Z ProcessInfoPlistFile /Users/runner/work/_temp/DerivedData/Build/Products/Debug-iphonesimulator/PackageFrameworks/ETSession.framework/Info.plist /Users/runner/work/_temp/DerivedData/Build/Intermediates.noindex/swift-et.build/Debug-iphonesimulator/ETSession-product-t.build/empty-ETSession.plist (in target 'ETSessiondynamic-product' from project 'swift-et')
2026-08-10T23:24:39.8699080Z     cd /Users/runner/work/_temp/DerivedData/SourcePackages/checkouts/swift-et
2026-08-10T23:24:39.8701000Z     builtin-infoPlistUtility /Users/runner/work/_temp/DerivedData/Build/Intermediates.noindex/swift-et.build/Debug-iphonesimulator/ETSession-product-t.build/empty-ETSession.plist -producttype com.apple.product-type.framework -expandbuildsettings -format binary -platform iphonesimulator -o /Users/runner/work/_temp/DerivedData/Build/Products/Debug-iphonesimulator/PackageFrameworks/ETSession.framework/Info.plist
2026-08-10T23:24:39.8755610Z 
2026-08-10T23:24:39.8780530Z ProcessInfoPlistFile /Users/runner/work/_temp/DerivedData/Build/Products/Debug-iphonesimulator/VVTermLiveActivity.appex/Info.plist /Users/runner/work/vvterm/vvterm/VVTermLiveActivity/Info.plist (in target 'VVTermLiveActivity' from project 'VVTerm')
2026-08-10T23:24:39.8781400Z     cd /Users/runner/work/vvterm/vvterm
2026-08-10T23:24:39.8782970Z     builtin-infoPlistUtility /Users/runner/work/vvterm/vvterm/VVTermLiveActivity/Info.plist -producttype com.apple.product-type.app-extension -expandbuildsettings -format binary -platform iphonesimulator -additionalcontentfile /Users/runner/work/_temp/DerivedData/Build/Intermediates.noindex/VVTerm.build/Debug-iphonesimulator/VVTermLiveActivity.build/assetcatalog_generated_info.plist -o /Users/runner/work/_temp/DerivedData/Build/Products/Debug-iphonesimulator/VVTermLiveActivity.appex/Info.plist
2026-08-10T23:24:39.8818890Z 
2026-08-10T23:24:39.8932130Z ProcessInfoPlistFile /Users/runner/work/_temp/DerivedData/Build/Products/Debug-iphonesimulator/mlx-swift_Cmlx.bundle/Info.plist /Users/runner/work/_temp/DerivedData/Build/Intermediates.noindex/mlx-swift.build/Debug-iphonesimulator/mlx-swift_Cmlx-b.build/empty-mlx-swift_Cmlx.plist (in target 'mlx-swift_Cmlx' from project 'mlx-swift')
2026-08-10T23:24:39.8933330Z     cd /Users/runner/work/_temp/DerivedData/SourcePackages/checkouts/mlx-swift
2026-08-10T23:24:39.8934660Z     builtin-infoPlistUtility /Users/runner/work/_temp/DerivedData/Build/Intermediates.noindex/mlx-swift.build/Debug-iphonesimulator/mlx-swift_Cmlx-b.build/empty-mlx-swift_Cmlx.plist -producttype com.apple.product-type.bundle -expandbuildsettings -format binary -platform iphonesimulator -o /Users/runner/work/_temp/DerivedData/Build/Products/Debug-iphonesimulator/mlx-swift_Cmlx.bundle/Info.plist
2026-08-10T23:24:39.8994060Z 
2026-08-10T23:24:39.9724680Z ProcessInfoPlistFile /Users/runner/work/_temp/DerivedData/Build/Products/Debug-iphonesimulator/swift-nio_NIOPosix.bundle/Info.plist /Users/runner/work/_temp/DerivedData/Build/Intermediates.noindex/swift-nio.build/Debug-iphonesimulator/swift-nio_NIOPosix-b.build/empty-swift-nio_NIOPosix.plist (in target 'swift-nio_NIOPosix' from project 'swift-nio')
2026-08-10T23:24:39.9726100Z     cd /Users/runner/work/_temp/DerivedData/SourcePackages/checkouts/swift-nio
2026-08-10T23:24:39.9728080Z     builtin-infoPlistUtility /Users/runner/work/_temp/DerivedData/Build/Intermediates.noindex/swift-nio.build/Debug-iphonesimulator/swift-nio_NIOPosix-b.build/empty-swift-nio_NIOPosix.plist -producttype com.apple.product-type.bundle -expandbuildsettings -format binary -platform iphonesimulator -o /Users/runner/work/_temp/DerivedData/Build/Products/Debug-iphonesimulator/swift-nio_NIOPosix.bundle/Info.plist
2026-08-10T23:24:39.9782270Z 
2026-08-10T23:24:40.1629550Z note: Disabling hardened runtime with ad-hoc codesigning. (in target 'VVTerm' from project 'VVTerm')
2026-08-10T23:24:40.1632670Z warning: no rule to process file '/Users/runner/work/vvterm/vvterm/VVTerm/Features/Teleport/Infrastructure/iotest_mfa.proto' of type 'sourcecode.protobuf' for architecture 'arm64' (in target 'VVTerm' from project 'VVTerm')
2026-08-10T23:24:40.1633810Z SwiftDriver VVTerm normal arm64 com.apple.xcode.tools.swift.compiler (in target 'VVTerm' from project 'VVTerm')
2026-08-10T23:24:40.1634440Z     cd /Users/runner/work/vvterm/vvterm
2026-08-10T23:24:40.1661140Z     builtin-SwiftDriver -- /Applications/Xcode_27_beta_4.app/Contents/Developer/Toolchains/XcodeDefault.xctoolchain/usr/bin/swiftc -module-name VVTerm -Onone @/Users/runner/work/_temp/DerivedData/Build/Intermediates.noindex/VVTerm.build/Debug-iphonesimulator/VVTerm.build/Objects-normal/arm64/VVTerm.SwiftFileList -DDEBUG -DFORCE_PRO_ENABLED -Xcc -fmodule-map-file\=/Users/runner/work/_temp/DerivedData/SourcePackages/checkouts/swift-numerics/Sources/_NumericsShims/include/module.modulemap -Xcc -fmodule-map-file\=/Users/runner/work/_temp/DerivedData/SourcePackages/checkouts/mlx-swift/Source/Cmlx/include/module.modulemap -Xcc -fmodule-map-file\=/Users/runner/work/_temp/DerivedData/Build/Intermediates.noindex/GeneratedModuleMaps-iphonesimulator/CTweetNacl.modulemap -Xcc -fmodule-map-file\=/Users/runner/work/_temp/DerivedData/Build/Intermediates.noindex/GeneratedModuleMaps-iphonesimulator/CNIOLLHTTP.modulemap -Xcc -fmodule-map-file\=/Users/runner/work/_temp/DerivedData/Build/Intermediates.noindex/GeneratedModuleMaps-iphonesimulator/CNIOPosix.modulemap -Xcc -fmodule-map-file\=/Users/runner/work/_temp/DerivedData/Build/Intermediates.noindex/GeneratedModuleMaps-iphonesimulator/CNIOWASI.modulemap -Xcc -fmodule-map-file\=/Users/runner/work/_temp/DerivedData/SourcePackages/checkouts/swift-nio/Sources/CNIOWindows/include/module.modulemap -Xcc -fmodule-map-file\=/Users/runner/work/_temp/DerivedData/Build/Intermediates.noindex/GeneratedModuleMaps-iphonesimulator/CNIOLinux.modulemap -Xcc -fmodule-map-file\=/Users/runner/work/_temp/DerivedData/Build/Intermediates.noindex/GeneratedModuleMaps-iphonesimulator/CNIODarwin.modulemap -Xcc -fmodule-map-file\=/Users/runner/work/_temp/DerivedData/Build/Intermediates.noindex/GeneratedModuleMaps-iphonesimulator/CNIOFreeBSD.modulemap -Xcc -fmodule-map-file\=/Users/runner/work/_temp/DerivedData/Build/Intermediates.noindex/GeneratedModuleMaps-iphonesimulator/CNIOOpenBSD.modulemap -Xcc -fmodule-map-file\=/Users/runner/work/_temp/DerivedData/Build/Intermediates.noindex/GeneratedModuleMaps-iphonesimulator/CNIOAtomics.modulemap -Xcc -fmodule-map-file\=/Users/runner/work/_temp/DerivedData/SourcePackages/checkouts/swift-atomics/Sources/_AtomicsShims/include/module.modulemap -default-isolation\=MainActor -enable-bare-slash-regex -enable-upcoming-feature DisableOutwardActorInference -enable-upcoming-feature InferSendableFromCaptures -enable-upcoming-feature GlobalActorIsolatedTypesUsability -enable-upcoming-feature MemberImportVisibility -enable-upcoming-feature InferIsolatedConformances -enable-upcoming-feature NonisolatedNonsendingByDefault -enable-experimental-feature DebugDescriptionMacro -sdk /Applications/Xcode_27_beta_4.app/Contents/Developer/Platforms/iPhoneSimulator.platform/Developer/SDKs/iPhoneSimulator27.0.sdk -target arm64-apple-ios16.1-simulator -g -module-cache-path /Users/runner/work/_temp/DerivedData/ModuleCache.noindex -Xfrontend -serialize-debugging-options -profile-coverage-mapping -profile-generate -enable-testing -index-store-path /Users/runner/work/_temp/DerivedData/Index.noindex/DataStore -Xcc -D_LIBCPP_HARDENING_MODE\=_LIBCPP_HARDENING_MODE_DEBUG -swift-version 5 -I /Users/runner/work/_temp/DerivedData/Build/Products/Debug-iphonesimulator -F /Users/runner/work/_temp/DerivedData/Build/Products/Debug-iphonesimulator/PackageFrameworks -F /Users/runner/work/_temp/DerivedData/Build/Products/Debug-iphonesimulator -emit-localized-strings -emit-localized-strings-path /Users/runner/work/_temp/DerivedData/Build/Intermediates.noindex/VVTerm.build/Debug-iphonesimulator/VVTerm.build/Objects-normal/arm64 -c -j3 -enable-batch-mode -incremental -Xcc -ivfsstatcache -Xcc /Users/runner/work/_temp/DerivedData/SDKStatCaches.noindex/iphonesimulator27.0-24A5390e-e43fee13dd4b37625cdebfde7abd7d2e442fb7f1c3b8580cc81a86a0492dbf21.sdkstatcache -output-file-map /Users/runner/work/_temp/DerivedData/Build/Intermediates.noindex/VVTerm.build/Debug-iphonesimulator/VVTerm.build/Objects-normal/arm64/VVTerm-OutputFileMap.json -save-temps -no-color-diagnostics -explicit-module-build -module-cache-path /Users/runner/work/_temp/DerivedData/Build/Intermediates.noindex/SwiftExplicitPrecompiledModules -clang-scanner-module-cache-path /Users/runner/work/_temp/DerivedData/ModuleCache.noindex -sdk-module-cache-path /Users/runner/work/_temp/DerivedData/SDKExplicitPrecompiledModules -emit-dependencies -emit-module -emit-module-path /Users/runner/work/_temp/DerivedData/Build/Intermediates.noindex/VVTerm.build/Debug-iphonesimulator/VVTerm.build/Objects-normal/arm64/VVTerm.swiftmodule -serialize-diagnostics -dependency-scan-serialize-diagnostics-path /Users/runner/work/_temp/DerivedData/Build/Intermediates.noindex/VVTerm.build/Debug-iphonesimulator/VVTerm.build/Objects-normal/arm64/VVTerm-dependency-scan.dia -validate-clang-modules-once -clang-build-session-file /Users/runner/work/_temp/DerivedData/ModuleCache.noindex/Session.modulevalidation -Xcc -fmodules-prune-interval\=86400 -Xcc -fmodules-prune-after\=345600 -emit-const-values -const-gather-protocols-list /Users/runner/work/_temp/DerivedData/Build/Intermediates.noindex/VVTerm.build/Debug-iphonesimulator/VVTerm.build/Objects-normal/arm64/VVTerm_const_extract_protocols.json -Xcc -iquote -Xcc /Users/runner/work/_temp/DerivedData/Build/Intermediates.noindex/VVTerm.build/Debug-iphonesimulator/VVTerm.build/VVTerm-generated-files.hmap -Xcc -I/Users/runner/work/_temp/DerivedData/Build/Intermediates.noindex/VVTerm.build/Debug-iphonesimulator/VVTerm.build/VVTerm-own-target-headers.hmap -Xcc -I/Users/runner/work/_temp/DerivedData/Build/Intermediates.noindex/VVTerm.build/Debug-iphonesimulator/VVTerm.build/VVTerm-all-non-framework-target-headers.hmap -Xcc -ivfsoverlay -Xcc /Users/runner/work/_temp/DerivedData/Build/Intermediates.noindex/VVTerm.build/Debug-iphonesimulator/VVTerm-6a35e7673de302a64f61488d7ee1e65a-VFS-iphonesimulator/all-product-headers.yaml -Xcc -iquote -Xcc /Users/runner/work/_temp/DerivedData/Build/Intermediates.noindex/VVTerm.build/Debug-iphonesimulator/VVTerm.build/VVTerm-project-headers.hmap -Xcc -I/Users/runner/work/_temp/DerivedData/SourcePackages/checkouts/swift-numerics/Sources/_NumericsShims/include -Xcc -I/Users/runner/work/_temp/DerivedData/SourcePackages/checkouts/mlx-swift/Source/Cmlx/include -Xcc -I/Users/runner/work/_temp/DerivedData/SourcePackages/checkouts/tweetnacl-swiftwrap/Sources/CTweetNacl/include -Xcc -I/Users/runner/work/_temp/DerivedData/SourcePackages/checkouts/swift-nio/Sources/CNIOLLHTTP/include -Xcc -I/Users/runner/work/_temp/DerivedData/SourcePackages/checkouts/swift-nio/Sources/CNIOPosix/include -Xcc -I/Users/runner/work/_temp/DerivedData/SourcePackages/checkouts/swift-nio/Sources/CNIOWASI/include -Xcc -I/Users/runner/work/_temp/DerivedData/SourcePackages/checkouts/swift-nio/Sources/CNIOWindows/include -Xcc -I/Users/runner/work/_temp/DerivedData/SourcePackages/checkouts/swift-nio/Sources/CNIOLinux/include -Xcc -I/Users/runner/work/_temp/DerivedData/SourcePackages/checkouts/swift-nio/Sources/CNIODarwin/include -Xcc -I/Users/runner/work/_temp/DerivedData/SourcePackages/checkouts/swift-nio/Sources/CNIOFreeBSD/include -Xcc -I/Users/runner/work/_temp/DerivedData/SourcePackages/checkouts/swift-nio/Sources/CNIOOpenBSD/include -Xcc -I/Users/runner/work/_temp/DerivedData/SourcePackages/checkouts/swift-nio/Sources/CNIOAtomics/include -Xcc -I/Users/runner/work/_temp/DerivedData/SourcePackages/checkouts/swift-atomics/Sources/_AtomicsShims/include -Xcc -I/Users/runner/work/_temp/DerivedData/Build/Products/Debug-iphonesimulator/include -Xcc -I/Users/runner/work/vvterm/vvterm/Vendor/libghostty/ios-simulator/include -Xcc -I/Users/runner/work/vvterm/vvterm/Vendor/libssh2/include -Xcc -I/Users/runner/work/_temp/DerivedData/Build/Intermediates.noindex/VVTerm.build/Debug-iphonesimulator/VVTerm.build/DerivedSources-normal/arm64 -Xcc -I/Users/runner/work/_temp/DerivedData/Build/Intermediates.noindex/VVTerm.build/Debug-iphonesimulator/VVTerm.build/DerivedSources/arm64 -Xcc -I/Users/runner/work/_temp/DerivedData/Build/Intermediates.noindex/VVTerm.build/Debug-iphonesimulator/VVTerm.build/DerivedSources -Xcc -DDEBUG\=1 -emit-objc-header -emit-objc-header-path /Users/runner/work/_temp/DerivedData/Build/Intermediates.noindex/VVTerm.build/Debug-iphonesimulator/VVTerm.build/Objects-normal/arm64/VVTerm-Swift.h -import-objc-header /Users/runner/work/vvterm/vvterm/VVTerm/ghostty-bridging-header.h -working-directory /Users/runner/work/vvterm/vvterm -experimental-emit-module-separately -disable-cmo
2026-08-10T23:24:44.1828510Z /Users/runner/work/vvterm/vvterm/VVTerm/App/iOS/TerminalReconnectUITestHarness+iOS.swift:560:17: error: Expected expression in container literal (in target 'VVTerm' from project 'VVTerm')
2026-08-10T23:24:44.1839530Z /Users/runner/work/vvterm/vvterm/VVTerm/App/iOS/TerminalReconnectUITestHarness+iOS.swift:561:64: error: Consecutive statements on a line must be separated by ';' (in target 'VVTerm' from project 'VVTerm')
2026-08-10T23:24:44.1841110Z /Users/runner/work/vvterm/vvterm/VVTerm/App/iOS/TerminalReconnectUITestHarness+iOS.swift:561:64: error: Expected expression (in target 'VVTerm' from project 'VVTerm')
2026-08-10T23:24:44.1842500Z /Users/runner/work/vvterm/vvterm/VVTerm/App/iOS/TerminalReconnectUITestHarness+iOS.swift:565:59: error: Consecutive statements on a line must be separated by ';' (in target 'VVTerm' from project 'VVTerm')
2026-08-10T23:24:44.1843900Z /Users/runner/work/vvterm/vvterm/VVTerm/App/iOS/TerminalReconnectUITestHarness+iOS.swift:565:59: error: Expected expression (in target 'VVTerm' from project 'VVTerm')
2026-08-10T23:24:44.1847620Z 
2026-08-10T23:24:44.3802250Z PruneExplicitPrecompiledModules /Users/runner/work/_temp/DerivedData/Build/Intermediates.noindex/SwiftExplicitPrecompiledModules
2026-08-10T23:24:44.3823260Z 
2026-08-10T23:24:44.3824320Z PruneExplicitPrecompiledModules /Users/runner/work/_temp/DerivedData/SDKExplicitPrecompiledModules
2026-08-10T23:24:44.3824700Z 
2026-08-10T23:24:44.3825050Z PruneExplicitPrecompiledModules /Users/runner/work/_temp/DerivedData/Build/Intermediates.noindex/ExplicitPrecompiledModules
2026-08-10T23:24:44.3825470Z 
2026-08-10T23:24:44.4012660Z ** TEST BUILD FAILED **
2026-08-10T23:24:44.4012850Z 
2026-08-10T23:24:44.4012860Z 
2026-08-10T23:24:44.4012950Z The following build commands failed:
2026-08-10T23:24:44.4013460Z 	SwiftDriver VVTerm normal arm64 com.apple.xcode.tools.swift.compiler (in target 'VVTerm' from project 'VVTerm')
2026-08-10T23:24:44.4026450Z 	Building project VVTerm for testing with scheme VVTerm
2026-08-10T23:24:44.4027700Z (2 failures)
2026-08-10T23:24:44.5944220Z ##[error]Process completed with exit code 65.
2026-08-10T23:24:44.6291270Z ##[group]Run actions/upload-artifact@v7
2026-08-10T23:24:44.6291550Z with:
2026-08-10T23:24:44.6291720Z   name: build-log
2026-08-10T23:24:44.6291940Z   path: /Users/runner/work/_temp/build.log
2026-08-10T23:24:44.6292210Z   if-no-files-found: ignore
2026-08-10T23:24:44.6292420Z   compression-level: 6
2026-08-10T23:24:44.6292630Z   overwrite: false
2026-08-10T23:24:44.6292820Z   include-hidden-files: false
2026-08-10T23:24:44.6293050Z   archive: true
2026-08-10T23:24:44.6293210Z env:
2026-08-10T23:24:44.6293400Z   HOMEBREW_NO_AUTO_UPDATE: 1
2026-08-10T23:24:44.6293630Z ##[endgroup]
2026-08-10T23:24:44.8313490Z With the provided path, there will be 1 file uploaded
2026-08-10T23:24:44.8316330Z Artifact name is valid!
2026-08-10T23:24:44.8316750Z Root directory input is valid!
2026-08-10T23:24:45.1534960Z Uploading artifact: build-log.zip
2026-08-10T23:24:45.1557790Z Beginning upload of artifact content to blob storage
2026-08-10T23:24:45.4921200Z Uploaded bytes 4785
2026-08-10T23:24:45.5679970Z Finished uploading artifact content to blob storage!
2026-08-10T23:24:45.5682980Z SHA256 digest of uploaded artifact is 44dfbd39c611655a50d6432c803963e4c2e8bc899db33ceb359c952990da4afd
2026-08-10T23:24:45.5685730Z Finalizing artifact upload
2026-08-10T23:24:45.9579010Z Artifact build-log successfully finalized. Artifact ID 9083252259
2026-08-10T23:24:45.9580160Z Artifact build-log has been successfully uploaded! Final size is 4785 bytes. Artifact ID is 9083252259
2026-08-10T23:24:45.9591210Z Artifact download URL: https://github.com/cad0p/vvterm/actions/runs/31442116367/artifacts/9083252259
2026-08-10T23:24:45.9939600Z Post job cleanup.
2026-08-10T23:24:45.9943460Z ##[start-action display=Cache DerivedData + SPM SourcePackages (mtime-aware);id=__f531dc82-6dae-4588-b8b9-b22ba4ef20b0.__irgaly_xcode-cache]
2026-08-10T23:24:45.9947410Z ##[end-action id=__f531dc82-6dae-4588-b8b9-b22ba4ef20b0.__irgaly_xcode-cache;outcome=skipped;conclusion=skipped;duration_ms=0]
2026-08-10T23:24:46.0014870Z Post job cleanup.
2026-08-10T23:24:46.1040230Z [command]/opt/homebrew/bin/git version
2026-08-10T23:24:46.1629660Z git version 2.55.0
2026-08-10T23:24:46.1646540Z Copying '/Users/runner/.gitconfig' to '/Users/runner/work/_temp/e724dbb8-51fb-4b7a-99b2-31e9ee2e24d1/.gitconfig'
2026-08-10T23:24:46.1653260Z Temporarily overriding HOME='/Users/runner/work/_temp/e724dbb8-51fb-4b7a-99b2-31e9ee2e24d1' before making global git config changes
2026-08-10T23:24:46.1653960Z Adding repository directory to the temporary git global config as a safe directory
2026-08-10T23:24:46.1656610Z [command]/opt/homebrew/bin/git config --global --add safe.directory /Users/runner/work/vvterm/vvterm
2026-08-10T23:24:46.1770690Z Removing SSH command configuration
2026-08-10T23:24:46.1776700Z [command]/opt/homebrew/bin/git config --local --name-only --get-regexp core\.sshCommand
2026-08-10T23:24:46.1980220Z [command]/opt/homebrew/bin/git submodule foreach --recursive sh -c "git config --local --name-only --get-regexp 'core\.sshCommand' && git config --local --unset-all 'core.sshCommand' || :"
2026-08-10T23:24:46.4481740Z Removing HTTP extra header
2026-08-10T23:24:46.4486510Z [command]/opt/homebrew/bin/git config --local --name-only --get-regexp http\.https\:\/\/github\.com\/\.extraheader
2026-08-10T23:24:46.4554950Z [command]/opt/homebrew/bin/git submodule foreach --recursive sh -c "git config --local --name-only --get-regexp 'http\.https\:\/\/github\.com\/\.extraheader' && git config --local --unset-all 'http.https://github.com/.extraheader' || :"
2026-08-10T23:24:46.5384280Z Removing includeIf entries pointing to credentials config files
2026-08-10T23:24:46.5389090Z [command]/opt/homebrew/bin/git config --local --name-only --get-regexp ^includeIf\.gitdir:
2026-08-10T23:24:46.5439790Z includeif.gitdir:/Users/runner/work/vvterm/vvterm/.git.path
2026-08-10T23:24:46.5440280Z includeif.gitdir:/Users/runner/work/vvterm/vvterm/.git/worktrees/*.path
2026-08-10T23:24:46.5440650Z includeif.gitdir:/github/workspace/.git.path
2026-08-10T23:24:46.5441010Z includeif.gitdir:/github/workspace/.git/worktrees/*.path
2026-08-10T23:24:46.5445940Z [command]/opt/homebrew/bin/git config --local --get-all includeif.gitdir:/Users/runner/work/vvterm/vvterm/.git.path
2026-08-10T23:24:46.5497040Z /Users/runner/work/_temp/git-credentials-b89bb1fc-5b55-4e2e-a10d-70f80aedf4c9.config
2026-08-10T23:24:46.5694170Z [command]/opt/homebrew/bin/git config --local --unset includeif.gitdir:/Users/runner/work/vvterm/vvterm/.git.path \/Users\/runner\/work\/_temp\/git\-credentials\-b89bb1fc\-5b55\-4e2e\-a10d\-70f80aedf4c9\.config
2026-08-10T23:24:46.5702300Z [command]/opt/homebrew/bin/git config --local --get-all includeif.gitdir:/Users/runner/work/vvterm/vvterm/.git/worktrees/*.path
2026-08-10T23:24:46.5703000Z /Users/runner/work/_temp/git-credentials-b89bb1fc-5b55-4e2e-a10d-70f80aedf4c9.config
2026-08-10T23:24:46.5704350Z [command]/opt/homebrew/bin/git config --local --unset includeif.gitdir:/Users/runner/work/vvterm/vvterm/.git/worktrees/*.path \/Users\/runner\/work\/_temp\/git\-credentials\-b89bb1fc\-5b55\-4e2e\-a10d\-70f80aedf4c9\.config
2026-08-10T23:24:46.5752330Z [command]/opt/homebrew/bin/git config --local --get-all includeif.gitdir:/github/workspace/.git.path
2026-08-10T23:24:46.5800880Z /github/runner_temp/git-credentials-b89bb1fc-5b55-4e2e-a10d-70f80aedf4c9.config
2026-08-10T23:24:46.5805920Z [command]/opt/homebrew/bin/git config --local --unset includeif.gitdir:/github/workspace/.git.path \/github\/runner_temp\/git\-credentials\-b89bb1fc\-5b55\-4e2e\-a10d\-70f80aedf4c9\.config
2026-08-10T23:24:46.5860200Z [command]/opt/homebrew/bin/git config --local --get-all includeif.gitdir:/github/workspace/.git/worktrees/*.path
2026-08-10T23:24:46.5907000Z /github/runner_temp/git-credentials-b89bb1fc-5b55-4e2e-a10d-70f80aedf4c9.config
2026-08-10T23:24:46.5912160Z [command]/opt/homebrew/bin/git config --local --unset includeif.gitdir:/github/workspace/.git/worktrees/*.path \/github\/runner_temp\/git\-credentials\-b89bb1fc\-5b55\-4e2e\-a10d\-70f80aedf4c9\.config
2026-08-10T23:24:46.6072430Z [command]/opt/homebrew/bin/git submodule foreach --recursive git config --local --show-origin --name-only --get-regexp remote.origin.url
2026-08-10T23:24:46.6769940Z Removing credentials config '/Users/runner/work/_temp/git-credentials-b89bb1fc-5b55-4e2e-a10d-70f80aedf4c9.config'
2026-08-10T23:24:46.6850720Z Cleaning up orphan processes
2026-08-10T23:24:47.4171080Z Terminate orphan process: pid (48446) (ibtoold)
2026-08-10T23:24:47.4855750Z Terminate orphan process: pid (48429) (ibtoold)
