2026-08-10T23:42:00.5317030Z Current runner version: '2.336.0'
2026-08-10T23:42:00.5344420Z ##[group]Runner Image Provisioner
2026-08-10T23:42:00.5345310Z Hosted Compute Agent
2026-08-10T23:42:00.5346060Z Version: 20260729.566
2026-08-10T23:42:00.5346760Z Commit: cf7153fe6e25b664e8693c24944bf2b00355d109
2026-08-10T23:42:00.5347970Z Build Date: 2026-07-29T19:17:02Z
2026-08-10T23:42:00.5348650Z Worker ID: {5072b1dd-39d4-4328-9e59-1426416b8056}
2026-08-10T23:42:00.5349280Z Azure Region: westus
2026-08-10T23:42:00.5349800Z ##[endgroup]
2026-08-10T23:42:00.5351240Z ##[group]Operating System
2026-08-10T23:42:00.5351770Z macOS
2026-08-10T23:42:00.5352460Z 26.5.2
2026-08-10T23:42:00.5353160Z 25F84
2026-08-10T23:42:00.5353790Z ##[endgroup]
2026-08-10T23:42:00.5354320Z ##[group]Runner Image
2026-08-10T23:42:00.5354990Z Image: xcode-27-arm64
2026-08-10T23:42:00.5355620Z Version: 20260805.0079.1
2026-08-10T23:42:00.5356940Z Included Software: https://github.com/actions/runner-images/blob/xcode-27-arm64/20260805.0079/images/macos/xcode-27-arm64-Readme.md
2026-08-10T23:42:00.5358500Z Image Release: https://github.com/actions/runner-images/releases/tag/xcode-27-arm64%2F20260805.0079
2026-08-10T23:42:00.5359650Z ##[endgroup]
2026-08-10T23:42:00.5361060Z ##[group]GITHUB_TOKEN Permissions
2026-08-10T23:42:00.5363280Z Actions: read
2026-08-10T23:42:00.5364420Z Contents: read
2026-08-10T23:42:00.5365550Z Metadata: read
2026-08-10T23:42:00.5366330Z ##[endgroup]
2026-08-10T23:42:00.5371150Z Secret source: Actions
2026-08-10T23:42:00.5374090Z Prepare workflow directory
2026-08-10T23:42:00.5997320Z Prepare all required actions
2026-08-10T23:42:00.6067300Z Getting action download info
2026-08-10T23:42:00.7433950Z Download action repository 'actions/checkout@v7' (SHA:3d3c42e5aac5ba805825da76410c181273ba90b1)
2026-08-10T23:42:01.0056340Z Download action repository 'actions/upload-artifact@v7' (SHA:043fb46d1a93c77aae656e7c1c64a875d1fc6a0a)
2026-08-10T23:42:01.2148310Z Complete job name: build
2026-08-10T23:42:01.2877970Z ##[group]Run actions/checkout@v7
2026-08-10T23:42:01.2878850Z with:
2026-08-10T23:42:01.2879280Z   fetch-depth: 0
2026-08-10T23:42:01.2879770Z   repository: cad0p/vvterm
2026-08-10T23:42:01.2884760Z   token: ***
2026-08-10T23:42:01.2885330Z   ssh-strict: true
2026-08-10T23:42:01.2885850Z   ssh-user: git
2026-08-10T23:42:01.2886500Z   persist-credentials: true
2026-08-10T23:42:01.2887150Z   clean: true
2026-08-10T23:42:01.2887840Z   sparse-checkout-cone-mode: true
2026-08-10T23:42:01.2888530Z   fetch-tags: false
2026-08-10T23:42:01.2889160Z   show-progress: true
2026-08-10T23:42:01.2889820Z   lfs: false
2026-08-10T23:42:01.2911560Z   submodules: false
2026-08-10T23:42:01.2912040Z   set-safe-directory: true
2026-08-10T23:42:01.2912670Z   allow-unsafe-pr-checkout: false
2026-08-10T23:42:01.2913690Z env:
2026-08-10T23:42:01.2914370Z   HOMEBREW_NO_AUTO_UPDATE: 1
2026-08-10T23:42:01.2915150Z ##[endgroup]
2026-08-10T23:42:02.0511260Z Syncing repository: cad0p/vvterm
2026-08-10T23:42:02.0515020Z ##[group]Getting Git version info
2026-08-10T23:42:02.0516130Z Working directory is '/Users/runner/work/vvterm/vvterm'
2026-08-10T23:42:02.0517400Z [command]/opt/homebrew/bin/git version
2026-08-10T23:42:02.0846990Z git version 2.55.0
2026-08-10T23:42:02.1035850Z ##[endgroup]
2026-08-10T23:42:02.1047310Z Copying '/Users/runner/.gitconfig' to '/Users/runner/work/_temp/216e4bd6-032e-43ec-93a9-edee7cbaf211/.gitconfig'
2026-08-10T23:42:02.1053680Z Temporarily overriding HOME='/Users/runner/work/_temp/216e4bd6-032e-43ec-93a9-edee7cbaf211' before making global git config changes
2026-08-10T23:42:02.1058320Z Adding repository directory to the temporary git global config as a safe directory
2026-08-10T23:42:02.1063040Z [command]/opt/homebrew/bin/git config --global --add safe.directory /Users/runner/work/vvterm/vvterm
2026-08-10T23:42:02.1072420Z Deleting the contents of '/Users/runner/work/vvterm/vvterm'
2026-08-10T23:42:02.1074710Z ##[group]Determining repository object format
2026-08-10T23:42:02.1076820Z ##[endgroup]
2026-08-10T23:42:02.1079610Z ##[group]Initializing the repository
2026-08-10T23:42:02.1081980Z [command]/opt/homebrew/bin/git init /Users/runner/work/vvterm/vvterm
2026-08-10T23:42:02.1349400Z hint: Using 'master' as the name for the initial branch. This default branch name
2026-08-10T23:42:02.1452880Z hint: will change to "main" in Git 3.0. To configure the initial branch name
2026-08-10T23:42:02.1557690Z hint: to use in all of your new repositories, which will suppress this warning,
2026-08-10T23:42:02.1661490Z hint: call:
2026-08-10T23:42:02.1764550Z hint:
2026-08-10T23:42:02.1866610Z hint: 	git config --global init.defaultBranch <name>
2026-08-10T23:42:02.1967770Z hint:
2026-08-10T23:42:02.1979120Z hint: Names commonly chosen instead of 'master' are 'main', 'trunk' and
2026-08-10T23:42:02.1984370Z hint: 'development'. The just-created branch can be renamed via this command:
2026-08-10T23:42:02.1991540Z hint:
2026-08-10T23:42:02.1997540Z hint: 	git branch -m <name>
2026-08-10T23:42:02.2046340Z hint:
2026-08-10T23:42:02.2148420Z hint: Disable this message with "git config set advice.defaultBranchName false"
2026-08-10T23:42:02.2251810Z Initialized empty Git repository in /Users/runner/work/vvterm/vvterm/.git/
2026-08-10T23:42:02.2278530Z [command]/opt/homebrew/bin/git remote add origin https://github.com/cad0p/vvterm
2026-08-10T23:42:02.2310590Z ##[endgroup]
2026-08-10T23:42:02.2315220Z ##[group]Disabling automatic garbage collection
2026-08-10T23:42:02.2316060Z [command]/opt/homebrew/bin/git config --local gc.auto 0
2026-08-10T23:42:02.2367000Z ##[endgroup]
2026-08-10T23:42:02.2372930Z ##[group]Setting up auth
2026-08-10T23:42:02.2377530Z Removing SSH command configuration
2026-08-10T23:42:02.2386660Z [command]/opt/homebrew/bin/git config --local --name-only --get-regexp core\.sshCommand
2026-08-10T23:42:02.2513390Z [command]/opt/homebrew/bin/git submodule foreach --recursive sh -c "git config --local --name-only --get-regexp 'core\.sshCommand' && git config --local --unset-all 'core.sshCommand' || :"
2026-08-10T23:42:02.3338430Z Removing HTTP extra header
2026-08-10T23:42:02.3443290Z [command]/opt/homebrew/bin/git config --local --name-only --get-regexp http\.https\:\/\/github\.com\/\.extraheader
2026-08-10T23:42:02.3633570Z [command]/opt/homebrew/bin/git submodule foreach --recursive sh -c "git config --local --name-only --get-regexp 'http\.https\:\/\/github\.com\/\.extraheader' && git config --local --unset-all 'http.https://github.com/.extraheader' || :"
2026-08-10T23:42:02.5268560Z Removing includeIf entries pointing to credentials config files
2026-08-10T23:42:02.5373620Z [command]/opt/homebrew/bin/git config --local --name-only --get-regexp ^includeIf\.gitdir:
2026-08-10T23:42:02.5584340Z [command]/opt/homebrew/bin/git submodule foreach --recursive git config --local --show-origin --name-only --get-regexp remote.origin.url
2026-08-10T23:42:02.7210570Z [command]/opt/homebrew/bin/git config --file /Users/runner/work/_temp/git-credentials-9453b43c-411e-428d-a043-921fc6c0a36d.config http.https://github.com/.extraheader AUTHORIZATION: basic ***
2026-08-10T23:42:02.7526920Z [command]/opt/homebrew/bin/git config --local includeIf.gitdir:/Users/runner/work/vvterm/vvterm/.git.path /Users/runner/work/_temp/git-credentials-9453b43c-411e-428d-a043-921fc6c0a36d.config
2026-08-10T23:42:02.7842940Z [command]/opt/homebrew/bin/git config --local includeIf.gitdir:/Users/runner/work/vvterm/vvterm/.git/worktrees/*.path /Users/runner/work/_temp/git-credentials-9453b43c-411e-428d-a043-921fc6c0a36d.config
2026-08-10T23:42:02.8012440Z [command]/opt/homebrew/bin/git config --local includeIf.gitdir:/github/workspace/.git.path /github/runner_temp/git-credentials-9453b43c-411e-428d-a043-921fc6c0a36d.config
2026-08-10T23:42:02.8023650Z [command]/opt/homebrew/bin/git config --local includeIf.gitdir:/github/workspace/.git/worktrees/*.path /github/runner_temp/git-credentials-9453b43c-411e-428d-a043-921fc6c0a36d.config
2026-08-10T23:42:02.8031880Z ##[endgroup]
2026-08-10T23:42:02.8034630Z ##[group]Fetching the repository
2026-08-10T23:42:02.8041240Z [command]/opt/homebrew/bin/git -c protocol.version=2 fetch --no-tags --prune --no-recurse-submodules origin +refs/heads/*:refs/remotes/origin/* +refs/tags/*:refs/tags/* +cf5f6f4a04420806bc41ccd0248cd3d955ef47a6:refs/remotes/pull/124/merge
2026-08-10T23:42:16.4782270Z From https://github.com/cad0p/vvterm
2026-08-10T23:42:16.4783780Z  * [new branch]      chore/cleanup-76-test-fixes              -> origin/chore/cleanup-76-test-fixes
2026-08-10T23:42:16.4889250Z  * [new branch]      chore/keep-terminal-size-default-on      -> origin/chore/keep-terminal-size-default-on
2026-08-10T23:42:16.4992880Z  * [new branch]      chore/sync-upstream-2026-08              -> origin/chore/sync-upstream-2026-08
2026-08-10T23:42:16.5096120Z  * [new branch]      chore/sync-upstream-squash-merge         -> origin/chore/sync-upstream-squash-merge
2026-08-10T23:42:16.5200720Z  * [new branch]      ci/build-includes-unit-tests-scheme      -> origin/ci/build-includes-unit-tests-scheme
2026-08-10T23:42:16.5303940Z  * [new branch]      ci/coalesce-pending-status               -> origin/ci/coalesce-pending-status
2026-08-10T23:42:16.5408030Z  * [new branch]      ci/ota-comment-changes-route             -> origin/ci/ota-comment-changes-route
2026-08-10T23:42:16.5511740Z  * [new branch]      ci/ota-testflight-style-coalescing       -> origin/ci/ota-testflight-style-coalescing
2026-08-10T23:42:16.5619720Z  * [new branch]      ci/parallelize-ui-tests                  -> origin/ci/parallelize-ui-tests
2026-08-10T23:42:16.5724730Z  * [new branch]      ci/quarantine-cross-app-focus            -> origin/ci/quarantine-cross-app-focus
2026-08-10T23:42:16.5781510Z  * [new branch]      ci/testflight-force-pro-push             -> origin/ci/testflight-force-pro-push
2026-08-10T23:42:16.5886670Z  * [new branch]      ci/testflight-on-push-to-main            -> origin/ci/testflight-on-push-to-main
2026-08-10T23:42:16.5991240Z  * [new branch]      codex/fix-settings-and-voice-overlay     -> origin/codex/fix-settings-and-voice-overlay
2026-08-10T23:42:16.6098640Z  * [new branch]      feat/force-pro-build-flag                -> origin/feat/force-pro-build-flag
2026-08-10T23:42:16.6202740Z  * [new branch]      feat/fork-rebrand-it-pcad                -> origin/feat/fork-rebrand-it-pcad
2026-08-10T23:42:16.6306270Z  * [new branch]      feat/ota-container-assignment-script     -> origin/feat/ota-container-assignment-script
2026-08-10T23:42:16.6413610Z  * [new branch]      feat/renew-ota-comment                   -> origin/feat/renew-ota-comment
2026-08-10T23:42:16.6519100Z  * [new branch]      feat/sep-webauthn-iotest-simulator       -> origin/feat/sep-webauthn-iotest-simulator
2026-08-10T23:42:16.6624240Z  * [new branch]      feat/share-diagnostics                   -> origin/feat/share-diagnostics
2026-08-10T23:42:16.6726840Z  * [new branch]      feat/teleport-passwordless-login         -> origin/feat/teleport-passwordless-login
2026-08-10T23:42:16.6830730Z  * [new branch]      feat/teleport-sep-key-integration        -> origin/feat/teleport-sep-key-integration
2026-08-10T23:42:16.6934200Z  * [new branch]      feat/zen-fullscreen                      -> origin/feat/zen-fullscreen
2026-08-10T23:42:16.7036630Z  * [new branch]      fix/diagnostics-ring-buffer-81           -> origin/fix/diagnostics-ring-buffer-81
2026-08-10T23:42:16.7140030Z  * [new branch]      fix/exec-cancellation-teardown           -> origin/fix/exec-cancellation-teardown
2026-08-10T23:42:16.7244550Z  * [new branch]      fix/ios-testflight-auto-bump-build-number -> origin/fix/ios-testflight-auto-bump-build-number
2026-08-10T23:42:16.7349170Z  * [new branch]      fix/ios-testflight-build-id-extraction   -> origin/fix/ios-testflight-build-id-extraction
2026-08-10T23:42:16.7452550Z  * [new branch]      fix/ios-testflight-cmlx-signing          -> origin/fix/ios-testflight-cmlx-signing
2026-08-10T23:42:16.7611340Z  * [new branch]      fix/keyboard-avoidance-lift-cap          -> origin/fix/keyboard-avoidance-lift-cap
2026-08-10T23:42:16.7731580Z  * [new branch]      fix/osc8-links-clickable                 -> origin/fix/osc8-links-clickable
2026-08-10T23:42:16.7843790Z  * [new branch]      fix/osc8-test-async-wait                 -> origin/fix/osc8-test-async-wait
2026-08-10T23:42:16.7948450Z  * [new branch]      fix/osc8-test-callsite                   -> origin/fix/osc8-test-callsite
2026-08-10T23:42:16.8055410Z  * [new branch]      fix/osc8-url-decode                      -> origin/fix/osc8-url-decode
2026-08-10T23:42:16.8158560Z  * [new branch]      fix/ota-renew-closed-prs                 -> origin/fix/ota-renew-closed-prs
2026-08-10T23:42:16.8263720Z  * [new branch]      fix/ota-slash-only-index                 -> origin/fix/ota-slash-only-index
2026-08-10T23:42:16.8367200Z  * [new branch]      fix/renew-cmd-pr-number                  -> origin/fix/renew-cmd-pr-number
2026-08-10T23:42:16.8468980Z  * [new branch]      fix/renew-reaction-perms                 -> origin/fix/renew-reaction-perms
2026-08-10T23:42:16.8571800Z  * [new branch]      fix/session-2.3-pre-existing-test-failures -> origin/fix/session-2.3-pre-existing-test-failures
2026-08-10T23:42:16.8675410Z  * [new branch]      fix/task-yield-polling-races-xcode27     -> origin/fix/task-yield-polling-races-xcode27
2026-08-10T23:42:16.8709970Z  * [new branch]      fix/teleport-77-inner-shell-stall        -> origin/fix/teleport-77-inner-shell-stall
2026-08-10T23:42:16.8732120Z  * [new branch]      fix/teleport-e2e-macos-fixtures          -> origin/fix/teleport-e2e-macos-fixtures
2026-08-10T23:42:16.8736100Z  * [new branch]      fix/testflight-status-filter             -> origin/fix/testflight-status-filter
2026-08-10T23:42:16.8767090Z  * [new branch]      fix/zmx-keyboard-reveal-caret            -> origin/fix/zmx-keyboard-reveal-caret
2026-08-10T23:42:16.8772720Z  * [new branch]      fix/zmx-probes-non-login-shell           -> origin/fix/zmx-probes-non-login-shell
2026-08-10T23:42:16.8794350Z  * [new branch]      main                                     -> origin/main
2026-08-10T23:42:16.8823270Z  * [new branch]      ota-faster-publish                       -> origin/ota-faster-publish
2026-08-10T23:42:16.8840340Z  * [new branch]      ota-url-redesign                         -> origin/ota-url-redesign
2026-08-10T23:42:16.8847450Z  * [new branch]      repro/zmx-scrollback-reload              -> origin/repro/zmx-scrollback-reload
2026-08-10T23:42:16.8873330Z  * [new branch]      revert/icloud-container-script           -> origin/revert/icloud-container-script
2026-08-10T23:42:16.8875080Z  * [new branch]      revert/upstream-sync-pr32                -> origin/revert/upstream-sync-pr32
2026-08-10T23:42:16.8878320Z  * [new branch]      spike/1.10-cert-grpc-sep-key             -> origin/spike/1.10-cert-grpc-sep-key
2026-08-10T23:42:16.8901700Z  * [new branch]      spike/1.11-browser-mfa                   -> origin/spike/1.11-browser-mfa
2026-08-10T23:42:16.8941550Z  * [new branch]      spike/1.12-phase3-logging                -> origin/spike/1.12-phase3-logging
2026-08-10T23:42:16.8967770Z  * [new branch]      spike/1.7-wkwebview-ceremony             -> origin/spike/1.7-wkwebview-ceremony
2026-08-10T23:42:16.8976850Z  * [new branch]      spike/1.9-headless-bootstrap             -> origin/spike/1.9-headless-bootstrap
2026-08-10T23:42:16.9079160Z  * [new branch]      sync/upstream-proper-squash              -> origin/sync/upstream-proper-squash
2026-08-10T23:42:16.9136960Z  * [new branch]      test/ota-pipeline-check                  -> origin/test/ota-pipeline-check
2026-08-10T23:42:16.9242720Z  * [new ref]         cf5f6f4a04420806bc41ccd0248cd3d955ef47a6 -> pull/124/merge
2026-08-10T23:42:16.9384760Z ##[endgroup]
2026-08-10T23:42:16.9401490Z ##[group]Determining the checkout info
2026-08-10T23:42:16.9436870Z ##[endgroup]
2026-08-10T23:42:16.9437950Z [command]/opt/homebrew/bin/git sparse-checkout disable
2026-08-10T23:42:16.9445070Z [command]/opt/homebrew/bin/git config --local --unset-all extensions.worktreeConfig
2026-08-10T23:42:16.9451150Z ##[group]Checking out the ref
2026-08-10T23:42:16.9453470Z [command]/opt/homebrew/bin/git checkout --progress --force refs/remotes/pull/124/merge
2026-08-10T23:42:17.6447910Z Updating files:  92% (1208/1301)
2026-08-10T23:42:17.6753450Z Updating files:  93% (1210/1301)
2026-08-10T23:42:17.6855690Z Updating files:  94% (1223/1301)
2026-08-10T23:42:17.6958650Z Updating files:  95% (1236/1301)
2026-08-10T23:42:17.7059030Z Updating files:  96% (1249/1301)
2026-08-10T23:42:17.7247780Z Updating files:  97% (1262/1301)
2026-08-10T23:42:17.7249810Z Updating files:  98% (1275/1301)
2026-08-10T23:42:17.7351050Z Updating files:  99% (1288/1301)
2026-08-10T23:42:17.7459520Z Updating files: 100% (1301/1301)
2026-08-10T23:42:17.7562360Z Updating files: 100% (1301/1301), done.
2026-08-10T23:42:17.7652730Z HEAD is now at cf5f6f4 Merge 9e3f116a04193c1edc06987126d66d53cf8b89aa into e572bb2ff375141920c6e0577df532b69743bd55
2026-08-10T23:42:17.7910970Z ##[endgroup]
2026-08-10T23:42:17.7913350Z [command]/opt/homebrew/bin/git log -1 --format=%H
2026-08-10T23:42:17.7914160Z cf5f6f4a04420806bc41ccd0248cd3d955ef47a6
2026-08-10T23:42:17.8150280Z Prepare all required actions
2026-08-10T23:42:17.8150900Z Getting action download info
2026-08-10T23:42:17.8749830Z Download action repository 'chetan/git-restore-mtime-action@v2' (SHA:d186aca54f8760da4dec55313195e51ed3ebb0b3)
2026-08-10T23:42:18.4742010Z Download action repository 'irgaly/xcode-cache@v1' (SHA:4141f139f00e335c6e1031fb93e667181f86146f)
2026-08-10T23:42:19.4694680Z ##[group]Run ./.github/actions/prepare-xcode-build
2026-08-10T23:42:19.4695060Z with:
2026-08-10T23:42:19.4695390Z   deriveddata-key-prefix: xcode27-deriveddata-ct
2026-08-10T23:42:19.4695900Z   deriveddata-restore-keys: xcode27-deriveddata-ct-VVTerm PR CI-
2026-08-10T23:42:19.4696560Z env:
2026-08-10T23:42:19.4696760Z   HOMEBREW_NO_AUTO_UPDATE: 1
2026-08-10T23:42:19.4697050Z ##[endgroup]
2026-08-10T23:42:19.4776750Z ##[start-action display=Restore source mtimes;id=__self.__chetan_git-restore-mtime-action]
2026-08-10T23:42:19.4847280Z ##[group]Run chetan/git-restore-mtime-action@v2
2026-08-10T23:42:19.4847970Z with:
2026-08-10T23:42:19.4848930Z   args: --commit-time
2026-08-10T23:42:19.4849750Z   working-directory: .
2026-08-10T23:42:19.4850040Z env:
2026-08-10T23:42:19.4850260Z   HOMEBREW_NO_AUTO_UPDATE: 1
2026-08-10T23:42:19.4850580Z ##[endgroup]
2026-08-10T23:42:19.4869560Z ##[start-action display=Run cd "." && "$GITHUB_ACTION_PATH"/git-restore-mtime --commit-time;id=__self.__chetan_git-restore-mtime-action.__run]
2026-08-10T23:42:19.4910240Z ##[group]Run cd "." && "$GITHUB_ACTION_PATH"/git-restore-mtime --commit-time
2026-08-10T23:42:19.4910910Z [36;1mcd "." && "$GITHUB_ACTION_PATH"/git-restore-mtime --commit-time[0m
2026-08-10T23:42:19.4973450Z shell: /bin/bash --noprofile --norc -e -o pipefail {0}
2026-08-10T23:42:19.4973780Z env:
2026-08-10T23:42:19.4974000Z   HOMEBREW_NO_AUTO_UPDATE: 1
2026-08-10T23:42:19.4974300Z ##[endgroup]
2026-08-10T23:42:20.7321190Z 1,301 files to be processed in work dir
2026-08-10T23:42:21.7888430Z Statistics:
2026-08-10T23:42:21.7928620Z          2.01 seconds
2026-08-10T23:42:21.7981290Z         6,229 log lines processed
2026-08-10T23:42:21.8030360Z           599 commits evaluated
2026-08-10T23:42:21.8043380Z           179 directories updated
2026-08-10T23:42:21.8049710Z         1,301 files updated
2026-08-10T23:42:21.8073020Z ##[end-action id=__self.__chetan_git-restore-mtime-action.__run;outcome=success;conclusion=success;duration_ms=2320]
2026-08-10T23:42:21.8085730Z ##[end-action id=__self.__chetan_git-restore-mtime-action;outcome=success;conclusion=success;duration_ms=2330]
2026-08-10T23:42:21.8089370Z ##[start-action display=Cache DerivedData + SPM SourcePackages (mtime-aware);id=__self.__irgaly_xcode-cache]
2026-08-10T23:42:22.1629840Z ##[group]Run irgaly/xcode-cache@v1
2026-08-10T23:42:22.1630250Z with:
2026-08-10T23:42:22.1630750Z   key: xcode27-deriveddata-ct-VVTerm PR CI-cf5f6f4a04420806bc41ccd0248cd3d955ef47a6
2026-08-10T23:42:22.1631350Z   restore-keys: xcode27-deriveddata-ct-VVTerm PR CI-
2026-08-10T23:42:22.1631990Z   deriveddata-directory: /Users/runner/work/_temp/DerivedData
2026-08-10T23:42:22.1632730Z   swiftpm-cache-key: xcode27-spm-d3d2decc7debed42b204d94c8d37ede0e53653e0b716a7810809ed37837824c3
2026-08-10T23:42:22.1633830Z   swiftpm-cache-restore-keys: xcode27-spm-

2026-08-10T23:42:22.1634310Z   use-default-mtime-targets: true
2026-08-10T23:42:22.1634560Z   delete-used-deriveddata-cache: false
2026-08-10T23:42:22.1637760Z   token: ***
2026-08-10T23:42:22.1637990Z   verbose: false
2026-08-10T23:42:22.1638290Z   cache-read-only: false
2026-08-10T23:42:22.1638580Z env:
2026-08-10T23:42:22.1638850Z   HOMEBREW_NO_AUTO_UPDATE: 1
2026-08-10T23:42:22.1639060Z ##[endgroup]
2026-08-10T23:42:22.3518540Z Input parameters:
2026-08-10T23:42:22.3534000Z   key = xcode27-deriveddata-ct-VVTerm PR CI-cf5f6f4a04420806bc41ccd0248cd3d955ef47a6
2026-08-10T23:42:22.3536300Z   restoreKeys = xcode27-deriveddata-ct-VVTerm PR CI-
2026-08-10T23:42:22.3537910Z   derivedDataDirectory = /Users/runner/work/_temp/DerivedData
2026-08-10T23:42:22.3538710Z   sourcePackagesDirectory = null
2026-08-10T23:42:22.3540920Z   restoreMtimeTargets = 
2026-08-10T23:42:22.3542130Z   swiftpmPackageResolvedFile = 
2026-08-10T23:42:22.3542970Z   swiftpmCacheKey = xcode27-spm-d3d2decc7debed42b204d94c8d37ede0e53653e0b716a7810809ed37837824c3
2026-08-10T23:42:22.3544100Z   swiftpmCacheRestoreKeys = xcode27-spm-
2026-08-10T23:42:22.3544850Z   useDefaultMtimeTargets = true
2026-08-10T23:42:22.3545270Z   deleteUsedDerivedDataCache = false
2026-08-10T23:42:22.3550090Z   token = ***
2026-08-10T23:42:22.3550550Z   verbose = false
2026-08-10T23:42:22.3550890Z   cacheReadOnly = false
2026-08-10T23:42:22.3551140Z 
2026-08-10T23:42:22.3582120Z [23:42:22]: Restoring DerivedData...
2026-08-10T23:42:22.3582970Z cache key:
2026-08-10T23:42:22.3584160Z   xcode27-deriveddata-ct-VVTerm PR CI-cf5f6f4a04420806bc41ccd0248cd3d955ef47a6
2026-08-10T23:42:22.3585620Z restore keys:
2026-08-10T23:42:22.3586570Z   xcode27-deriveddata-ct-VVTerm PR CI-
2026-08-10T23:42:22.4530950Z Cache hit for restore-key: xcode27-deriveddata-ct-VVTerm PR CI-a8795896922c21a860619386ef080e806bbb0bbd
2026-08-10T23:42:23.5267560Z Received 134217728 of 1489019233 (9.0%), 127.7 MBs/sec
2026-08-10T23:42:24.6488850Z Received 268435456 of 1489019233 (18.0%), 120.5 MBs/sec
2026-08-10T23:42:25.6446060Z Received 402653184 of 1489019233 (27.0%), 122.8 MBs/sec
2026-08-10T23:42:26.6476190Z Received 536870912 of 1489019233 (36.1%), 124.1 MBs/sec
2026-08-10T23:42:27.6939440Z Received 654311424 of 1489019233 (43.9%), 120.7 MBs/sec
2026-08-10T23:42:28.6954220Z Received 796917760 of 1489019233 (53.5%), 123.2 MBs/sec
2026-08-10T23:42:29.7160930Z Received 914358272 of 1489019233 (61.4%), 121.2 MBs/sec
2026-08-10T23:42:30.7401590Z Received 1048576000 of 1489019233 (70.4%), 121.7 MBs/sec
2026-08-10T23:42:31.7536500Z Received 1174405120 of 1489019233 (78.9%), 121.3 MBs/sec
2026-08-10T23:42:32.7561830Z Received 1325400064 of 1489019233 (89.0%), 123.5 MBs/sec
2026-08-10T23:42:33.8120870Z Received 1476395008 of 1489019233 (99.2%), 124.7 MBs/sec
2026-08-10T23:42:34.0135560Z Received 1489019233 of 1489019233 (100.0%), 123.6 MBs/sec
2026-08-10T23:42:34.0237100Z Cache Size: ~1420 MB (1489019233 B)
2026-08-10T23:42:34.0349850Z [command]/opt/homebrew/bin/gtar -xf /Users/runner/work/_temp/590d944f-443a-4931-a387-2e54aea912e3/cache.tzst -P -C /Users/runner/work/vvterm/vvterm --delay-directory-restore --use-compress-program unzstd
2026-08-10T23:42:58.7306210Z Cache restored successfully
2026-08-10T23:42:58.8137820Z Restored cache key:
2026-08-10T23:42:58.8189950Z   xcode27-deriveddata-ct-VVTerm PR CI-a8795896922c21a860619386ef080e806bbb0bbd
2026-08-10T23:42:58.8667140Z Restored to:
2026-08-10T23:42:58.8770100Z   /Users/runner/work/_temp/DerivedData
2026-08-10T23:42:58.8871670Z [23:42:58]: 36.510s
2026-08-10T23:42:58.8973310Z 
2026-08-10T23:42:58.9731060Z There are no SourcePackages directory in DerivedData, skip restoring SourcePackages
2026-08-10T23:42:58.9831010Z 
2026-08-10T23:42:58.9932550Z [23:42:58]: Restoring mtime...
2026-08-10T23:42:59.0033770Z Restoring from:
2026-08-10T23:42:59.0135950Z   /Users/runner/work/_temp/DerivedData/xcode-cache-mtime.json
2026-08-10T23:42:59.0238370Z Restored 6 file's mtimes.
2026-08-10T23:42:59.0341220Z [23:42:59]: 0.115s
2026-08-10T23:42:59.0442520Z 
2026-08-10T23:42:59.0544100Z set-output: restored = true
2026-08-10T23:42:59.0646170Z set-output: restored-key = xcode27-deriveddata-ct-VVTerm PR CI-a8795896922c21a860619386ef080e806bbb0bbd
2026-08-10T23:42:59.0747280Z set-output: swiftpm-restored = false
2026-08-10T23:42:59.0849060Z swiftpm-restored-key will not set
2026-08-10T23:42:59.0989130Z ##[end-action id=__self.__irgaly_xcode-cache;outcome=success;conclusion=success;duration_ms=37289]
2026-08-10T23:42:59.1001650Z ##[start-action display=Clear stale PCM module cache;id=__self.__run]
2026-08-10T23:42:59.1091940Z ##[group]Run rm -rf "$RUNNER_TEMP/DerivedData/ModuleCache.noindex"
2026-08-10T23:42:59.1092670Z [36;1mrm -rf "$RUNNER_TEMP/DerivedData/ModuleCache.noindex"[0m
2026-08-10T23:42:59.1535450Z shell: /bin/bash --noprofile --norc -e -o pipefail {0}
2026-08-10T23:42:59.1542740Z env:
2026-08-10T23:42:59.1544210Z   HOMEBREW_NO_AUTO_UPDATE: 1
2026-08-10T23:42:59.1544790Z ##[endgroup]
2026-08-10T23:42:59.2990560Z ##[end-action id=__self.__run;outcome=success;conclusion=success;duration_ms=198]
2026-08-10T23:42:59.2995270Z ##[start-action display=Download Metal toolchain;id=__self.__run_2]
2026-08-10T23:42:59.3048590Z ##[group]Run xcodebuild -downloadComponent MetalToolchain
2026-08-10T23:42:59.3049230Z [36;1mxcodebuild -downloadComponent MetalToolchain[0m
2026-08-10T23:42:59.3133530Z shell: /bin/bash --noprofile --norc -e -o pipefail {0}
2026-08-10T23:42:59.3134350Z env:
2026-08-10T23:42:59.3136770Z   HOMEBREW_NO_AUTO_UPDATE: 1
2026-08-10T23:42:59.3137270Z ##[endgroup]
2026-08-10T23:43:05.0574970Z Beginning asset download...
2026-08-10T23:43:09.3024970Z Downloading... (33 kB of 838.9 MB downloaded)
2026-08-10T23:43:11.3035140Z Downloading... (84 MB of 838.9 MB downloaded)
2026-08-10T23:43:13.3074790Z Downloading... (168 MB of 838.9 MB downloaded)
2026-08-10T23:43:15.3034040Z Downloading... (252.5 MB of 838.9 MB downloaded)
2026-08-10T23:43:17.3028480Z Downloading... (336.5 MB of 838.9 MB downloaded)
2026-08-10T23:43:19.3045680Z Downloading... (420.6 MB of 838.9 MB downloaded)
2026-08-10T23:43:21.3030140Z Downloading... (504.6 MB of 838.9 MB downloaded)
2026-08-10T23:43:23.3030380Z Downloading... (588.6 MB of 838.9 MB downloaded)
2026-08-10T23:43:25.3037270Z Downloading... (673.2 MB of 838.9 MB downloaded)
2026-08-10T23:43:27.2943110Z Downloading... (757.3 MB of 838.9 MB downloaded)
2026-08-10T23:43:29.2930680Z Downloading... (826.8 MB of 838.9 MB downloaded)
2026-08-10T23:43:33.1119540Z Downloading... (828.5 MB of 838.9 MB downloaded)
2026-08-10T23:43:33.1252650Z Downloaded asset to: /System/Library/AssetsV2/com_apple_MobileAsset_MetalToolchain/e0303a069097c7034cc5befc63a7a7c2c8ee7720.asset/AssetData/Restore/022-22115-070.dmg
2026-08-10T23:43:33.1362430Z Done downloading: Metal Toolchain 27A5228f.
2026-08-10T23:43:33.9397480Z ##[end-action id=__self.__run_2;outcome=success;conclusion=success;duration_ms=34639]
2026-08-10T23:43:33.9492390Z ##[group]Run set -euo pipefail
2026-08-10T23:43:33.9493080Z [36;1mset -euo pipefail[0m
2026-08-10T23:43:33.9493450Z [36;1m[0m
2026-08-10T23:43:33.9494040Z [36;1m# build-for-testing (not build) so the artifact includes the test[0m
2026-08-10T23:43:33.9494990Z [36;1m# bundles (VVTermTests.xctest + VVTermUITests.xctest) and the[0m
2026-08-10T23:43:33.9495660Z [36;1m# .xctestrun manifest. This lets unit-tests use[0m
2026-08-10T23:43:33.9496160Z [36;1m# `test-without-building` (zero compilation) and lets ui-tests[0m
2026-08-10T23:43:33.9496810Z [36;1m# shards reuse the prebuilt app + test bundles.[0m
2026-08-10T23:43:33.9497300Z [36;1m#[0m
2026-08-10T23:43:33.9497980Z [36;1m# iPhone 17,arch=arm64 — the libssh2 static lib in Vendor/libssh2/ios-simulator[0m
2026-08-10T23:43:33.9498770Z [36;1m# is arm64-only. iPhone 17 exists as a concrete simulator on the iOS 27.0[0m
2026-08-10T23:43:33.9499830Z [36;1m# runtime shipped with Xcode 27; arch=arm64 selects the arm64 slice.[0m
2026-08-10T23:43:33.9500520Z [36;1m#[0m
2026-08-10T23:43:33.9502130Z [36;1m# Ad-hoc sign (CODE_SIGNING_ALLOWED=YES CODE_SIGN_IDENTITY=-) so the[0m
2026-08-10T23:43:33.9503380Z [36;1m# sim app embeds com.apple.security.network.client from[0m
2026-08-10T23:43:33.9504310Z [36;1m# VVTerm.entitlements. An UNSIGNED sim app has no entitlements and[0m
2026-08-10T23:43:33.9507220Z [36;1m# the iOS sim sandbox parks Network.framework connections of[0m
2026-08-10T23:43:33.9508500Z [36;1m# unentitled apps in .waiting(.waitingForNetwork) forever — this[0m
2026-08-10T23:43:33.9509420Z [36;1m# wedges the network monitor (NWPathMonitor), which gates the[0m
2026-08-10T23:43:33.9510700Z [36;1m# terminal's initial connect, so the loopback-SSH fixture tests[0m
2026-08-10T23:43:33.9511610Z [36;1m# (zen full-screen, reconnect, keyboard) could never connect. Same[0m
2026-08-10T23:43:33.9512500Z [36;1m# reasoning as repro-zmx.yml / teleport-e2e.yml.[0m
2026-08-10T23:43:33.9513210Z [36;1mxcodebuild build-for-testing \[0m
2026-08-10T23:43:33.9513670Z [36;1m  -scheme VVTerm \[0m
2026-08-10T23:43:33.9514670Z [36;1m  -configuration Debug \[0m
2026-08-10T23:43:33.9515270Z [36;1m  -destination "platform=iOS Simulator,name=iPhone 17,arch=arm64" \[0m
2026-08-10T23:43:33.9516360Z [36;1m  -derivedDataPath "$RUNNER_TEMP/DerivedData" \[0m
2026-08-10T23:43:33.9517010Z [36;1m  CODE_SIGNING_ALLOWED=YES CODE_SIGN_IDENTITY=- \[0m
2026-08-10T23:43:33.9517760Z [36;1m  | tee "$RUNNER_TEMP/build.log"[0m
2026-08-10T23:43:34.0078850Z shell: /bin/bash -e {0}
2026-08-10T23:43:34.0079290Z env:
2026-08-10T23:43:34.0080140Z   HOMEBREW_NO_AUTO_UPDATE: 1
2026-08-10T23:43:34.0081180Z ##[endgroup]
2026-08-10T23:43:35.9552570Z Command line invocation:
2026-08-10T23:43:35.9622400Z     /Applications/Xcode_27_beta_4.app/Contents/Developer/usr/bin/xcodebuild build-for-testing -scheme VVTerm -configuration Debug -destination "platform=iOS Simulator,name=iPhone 17,arch=arm64" -derivedDataPath /Users/runner/work/_temp/DerivedData CODE_SIGNING_ALLOWED=YES CODE_SIGN_IDENTITY=-
2026-08-10T23:43:35.9643380Z 
2026-08-10T23:43:35.9644760Z Build settings from command line:
2026-08-10T23:43:35.9645720Z     CODE_SIGN_IDENTITY = -
2026-08-10T23:43:35.9646190Z     CODE_SIGNING_ALLOWED = YES
2026-08-10T23:43:35.9646510Z 
2026-08-10T23:43:38.2990160Z Resolve Package Graph
2026-08-10T23:44:13.7060150Z 
2026-08-10T23:44:13.7161220Z 
2026-08-10T23:44:13.7263800Z Resolved source packages:
2026-08-10T23:44:13.7370080Z   swift-et: https://github.com/wiedymi/swift-et @ 0.1.5
2026-08-10T23:44:13.7475620Z   swift-nio-transport-services: https://github.com/apple/swift-nio-transport-services.git @ 1.28.0
2026-08-10T23:44:13.7579650Z   TweetNacl: https://github.com/bitmark-inc/tweetnacl-swiftwrap.git @ 1.1.0
2026-08-10T23:44:13.7613860Z   SwiftProtobuf: https://github.com/apple/swift-protobuf.git @ 1.38.1
2026-08-10T23:44:13.7675300Z   mlx-swift: https://github.com/ml-explore/mlx-swift @ 0.29.1
2026-08-10T23:44:13.7690500Z   swift-nio: https://github.com/apple/swift-nio.git @ 2.101.3
2026-08-10T23:44:13.7706360Z   Umami: https://github.com/wiedymi/swift-umami @ main (e7a14c1)
2026-08-10T23:44:13.7712890Z   swift-nio-http2: https://github.com/apple/swift-nio-http2.git @ 1.45.0
2026-08-10T23:44:13.7722300Z   Cloudflared: https://github.com/wiedymi/swift-cloudflared.git @ 0.1.2
2026-08-10T23:44:13.7723210Z   swift-system: https://github.com/apple/swift-system.git @ 1.7.5
2026-08-10T23:44:13.7727160Z   swift-atomics: https://github.com/apple/swift-atomics.git @ 1.3.1
2026-08-10T23:44:13.7734220Z   swift-collections: https://github.com/apple/swift-collections.git @ 1.6.0
2026-08-10T23:44:13.7747380Z   swift-numerics: https://github.com/apple/swift-numerics @ 1.1.1
2026-08-10T23:44:13.7748480Z   swift-mosh: https://github.com/wiedymi/swift-mosh @ 0.1.8
2026-08-10T23:44:13.7749090Z   ZIPFoundation: https://github.com/weichsel/ZIPFoundation.git @ 0.9.9
2026-08-10T23:44:13.7749900Z 
2026-08-10T23:44:14.0100960Z note: Using codesigning identity override: -
2026-08-10T23:44:14.7960540Z ComputePackagePrebuildTargetDependencyGraph
2026-08-10T23:44:17.4238890Z 
2026-08-10T23:44:17.4340290Z Prepare packages
2026-08-10T23:44:17.4441460Z 
2026-08-10T23:44:17.4542370Z CreateBuildRequest
2026-08-10T23:44:17.4557770Z 
2026-08-10T23:44:17.4658620Z SendProjectDescription
2026-08-10T23:44:18.2683180Z 
2026-08-10T23:44:18.2786080Z CreateBuildOperation
2026-08-10T23:44:18.2889420Z 
2026-08-10T23:44:18.2993350Z ComputeTargetDependencyGraph
2026-08-10T23:44:20.1164850Z note: Building targets in dependency order
2026-08-10T23:44:20.1624810Z note: Target dependency graph (89 targets)
2026-08-10T23:44:20.1730070Z     Target 'VVTermUITests' in project 'VVTerm'
2026-08-10T23:44:20.1834560Z         ➜ Explicit dependency on target 'VVTerm' in project 'VVTerm'
2026-08-10T23:44:20.1932870Z     Target 'VVTermTests' in project 'VVTerm'
2026-08-10T23:44:20.2035170Z         ➜ Explicit dependency on target 'VVTerm' in project 'VVTerm'
2026-08-10T23:44:20.2049900Z         ➜ Explicit dependency on target 'ETSession-product' in project 'swift-et'
2026-08-10T23:44:20.2052420Z     Target 'VVTerm' in project 'VVTerm'
2026-08-10T23:44:20.2055040Z         ➜ Explicit dependency on target 'VVTermLiveActivity' in project 'VVTerm'
2026-08-10T23:44:20.2058010Z         ➜ Explicit dependency on target 'ZIPFoundation-product' in project 'ZIPFoundation'
2026-08-10T23:44:20.2059930Z         ➜ Explicit dependency on target 'MLXFFT-product' in project 'mlx-swift'
2026-08-10T23:44:20.2061670Z         ➜ Explicit dependency on target 'MLXNN-product' in project 'mlx-swift'
2026-08-10T23:44:20.2063620Z         ➜ Explicit dependency on target 'MLX-product' in project 'mlx-swift'
2026-08-10T23:44:20.2065930Z         ➜ Explicit dependency on target 'Cloudflared-product' in project 'Cloudflared'
2026-08-10T23:44:20.2067910Z         ➜ Explicit dependency on target 'MoshCore-product' in project 'swift-mosh'
2026-08-10T23:44:20.2070270Z         ➜ Explicit dependency on target 'MoshBootstrap-product' in project 'swift-mosh'
2026-08-10T23:44:20.2073140Z         ➜ Explicit dependency on target 'ETSession-product' in project 'swift-et'
2026-08-10T23:44:20.2075820Z         ➜ Explicit dependency on target 'ETBootstrap-product' in project 'swift-et'
2026-08-10T23:44:20.2077940Z         ➜ Explicit dependency on target 'Umami-product' in project 'Umami'
2026-08-10T23:44:20.2080200Z         ➜ Explicit dependency on target 'NIOCore-product' in project 'swift-nio'
2026-08-10T23:44:20.2083330Z         ➜ Explicit dependency on target 'NIOHTTP1-product' in project 'swift-nio'
2026-08-10T23:44:20.2085880Z         ➜ Explicit dependency on target 'NIOHTTP2-product' in project 'swift-nio-http2'
2026-08-10T23:44:20.2088830Z         ➜ Explicit dependency on target 'NIOTransportServices-product' in project 'swift-nio-transport-services'
2026-08-10T23:44:20.2091030Z         ➜ Explicit dependency on target 'SwiftProtobuf-product' in project 'SwiftProtobuf'
2026-08-10T23:44:20.2093660Z     Target 'NIOTransportServices-product' in project 'swift-nio-transport-services'
2026-08-10T23:44:20.2098040Z         ➜ Explicit dependency on target 'NIOTransportServices' in project 'swift-nio-transport-services'
2026-08-10T23:44:20.2102300Z         ➜ Explicit dependency on target 'NIO-product' in project 'swift-nio'
2026-08-10T23:44:20.2104610Z         ➜ Explicit dependency on target 'NIOCore-product' in project 'swift-nio'
2026-08-10T23:44:20.2107940Z         ➜ Explicit dependency on target 'NIOFoundationCompat-product' in project 'swift-nio'
2026-08-10T23:44:20.2110500Z         ➜ Explicit dependency on target 'NIOTLS-product' in project 'swift-nio'
2026-08-10T23:44:20.2112880Z         ➜ Explicit dependency on target 'Atomics-product' in project 'swift-atomics'
2026-08-10T23:44:20.2115030Z     Target 'NIOTransportServices' in project 'swift-nio-transport-services'
2026-08-10T23:44:20.2117500Z         ➜ Explicit dependency on target 'NIO-product' in project 'swift-nio'
2026-08-10T23:44:20.2119700Z         ➜ Explicit dependency on target 'NIOCore-product' in project 'swift-nio'
2026-08-10T23:44:20.2121460Z         ➜ Explicit dependency on target 'NIOFoundationCompat-product' in project 'swift-nio'
2026-08-10T23:44:20.2124880Z         ➜ Explicit dependency on target 'NIOTLS-product' in project 'swift-nio'
2026-08-10T23:44:20.2127340Z         ➜ Explicit dependency on target 'Atomics-product' in project 'swift-atomics'
2026-08-10T23:44:20.2129660Z     Target 'NIOFoundationCompat-product' in project 'swift-nio'
2026-08-10T23:44:20.2132150Z         ➜ Explicit dependency on target 'NIOFoundationCompat' in project 'swift-nio'
2026-08-10T23:44:20.2155500Z         ➜ Explicit dependency on target 'CNIOAtomics' in project 'swift-nio'
2026-08-10T23:44:20.2158320Z         ➜ Explicit dependency on target 'NIOConcurrencyHelpers' in project 'swift-nio'
2026-08-10T23:44:20.2160820Z         ➜ Explicit dependency on target '_NIOBase64' in project 'swift-nio'
2026-08-10T23:44:20.2163270Z         ➜ Explicit dependency on target 'CNIOOpenBSD' in project 'swift-nio'
2026-08-10T23:44:20.2165990Z         ➜ Explicit dependency on target 'CNIOFreeBSD' in project 'swift-nio'
2026-08-10T23:44:20.2168260Z         ➜ Explicit dependency on target 'CNIODarwin' in project 'swift-nio'
2026-08-10T23:44:20.2172200Z         ➜ Explicit dependency on target 'CNIOLinux' in project 'swift-nio'
2026-08-10T23:44:20.2175530Z         ➜ Explicit dependency on target 'CNIOWindows' in project 'swift-nio'
2026-08-10T23:44:20.2177670Z         ➜ Explicit dependency on target 'CNIOWASI' in project 'swift-nio'
2026-08-10T23:44:20.2179930Z         ➜ Explicit dependency on target '_NIODataStructures' in project 'swift-nio'
2026-08-10T23:44:20.2182660Z         ➜ Explicit dependency on target 'NIOCore' in project 'swift-nio'
2026-08-10T23:44:20.2184190Z         ➜ Explicit dependency on target 'NIOEmbedded' in project 'swift-nio'
2026-08-10T23:44:20.2187030Z         ➜ Explicit dependency on target 'CNIOPosix' in project 'swift-nio'
2026-08-10T23:44:20.2191300Z         ➜ Explicit dependency on target 'NIOPosix' in project 'swift-nio'
2026-08-10T23:44:20.2193170Z         ➜ Explicit dependency on target 'NIO' in project 'swift-nio'
2026-08-10T23:44:20.2195480Z         ➜ Explicit dependency on target 'NIOFoundationEssentialsCompat' in project 'swift-nio'
2026-08-10T23:44:20.2198020Z         ➜ Explicit dependency on target 'DequeModule-product' in project 'swift-collections'
2026-08-10T23:44:20.2200480Z         ➜ Explicit dependency on target 'Atomics-product' in project 'swift-atomics'
2026-08-10T23:44:20.2202490Z     Target 'NIOFoundationCompat' in project 'swift-nio'
2026-08-10T23:44:20.2205150Z         ➜ Explicit dependency on target 'CNIOAtomics' in project 'swift-nio'
2026-08-10T23:44:20.2207430Z         ➜ Explicit dependency on target 'NIOConcurrencyHelpers' in project 'swift-nio'
2026-08-10T23:44:20.2210010Z         ➜ Explicit dependency on target '_NIOBase64' in project 'swift-nio'
2026-08-10T23:44:20.2212370Z         ➜ Explicit dependency on target 'CNIOOpenBSD' in project 'swift-nio'
2026-08-10T23:44:20.2214940Z         ➜ Explicit dependency on target 'CNIOFreeBSD' in project 'swift-nio'
2026-08-10T23:44:20.2217570Z         ➜ Explicit dependency on target 'CNIODarwin' in project 'swift-nio'
2026-08-10T23:44:20.2220250Z         ➜ Explicit dependency on target 'CNIOLinux' in project 'swift-nio'
2026-08-10T23:44:20.2223100Z         ➜ Explicit dependency on target 'CNIOWindows' in project 'swift-nio'
2026-08-10T23:44:20.2226010Z         ➜ Explicit dependency on target 'CNIOWASI' in project 'swift-nio'
2026-08-10T23:44:20.2228590Z         ➜ Explicit dependency on target '_NIODataStructures' in project 'swift-nio'
2026-08-10T23:44:20.2231530Z         ➜ Explicit dependency on target 'NIOCore' in project 'swift-nio'
2026-08-10T23:44:20.2233910Z         ➜ Explicit dependency on target 'NIOEmbedded' in project 'swift-nio'
2026-08-10T23:44:20.2235850Z         ➜ Explicit dependency on target 'CNIOPosix' in project 'swift-nio'
2026-08-10T23:44:20.2237620Z         ➜ Explicit dependency on target 'NIOPosix' in project 'swift-nio'
2026-08-10T23:44:20.2239570Z         ➜ Explicit dependency on target 'NIO' in project 'swift-nio'
2026-08-10T23:44:20.2242650Z         ➜ Explicit dependency on target 'NIOFoundationEssentialsCompat' in project 'swift-nio'
2026-08-10T23:44:20.2245900Z         ➜ Explicit dependency on target 'DequeModule-product' in project 'swift-collections'
2026-08-10T23:44:20.2248170Z         ➜ Explicit dependency on target 'Atomics-product' in project 'swift-atomics'
2026-08-10T23:44:20.2250140Z     Target 'NIOFoundationEssentialsCompat' in project 'swift-nio'
2026-08-10T23:44:20.2253300Z         ➜ Explicit dependency on target 'CNIOAtomics' in project 'swift-nio'
2026-08-10T23:44:20.2255820Z         ➜ Explicit dependency on target 'NIOConcurrencyHelpers' in project 'swift-nio'
2026-08-10T23:44:20.2257480Z         ➜ Explicit dependency on target '_NIOBase64' in project 'swift-nio'
2026-08-10T23:44:20.2259970Z         ➜ Explicit dependency on target 'CNIOOpenBSD' in project 'swift-nio'
2026-08-10T23:44:20.2268740Z         ➜ Explicit dependency on target 'CNIOFreeBSD' in project 'swift-nio'
2026-08-10T23:44:20.2271310Z         ➜ Explicit dependency on target 'CNIODarwin' in project 'swift-nio'
2026-08-10T23:44:20.2273300Z         ➜ Explicit dependency on target 'CNIOLinux' in project 'swift-nio'
2026-08-10T23:44:20.2275830Z         ➜ Explicit dependency on target 'CNIOWindows' in project 'swift-nio'
2026-08-10T23:44:20.2278940Z         ➜ Explicit dependency on target 'CNIOWASI' in project 'swift-nio'
2026-08-10T23:44:20.2281540Z         ➜ Explicit dependency on target '_NIODataStructures' in project 'swift-nio'
2026-08-10T23:44:20.2283430Z         ➜ Explicit dependency on target 'NIOCore' in project 'swift-nio'
2026-08-10T23:44:20.2285740Z         ➜ Explicit dependency on target 'DequeModule-product' in project 'swift-collections'
2026-08-10T23:44:20.2287540Z         ➜ Explicit dependency on target 'Atomics-product' in project 'swift-atomics'
2026-08-10T23:44:20.2289370Z     Target 'NIOHTTP2-product' in project 'swift-nio-http2'
2026-08-10T23:44:20.2292180Z         ➜ Explicit dependency on target 'NIOHTTP2' in project 'swift-nio-http2'
2026-08-10T23:44:20.2294190Z         ➜ Explicit dependency on target 'NIOHPACK' in project 'swift-nio-http2'
2026-08-10T23:44:20.2296180Z         ➜ Explicit dependency on target 'NIO-product' in project 'swift-nio'
2026-08-10T23:44:20.2298180Z         ➜ Explicit dependency on target 'NIOCore-product' in project 'swift-nio'
2026-08-10T23:44:20.2300470Z         ➜ Explicit dependency on target 'NIOConcurrencyHelpers-product' in project 'swift-nio'
2026-08-10T23:44:20.2302830Z         ➜ Explicit dependency on target 'NIOHTTP1-product' in project 'swift-nio'
2026-08-10T23:44:20.2305210Z         ➜ Explicit dependency on target 'NIOTLS-product' in project 'swift-nio'
2026-08-10T23:44:20.2308020Z         ➜ Explicit dependency on target 'Atomics-product' in project 'swift-atomics'
2026-08-10T23:44:20.2310180Z     Target 'NIOHTTP2' in project 'swift-nio-http2'
2026-08-10T23:44:20.2313600Z         ➜ Explicit dependency on target 'NIOHPACK' in project 'swift-nio-http2'
2026-08-10T23:44:20.2315850Z         ➜ Explicit dependency on target 'NIO-product' in project 'swift-nio'
2026-08-10T23:44:20.2318360Z         ➜ Explicit dependency on target 'NIOCore-product' in project 'swift-nio'
2026-08-10T23:44:20.2321760Z         ➜ Explicit dependency on target 'NIOConcurrencyHelpers-product' in project 'swift-nio'
2026-08-10T23:44:20.2324340Z         ➜ Explicit dependency on target 'NIOHTTP1-product' in project 'swift-nio'
2026-08-10T23:44:20.2326680Z         ➜ Explicit dependency on target 'NIOTLS-product' in project 'swift-nio'
2026-08-10T23:44:20.2329410Z         ➜ Explicit dependency on target 'Atomics-product' in project 'swift-atomics'
2026-08-10T23:44:20.2332430Z     Target 'NIOTLS-product' in project 'swift-nio'
2026-08-10T23:44:20.2334720Z         ➜ Explicit dependency on target 'NIOTLS' in project 'swift-nio'
2026-08-10T23:44:20.2338200Z         ➜ Explicit dependency on target 'CNIOAtomics' in project 'swift-nio'
2026-08-10T23:44:20.2342080Z         ➜ Explicit dependency on target 'NIOConcurrencyHelpers' in project 'swift-nio'
2026-08-10T23:44:20.2345830Z         ➜ Explicit dependency on target '_NIOBase64' in project 'swift-nio'
2026-08-10T23:44:20.2354400Z         ➜ Explicit dependency on target 'CNIOOpenBSD' in project 'swift-nio'
2026-08-10T23:44:20.2356630Z         ➜ Explicit dependency on target 'CNIOFreeBSD' in project 'swift-nio'
2026-08-10T23:44:20.2358510Z         ➜ Explicit dependency on target 'CNIODarwin' in project 'swift-nio'
2026-08-10T23:44:20.2361010Z         ➜ Explicit dependency on target 'CNIOLinux' in project 'swift-nio'
2026-08-10T23:44:20.2362950Z         ➜ Explicit dependency on target 'CNIOWindows' in project 'swift-nio'
2026-08-10T23:44:20.2364750Z         ➜ Explicit dependency on target 'CNIOWASI' in project 'swift-nio'
2026-08-10T23:44:20.2366480Z         ➜ Explicit dependency on target '_NIODataStructures' in project 'swift-nio'
2026-08-10T23:44:20.2368830Z         ➜ Explicit dependency on target 'NIOCore' in project 'swift-nio'
2026-08-10T23:44:20.2371270Z         ➜ Explicit dependency on target 'NIOEmbedded' in project 'swift-nio'
2026-08-10T23:44:20.2373700Z         ➜ Explicit dependency on target 'CNIOPosix' in project 'swift-nio'
2026-08-10T23:44:20.2375730Z         ➜ Explicit dependency on target 'NIOPosix' in project 'swift-nio'
2026-08-10T23:44:20.2378000Z         ➜ Explicit dependency on target 'NIO' in project 'swift-nio'
2026-08-10T23:44:20.2380990Z         ➜ Explicit dependency on target 'DequeModule-product' in project 'swift-collections'
2026-08-10T23:44:20.2385070Z         ➜ Explicit dependency on target 'Atomics-product' in project 'swift-atomics'
2026-08-10T23:44:20.2387980Z     Target 'NIOTLS' in project 'swift-nio'
2026-08-10T23:44:20.2390440Z         ➜ Explicit dependency on target 'CNIOAtomics' in project 'swift-nio'
2026-08-10T23:44:20.2392390Z         ➜ Explicit dependency on target 'NIOConcurrencyHelpers' in project 'swift-nio'
2026-08-10T23:44:20.2395050Z         ➜ Explicit dependency on target '_NIOBase64' in project 'swift-nio'
2026-08-10T23:44:20.2396750Z         ➜ Explicit dependency on target 'CNIOOpenBSD' in project 'swift-nio'
2026-08-10T23:44:20.2399420Z         ➜ Explicit dependency on target 'CNIOFreeBSD' in project 'swift-nio'
2026-08-10T23:44:20.2400660Z         ➜ Explicit dependency on target 'CNIODarwin' in project 'swift-nio'
2026-08-10T23:44:20.2401990Z         ➜ Explicit dependency on target 'CNIOLinux' in project 'swift-nio'
2026-08-10T23:44:20.2403660Z         ➜ Explicit dependency on target 'CNIOWindows' in project 'swift-nio'
2026-08-10T23:44:20.2405170Z         ➜ Explicit dependency on target 'CNIOWASI' in project 'swift-nio'
2026-08-10T23:44:20.2406710Z         ➜ Explicit dependency on target '_NIODataStructures' in project 'swift-nio'
2026-08-10T23:44:20.2408410Z         ➜ Explicit dependency on target 'NIOCore' in project 'swift-nio'
2026-08-10T23:44:20.2410360Z         ➜ Explicit dependency on target 'NIOEmbedded' in project 'swift-nio'
2026-08-10T23:44:20.2414200Z         ➜ Explicit dependency on target 'CNIOPosix' in project 'swift-nio'
2026-08-10T23:44:20.2415850Z         ➜ Explicit dependency on target 'NIOPosix' in project 'swift-nio'
2026-08-10T23:44:20.2417100Z         ➜ Explicit dependency on target 'NIO' in project 'swift-nio'
2026-08-10T23:44:20.2419060Z         ➜ Explicit dependency on target 'DequeModule-product' in project 'swift-collections'
2026-08-10T23:44:20.2420300Z         ➜ Explicit dependency on target 'Atomics-product' in project 'swift-atomics'
2026-08-10T23:44:20.2421750Z     Target 'NIOHPACK' in project 'swift-nio-http2'
2026-08-10T23:44:20.2423180Z         ➜ Explicit dependency on target 'NIO-product' in project 'swift-nio'
2026-08-10T23:44:20.2424880Z         ➜ Explicit dependency on target 'NIOCore-product' in project 'swift-nio'
2026-08-10T23:44:20.2426630Z         ➜ Explicit dependency on target 'NIOConcurrencyHelpers-product' in project 'swift-nio'
2026-08-10T23:44:20.2428020Z         ➜ Explicit dependency on target 'NIOHTTP1-product' in project 'swift-nio'
2026-08-10T23:44:20.2429720Z     Target 'NIOConcurrencyHelpers-product' in project 'swift-nio'
2026-08-10T23:44:20.2431700Z         ➜ Explicit dependency on target 'NIOConcurrencyHelpers' in project 'swift-nio'
2026-08-10T23:44:20.2433080Z         ➜ Explicit dependency on target 'CNIOAtomics' in project 'swift-nio'
2026-08-10T23:44:20.2433940Z     Target 'NIO-product' in project 'swift-nio'
2026-08-10T23:44:20.2435500Z         ➜ Explicit dependency on target 'NIO' in project 'swift-nio'
2026-08-10T23:44:20.2437240Z         ➜ Explicit dependency on target 'CNIOAtomics' in project 'swift-nio'
2026-08-10T23:44:20.2439150Z         ➜ Explicit dependency on target 'NIOConcurrencyHelpers' in project 'swift-nio'
2026-08-10T23:44:20.2440740Z         ➜ Explicit dependency on target '_NIOBase64' in project 'swift-nio'
2026-08-10T23:44:20.2442580Z         ➜ Explicit dependency on target 'CNIOOpenBSD' in project 'swift-nio'
2026-08-10T23:44:20.2443470Z         ➜ Explicit dependency on target 'CNIOFreeBSD' in project 'swift-nio'
2026-08-10T23:44:20.2444800Z         ➜ Explicit dependency on target 'CNIODarwin' in project 'swift-nio'
2026-08-10T23:44:20.2446480Z         ➜ Explicit dependency on target 'CNIOLinux' in project 'swift-nio'
2026-08-10T23:44:20.2448160Z         ➜ Explicit dependency on target 'CNIOWindows' in project 'swift-nio'
2026-08-10T23:44:20.2449300Z         ➜ Explicit dependency on target 'CNIOWASI' in project 'swift-nio'
2026-08-10T23:44:20.2450560Z         ➜ Explicit dependency on target '_NIODataStructures' in project 'swift-nio'
2026-08-10T23:44:20.2452400Z         ➜ Explicit dependency on target 'NIOCore' in project 'swift-nio'
2026-08-10T23:44:20.2454120Z         ➜ Explicit dependency on target 'NIOEmbedded' in project 'swift-nio'
2026-08-10T23:44:20.2455970Z         ➜ Explicit dependency on target 'CNIOPosix' in project 'swift-nio'
2026-08-10T23:44:20.2457590Z         ➜ Explicit dependency on target 'NIOPosix' in project 'swift-nio'
2026-08-10T23:44:20.2459110Z         ➜ Explicit dependency on target 'DequeModule-product' in project 'swift-collections'
2026-08-10T23:44:20.2460860Z         ➜ Explicit dependency on target 'Atomics-product' in project 'swift-atomics'
2026-08-10T23:44:20.2462360Z     Target 'NIOHTTP1-product' in project 'swift-nio'
2026-08-10T23:44:20.2463490Z         ➜ Explicit dependency on target 'NIOHTTP1' in project 'swift-nio'
2026-08-10T23:44:20.2464840Z         ➜ Explicit dependency on target 'CNIOAtomics' in project 'swift-nio'
2026-08-10T23:44:20.2466300Z         ➜ Explicit dependency on target 'NIOConcurrencyHelpers' in project 'swift-nio'
2026-08-10T23:44:20.2467740Z         ➜ Explicit dependency on target '_NIOBase64' in project 'swift-nio'
2026-08-10T23:44:20.2469410Z         ➜ Explicit dependency on target 'CNIOOpenBSD' in project 'swift-nio'
2026-08-10T23:44:20.2470910Z         ➜ Explicit dependency on target 'CNIOFreeBSD' in project 'swift-nio'
2026-08-10T23:44:20.2472320Z         ➜ Explicit dependency on target 'CNIODarwin' in project 'swift-nio'
2026-08-10T23:44:20.2474360Z         ➜ Explicit dependency on target 'CNIOLinux' in project 'swift-nio'
2026-08-10T23:44:20.2475600Z         ➜ Explicit dependency on target 'CNIOWindows' in project 'swift-nio'
2026-08-10T23:44:20.2476970Z         ➜ Explicit dependency on target 'CNIOWASI' in project 'swift-nio'
2026-08-10T23:44:20.2478700Z         ➜ Explicit dependency on target '_NIODataStructures' in project 'swift-nio'
2026-08-10T23:44:20.2479900Z         ➜ Explicit dependency on target 'NIOCore' in project 'swift-nio'
2026-08-10T23:44:20.2481380Z         ➜ Explicit dependency on target 'NIOEmbedded' in project 'swift-nio'
2026-08-10T23:44:20.2482920Z         ➜ Explicit dependency on target 'CNIOPosix' in project 'swift-nio'
2026-08-10T23:44:20.2484840Z         ➜ Explicit dependency on target 'NIOPosix' in project 'swift-nio'
2026-08-10T23:44:20.2485890Z         ➜ Explicit dependency on target 'NIO' in project 'swift-nio'
2026-08-10T23:44:20.2487390Z         ➜ Explicit dependency on target 'CNIOLLHTTP' in project 'swift-nio'
2026-08-10T23:44:20.2488560Z         ➜ Explicit dependency on target 'DequeModule-product' in project 'swift-collections'
2026-08-10T23:44:20.2490590Z         ➜ Explicit dependency on target 'Atomics-product' in project 'swift-atomics'
2026-08-10T23:44:20.2491470Z     Target 'NIOHTTP1' in project 'swift-nio'
2026-08-10T23:44:20.2492380Z         ➜ Explicit dependency on target 'CNIOAtomics' in project 'swift-nio'
2026-08-10T23:44:20.2536940Z         ➜ Explicit dependency on target 'NIOConcurrencyHelpers' in project 'swift-nio'
2026-08-10T23:44:20.2554990Z         ➜ Explicit dependency on target '_NIOBase64' in project 'swift-nio'
2026-08-10T23:44:20.2618420Z         ➜ Explicit dependency on target 'CNIOOpenBSD' in project 'swift-nio'
2026-08-10T23:44:20.2619590Z         ➜ Explicit dependency on target 'CNIOFreeBSD' in project 'swift-nio'
2026-08-10T23:44:20.2620950Z         ➜ Explicit dependency on target 'CNIODarwin' in project 'swift-nio'
2026-08-10T23:44:20.2622470Z         ➜ Explicit dependency on target 'CNIOLinux' in project 'swift-nio'
2026-08-10T23:44:20.2623570Z         ➜ Explicit dependency on target 'CNIOWindows' in project 'swift-nio'
2026-08-10T23:44:20.2625520Z         ➜ Explicit dependency on target 'CNIOWASI' in project 'swift-nio'
2026-08-10T23:44:20.2627150Z         ➜ Explicit dependency on target '_NIODataStructures' in project 'swift-nio'
2026-08-10T23:44:20.2628650Z         ➜ Explicit dependency on target 'NIOCore' in project 'swift-nio'
2026-08-10T23:44:20.2630340Z         ➜ Explicit dependency on target 'NIOEmbedded' in project 'swift-nio'
2026-08-10T23:44:20.2631630Z         ➜ Explicit dependency on target 'CNIOPosix' in project 'swift-nio'
2026-08-10T23:44:20.2632770Z         ➜ Explicit dependency on target 'NIOPosix' in project 'swift-nio'
2026-08-10T23:44:20.2634200Z         ➜ Explicit dependency on target 'NIO' in project 'swift-nio'
2026-08-10T23:44:20.2635870Z         ➜ Explicit dependency on target 'CNIOLLHTTP' in project 'swift-nio'
2026-08-10T23:44:20.2637940Z         ➜ Explicit dependency on target 'DequeModule-product' in project 'swift-collections'
2026-08-10T23:44:20.2639570Z         ➜ Explicit dependency on target 'Atomics-product' in project 'swift-atomics'
2026-08-10T23:44:20.2640830Z     Target 'CNIOLLHTTP' in project 'swift-nio' (no dependencies)
2026-08-10T23:44:20.2641950Z     Target 'NIO' in project 'swift-nio'
2026-08-10T23:44:20.2643070Z         ➜ Explicit dependency on target 'CNIOAtomics' in project 'swift-nio'
2026-08-10T23:44:20.2644320Z         ➜ Explicit dependency on target 'NIOConcurrencyHelpers' in project 'swift-nio'
2026-08-10T23:44:20.2645790Z         ➜ Explicit dependency on target '_NIOBase64' in project 'swift-nio'
2026-08-10T23:44:20.2647670Z         ➜ Explicit dependency on target 'CNIOOpenBSD' in project 'swift-nio'
2026-08-10T23:44:20.2649420Z         ➜ Explicit dependency on target 'CNIOFreeBSD' in project 'swift-nio'
2026-08-10T23:44:20.2650380Z         ➜ Explicit dependency on target 'CNIODarwin' in project 'swift-nio'
2026-08-10T23:44:20.2651880Z         ➜ Explicit dependency on target 'CNIOLinux' in project 'swift-nio'
2026-08-10T23:44:20.2652990Z         ➜ Explicit dependency on target 'CNIOWindows' in project 'swift-nio'
2026-08-10T23:44:20.2654170Z         ➜ Explicit dependency on target 'CNIOWASI' in project 'swift-nio'
2026-08-10T23:44:20.2655380Z         ➜ Explicit dependency on target '_NIODataStructures' in project 'swift-nio'
2026-08-10T23:44:20.2656910Z         ➜ Explicit dependency on target 'NIOCore' in project 'swift-nio'
2026-08-10T23:44:20.2658500Z         ➜ Explicit dependency on target 'NIOEmbedded' in project 'swift-nio'
2026-08-10T23:44:20.2659830Z         ➜ Explicit dependency on target 'CNIOPosix' in project 'swift-nio'
2026-08-10T23:44:20.2661040Z         ➜ Explicit dependency on target 'NIOPosix' in project 'swift-nio'
2026-08-10T23:44:20.2662130Z         ➜ Explicit dependency on target 'DequeModule-product' in project 'swift-collections'
2026-08-10T23:44:20.2663970Z         ➜ Explicit dependency on target 'Atomics-product' in project 'swift-atomics'
2026-08-10T23:44:20.2664970Z     Target 'NIOPosix' in project 'swift-nio'
2026-08-10T23:44:20.2666540Z         ➜ Explicit dependency on target 'swift-nio_NIOPosix' in project 'swift-nio'
2026-08-10T23:44:20.2667800Z         ➜ Explicit dependency on target 'CNIOOpenBSD' in project 'swift-nio'
2026-08-10T23:44:20.2669400Z         ➜ Explicit dependency on target 'CNIOLinux' in project 'swift-nio'
2026-08-10T23:44:20.2670350Z         ➜ Explicit dependency on target 'CNIODarwin' in project 'swift-nio'
2026-08-10T23:44:20.2671460Z         ➜ Explicit dependency on target 'CNIOWindows' in project 'swift-nio'
2026-08-10T23:44:20.2673200Z         ➜ Explicit dependency on target 'CNIOAtomics' in project 'swift-nio'
2026-08-10T23:44:20.2674770Z         ➜ Explicit dependency on target 'NIOConcurrencyHelpers' in project 'swift-nio'
2026-08-10T23:44:20.2676130Z         ➜ Explicit dependency on target '_NIOBase64' in project 'swift-nio'
2026-08-10T23:44:20.2695700Z         ➜ Explicit dependency on target 'CNIOFreeBSD' in project 'swift-nio'
2026-08-10T23:44:20.2706700Z         ➜ Explicit dependency on target 'CNIOWASI' in project 'swift-nio'
2026-08-10T23:44:20.2716310Z         ➜ Explicit dependency on target '_NIODataStructures' in project 'swift-nio'
2026-08-10T23:44:20.2717290Z         ➜ Explicit dependency on target 'NIOCore' in project 'swift-nio'
2026-08-10T23:44:20.2718190Z         ➜ Explicit dependency on target 'CNIOPosix' in project 'swift-nio'
2026-08-10T23:44:20.2721200Z         ➜ Explicit dependency on target 'DequeModule-product' in project 'swift-collections'
2026-08-10T23:44:20.2727040Z         ➜ Explicit dependency on target 'Atomics-product' in project 'swift-atomics'
2026-08-10T23:44:20.2728530Z     Target 'swift-nio_NIOPosix' in project 'swift-nio' (no dependencies)
2026-08-10T23:44:20.2729840Z     Target 'CNIOPosix' in project 'swift-nio' (no dependencies)
2026-08-10T23:44:20.2742570Z     Target 'NIOEmbedded' in project 'swift-nio'
2026-08-10T23:44:20.2746360Z         ➜ Explicit dependency on target 'CNIOAtomics' in project 'swift-nio'
2026-08-10T23:44:20.2749540Z         ➜ Explicit dependency on target 'NIOConcurrencyHelpers' in project 'swift-nio'
2026-08-10T23:44:20.2750560Z         ➜ Explicit dependency on target '_NIOBase64' in project 'swift-nio'
2026-08-10T23:44:20.2769850Z         ➜ Explicit dependency on target 'CNIOOpenBSD' in project 'swift-nio'
2026-08-10T23:44:20.2785760Z         ➜ Explicit dependency on target 'CNIOFreeBSD' in project 'swift-nio'
2026-08-10T23:44:20.2809470Z         ➜ Explicit dependency on target 'CNIODarwin' in project 'swift-nio'
2026-08-10T23:44:20.2810940Z         ➜ Explicit dependency on target 'CNIOLinux' in project 'swift-nio'
2026-08-10T23:44:20.2812770Z         ➜ Explicit dependency on target 'CNIOWindows' in project 'swift-nio'
2026-08-10T23:44:20.2814000Z         ➜ Explicit dependency on target 'CNIOWASI' in project 'swift-nio'
2026-08-10T23:44:20.2815030Z         ➜ Explicit dependency on target '_NIODataStructures' in project 'swift-nio'
2026-08-10T23:44:20.2816980Z         ➜ Explicit dependency on target 'NIOCore' in project 'swift-nio'
2026-08-10T23:44:20.2819120Z         ➜ Explicit dependency on target 'DequeModule-product' in project 'swift-collections'
2026-08-10T23:44:20.2820580Z         ➜ Explicit dependency on target 'Atomics-product' in project 'swift-atomics'
2026-08-10T23:44:20.2821560Z     Target 'NIOCore-product' in project 'swift-nio'
2026-08-10T23:44:20.2824240Z         ➜ Explicit dependency on target 'NIOCore' in project 'swift-nio'
2026-08-10T23:44:20.2826540Z         ➜ Explicit dependency on target 'CNIOAtomics' in project 'swift-nio'
2026-08-10T23:44:20.2827570Z         ➜ Explicit dependency on target 'NIOConcurrencyHelpers' in project 'swift-nio'
2026-08-10T23:44:20.2828490Z         ➜ Explicit dependency on target '_NIOBase64' in project 'swift-nio'
2026-08-10T23:44:20.2829210Z         ➜ Explicit dependency on target 'CNIOOpenBSD' in project 'swift-nio'
2026-08-10T23:44:20.2830440Z         ➜ Explicit dependency on target 'CNIOFreeBSD' in project 'swift-nio'
2026-08-10T23:44:20.2831570Z         ➜ Explicit dependency on target 'CNIODarwin' in project 'swift-nio'
2026-08-10T23:44:20.2833680Z         ➜ Explicit dependency on target 'CNIOLinux' in project 'swift-nio'
2026-08-10T23:44:20.2834610Z         ➜ Explicit dependency on target 'CNIOWindows' in project 'swift-nio'
2026-08-10T23:44:20.2835890Z         ➜ Explicit dependency on target 'CNIOWASI' in project 'swift-nio'
2026-08-10T23:44:20.2837260Z         ➜ Explicit dependency on target '_NIODataStructures' in project 'swift-nio'
2026-08-10T23:44:20.2838900Z         ➜ Explicit dependency on target 'DequeModule-product' in project 'swift-collections'
2026-08-10T23:44:20.2840280Z         ➜ Explicit dependency on target 'Atomics-product' in project 'swift-atomics'
2026-08-10T23:44:20.2841180Z     Target 'NIOCore' in project 'swift-nio'
2026-08-10T23:44:20.2842030Z         ➜ Explicit dependency on target 'CNIOAtomics' in project 'swift-nio'
2026-08-10T23:44:20.2843400Z         ➜ Explicit dependency on target 'NIOConcurrencyHelpers' in project 'swift-nio'
2026-08-10T23:44:20.2844290Z         ➜ Explicit dependency on target '_NIOBase64' in project 'swift-nio'
2026-08-10T23:44:20.2845220Z         ➜ Explicit dependency on target 'CNIOOpenBSD' in project 'swift-nio'
2026-08-10T23:44:20.2846260Z         ➜ Explicit dependency on target 'CNIOFreeBSD' in project 'swift-nio'
2026-08-10T23:44:20.2847380Z         ➜ Explicit dependency on target 'CNIODarwin' in project 'swift-nio'
2026-08-10T23:44:20.2848400Z         ➜ Explicit dependency on target 'CNIOLinux' in project 'swift-nio'
2026-08-10T23:44:20.2849700Z         ➜ Explicit dependency on target 'CNIOWindows' in project 'swift-nio'
2026-08-10T23:44:20.2851320Z         ➜ Explicit dependency on target 'CNIOWASI' in project 'swift-nio'
2026-08-10T23:44:20.2852610Z         ➜ Explicit dependency on target '_NIODataStructures' in project 'swift-nio'
2026-08-10T23:44:20.2853920Z         ➜ Explicit dependency on target 'DequeModule-product' in project 'swift-collections'
2026-08-10T23:44:20.2855130Z         ➜ Explicit dependency on target 'Atomics-product' in project 'swift-atomics'
2026-08-10T23:44:20.2856330Z     Target 'Atomics-product' in project 'swift-atomics'
2026-08-10T23:44:20.2857820Z         ➜ Explicit dependency on target 'Atomics' in project 'swift-atomics'
2026-08-10T23:44:20.2859360Z         ➜ Explicit dependency on target '_AtomicsShims' in project 'swift-atomics'
2026-08-10T23:44:20.2860590Z     Target 'Atomics' in project 'swift-atomics'
2026-08-10T23:44:20.2861500Z         ➜ Explicit dependency on target '_AtomicsShims' in project 'swift-atomics'
2026-08-10T23:44:20.2862650Z     Target '_AtomicsShims' in project 'swift-atomics' (no dependencies)
2026-08-10T23:44:20.2864070Z     Target 'DequeModule-product' in project 'swift-collections'
2026-08-10T23:44:20.2865320Z         ➜ Explicit dependency on target 'DequeModule' in project 'swift-collections'
2026-08-10T23:44:20.2866820Z         ➜ Explicit dependency on target 'InternalCollectionsUtilities' in project 'swift-collections'
2026-08-10T23:44:20.2868380Z         ➜ Explicit dependency on target 'ContainersPreview' in project 'swift-collections'
2026-08-10T23:44:20.2869530Z     Target 'DequeModule' in project 'swift-collections'
2026-08-10T23:44:20.2871020Z         ➜ Explicit dependency on target 'InternalCollectionsUtilities' in project 'swift-collections'
2026-08-10T23:44:20.2872780Z         ➜ Explicit dependency on target 'ContainersPreview' in project 'swift-collections'
2026-08-10T23:44:20.2873950Z     Target 'ContainersPreview' in project 'swift-collections'
2026-08-10T23:44:20.2875400Z         ➜ Explicit dependency on target 'InternalCollectionsUtilities' in project 'swift-collections'
2026-08-10T23:44:20.2876640Z     Target 'InternalCollectionsUtilities' in project 'swift-collections' (no dependencies)
2026-08-10T23:44:20.2877800Z     Target '_NIODataStructures' in project 'swift-nio' (no dependencies)
2026-08-10T23:44:20.2878600Z     Target 'CNIOWASI' in project 'swift-nio' (no dependencies)
2026-08-10T23:44:20.2879690Z     Target 'CNIOWindows' in project 'swift-nio' (no dependencies)
2026-08-10T23:44:20.2881400Z     Target 'CNIOLinux' in project 'swift-nio' (no dependencies)
2026-08-10T23:44:20.2882850Z     Target 'CNIODarwin' in project 'swift-nio' (no dependencies)
2026-08-10T23:44:20.2885920Z     Target 'CNIOFreeBSD' in project 'swift-nio' (no dependencies)
2026-08-10T23:44:20.2887420Z     Target 'CNIOOpenBSD' in project 'swift-nio' (no dependencies)
2026-08-10T23:44:20.2897550Z     Target '_NIOBase64' in project 'swift-nio' (no dependencies)
2026-08-10T23:44:20.2898650Z     Target 'NIOConcurrencyHelpers' in project 'swift-nio'
2026-08-10T23:44:20.2900040Z         ➜ Explicit dependency on target 'CNIOAtomics' in project 'swift-nio'
2026-08-10T23:44:20.2901490Z     Target 'CNIOAtomics' in project 'swift-nio' (no dependencies)
2026-08-10T23:44:20.2903040Z     Target 'Umami-product' in project 'Umami'
2026-08-10T23:44:20.2904470Z         ➜ Explicit dependency on target 'Umami' in project 'Umami'
2026-08-10T23:44:20.2905680Z         ➜ Explicit dependency on target 'UmamiCore' in project 'Umami'
2026-08-10T23:44:20.2906620Z         ➜ Explicit dependency on target 'UmamiAPI' in project 'Umami'
2026-08-10T23:44:20.2907900Z         ➜ Explicit dependency on target 'UmamiTracker' in project 'Umami'
2026-08-10T23:44:20.2908650Z     Target 'Umami' in project 'Umami'
2026-08-10T23:44:20.2909800Z         ➜ Explicit dependency on target 'UmamiCore' in project 'Umami'
2026-08-10T23:44:20.2911020Z         ➜ Explicit dependency on target 'UmamiAPI' in project 'Umami'
2026-08-10T23:44:20.2911950Z         ➜ Explicit dependency on target 'UmamiTracker' in project 'Umami'
2026-08-10T23:44:20.2912930Z     Target 'UmamiTracker' in project 'Umami'
2026-08-10T23:44:20.2913770Z         ➜ Explicit dependency on target 'UmamiCore' in project 'Umami'
2026-08-10T23:44:20.2914630Z     Target 'UmamiAPI' in project 'Umami'
2026-08-10T23:44:20.2915480Z         ➜ Explicit dependency on target 'UmamiCore' in project 'Umami'
2026-08-10T23:44:20.2916450Z     Target 'UmamiCore' in project 'Umami' (no dependencies)
2026-08-10T23:44:20.2917490Z     Target 'ETBootstrap-product' in project 'swift-et'
2026-08-10T23:44:20.2918710Z         ➜ Explicit dependency on target 'ETBootstrap' in project 'swift-et'
2026-08-10T23:44:20.2920140Z     Target 'ETSession-product' in project 'swift-et'
2026-08-10T23:44:20.2921350Z         ➜ Explicit dependency on target 'ETSession' in project 'swift-et'
2026-08-10T23:44:20.2922400Z         ➜ Explicit dependency on target 'ETCrypto' in project 'swift-et'
2026-08-10T23:44:20.2923970Z         ➜ Explicit dependency on target 'ETCore' in project 'swift-et'
2026-08-10T23:44:20.2924990Z         ➜ Explicit dependency on target 'ETTransport' in project 'swift-et'
2026-08-10T23:44:20.2926440Z         ➜ Explicit dependency on target 'ETBootstrap' in project 'swift-et'
2026-08-10T23:44:20.2927400Z         ➜ Explicit dependency on target 'SwiftProtobuf-product' in project 'SwiftProtobuf'
2026-08-10T23:44:20.2929040Z     Target 'ETSession' in project 'swift-et'
2026-08-10T23:44:20.2929660Z         ➜ Explicit dependency on target 'ETCrypto' in project 'swift-et'
2026-08-10T23:44:20.2930800Z         ➜ Explicit dependency on target 'ETCore' in project 'swift-et'
2026-08-10T23:44:20.2932090Z         ➜ Explicit dependency on target 'ETTransport' in project 'swift-et'
2026-08-10T23:44:20.2933070Z         ➜ Explicit dependency on target 'ETBootstrap' in project 'swift-et'
2026-08-10T23:44:20.2934240Z         ➜ Explicit dependency on target 'SwiftProtobuf-product' in project 'SwiftProtobuf'
2026-08-10T23:44:20.2935280Z     Target 'ETBootstrap' in project 'swift-et' (no dependencies)
2026-08-10T23:44:20.2936750Z     Target 'ETTransport' in project 'swift-et' (no dependencies)
2026-08-10T23:44:20.2937810Z     Target 'ETCore' in project 'swift-et'
2026-08-10T23:44:20.2938780Z         ➜ Explicit dependency on target 'ETCrypto' in project 'swift-et'
2026-08-10T23:44:20.2940370Z         ➜ Explicit dependency on target 'SwiftProtobuf-product' in project 'SwiftProtobuf'
2026-08-10T23:44:20.2941660Z     Target 'SwiftProtobuf-product' in project 'SwiftProtobuf'
2026-08-10T23:44:20.2944440Z         ➜ Explicit dependency on target 'SwiftProtobuf' in project 'SwiftProtobuf'
2026-08-10T23:44:20.2946070Z         ➜ Explicit dependency on target 'SwiftProtobuf_SwiftProtobuf' in project 'SwiftProtobuf'
2026-08-10T23:44:20.2947180Z     Target 'SwiftProtobuf' in project 'SwiftProtobuf'
2026-08-10T23:44:20.2948720Z         ➜ Explicit dependency on target 'SwiftProtobuf_SwiftProtobuf' in project 'SwiftProtobuf'
2026-08-10T23:44:20.2949850Z     Target 'SwiftProtobuf_SwiftProtobuf' in project 'SwiftProtobuf' (no dependencies)
2026-08-10T23:44:20.2950870Z     Target 'ETCrypto' in project 'swift-et' (no dependencies)
2026-08-10T23:44:20.2951660Z     Target 'MoshBootstrap-product' in project 'swift-mosh'
2026-08-10T23:44:20.2952700Z         ➜ Explicit dependency on target 'MoshBootstrap' in project 'swift-mosh'
2026-08-10T23:44:20.2953460Z     Target 'MoshBootstrap' in project 'swift-mosh' (no dependencies)
2026-08-10T23:44:20.2954230Z     Target 'MoshCore-product' in project 'swift-mosh'
2026-08-10T23:44:20.2955360Z         ➜ Explicit dependency on target 'MoshCore' in project 'swift-mosh'
2026-08-10T23:44:20.2956800Z         ➜ Explicit dependency on target 'MoshWire' in project 'swift-mosh'
2026-08-10T23:44:20.2957600Z         ➜ Explicit dependency on target 'MoshTransport' in project 'swift-mosh'
2026-08-10T23:44:20.2958580Z         ➜ Explicit dependency on target 'MoshProtoLite' in project 'swift-mosh'
2026-08-10T23:44:20.2959750Z         ➜ Explicit dependency on target 'MoshCryptoOCB' in project 'swift-mosh'
2026-08-10T23:44:20.2961410Z         ➜ Explicit dependency on target 'MoshCompression' in project 'swift-mosh'
2026-08-10T23:44:20.2962670Z     Target 'MoshCore' in project 'swift-mosh'
2026-08-10T23:44:20.2963900Z         ➜ Explicit dependency on target 'MoshWire' in project 'swift-mosh'
2026-08-10T23:44:20.2964770Z         ➜ Explicit dependency on target 'MoshTransport' in project 'swift-mosh'
2026-08-10T23:44:20.2965760Z         ➜ Explicit dependency on target 'MoshProtoLite' in project 'swift-mosh'
2026-08-10T23:44:20.2967250Z         ➜ Explicit dependency on target 'MoshCryptoOCB' in project 'swift-mosh'
2026-08-10T23:44:20.2969120Z         ➜ Explicit dependency on target 'MoshCompression' in project 'swift-mosh'
2026-08-10T23:44:20.2970390Z     Target 'MoshCompression' in project 'swift-mosh' (no dependencies)
2026-08-10T23:44:20.2971290Z     Target 'MoshCryptoOCB' in project 'swift-mosh' (no dependencies)
2026-08-10T23:44:20.2972320Z     Target 'MoshProtoLite' in project 'swift-mosh' (no dependencies)
2026-08-10T23:44:20.2973690Z     Target 'MoshTransport' in project 'swift-mosh'
2026-08-10T23:44:20.2975210Z         ➜ Explicit dependency on target 'MoshWire' in project 'swift-mosh'
2026-08-10T23:44:20.2976240Z     Target 'MoshWire' in project 'swift-mosh' (no dependencies)
2026-08-10T23:44:20.2977110Z     Target 'Cloudflared-product' in project 'Cloudflared'
2026-08-10T23:44:20.2979090Z         ➜ Explicit dependency on target 'Cloudflared' in project 'Cloudflared'
2026-08-10T23:44:20.2982310Z         ➜ Explicit dependency on target 'TweetNacl-product' in project 'TweetNacl'
2026-08-10T23:44:20.2984370Z     Target 'Cloudflared' in project 'Cloudflared'
2026-08-10T23:44:20.2985510Z         ➜ Explicit dependency on target 'TweetNacl-product' in project 'TweetNacl'
2026-08-10T23:44:20.2986800Z     Target 'TweetNacl-product' in project 'TweetNacl'
2026-08-10T23:44:20.2987970Z         ➜ Explicit dependency on target 'TweetNacl' in project 'TweetNacl'
2026-08-10T23:44:20.2988990Z         ➜ Explicit dependency on target 'CTweetNacl' in project 'TweetNacl'
2026-08-10T23:44:20.2989830Z     Target 'TweetNacl' in project 'TweetNacl'
2026-08-10T23:44:20.2990690Z         ➜ Explicit dependency on target 'CTweetNacl' in project 'TweetNacl'
2026-08-10T23:44:20.2991520Z     Target 'CTweetNacl' in project 'TweetNacl' (no dependencies)
2026-08-10T23:44:20.2992720Z     Target 'MLX-product' in project 'mlx-swift'
2026-08-10T23:44:20.2993650Z         ➜ Explicit dependency on target 'MLX' in project 'mlx-swift'
2026-08-10T23:44:20.2995530Z         ➜ Explicit dependency on target 'Cmlx' in project 'mlx-swift'
2026-08-10T23:44:20.2997570Z         ➜ Explicit dependency on target 'Numerics-product' in project 'swift-numerics'
2026-08-10T23:44:20.2999050Z     Target 'MLXNN-product' in project 'mlx-swift'
2026-08-10T23:44:20.3000530Z         ➜ Explicit dependency on target 'MLXNN' in project 'mlx-swift'
2026-08-10T23:44:20.3001840Z         ➜ Explicit dependency on target 'Cmlx' in project 'mlx-swift'
2026-08-10T23:44:20.3002800Z         ➜ Explicit dependency on target 'MLX' in project 'mlx-swift'
2026-08-10T23:44:20.3003880Z         ➜ Explicit dependency on target 'MLXRandom' in project 'mlx-swift'
2026-08-10T23:44:20.3005060Z         ➜ Explicit dependency on target 'MLXFast' in project 'mlx-swift'
2026-08-10T23:44:20.3006980Z         ➜ Explicit dependency on target 'Numerics-product' in project 'swift-numerics'
2026-08-10T23:44:20.3008120Z     Target 'MLXNN' in project 'mlx-swift'
2026-08-10T23:44:20.3009260Z         ➜ Explicit dependency on target 'Cmlx' in project 'mlx-swift'
2026-08-10T23:44:20.3010720Z         ➜ Explicit dependency on target 'MLX' in project 'mlx-swift'
2026-08-10T23:44:20.3011600Z         ➜ Explicit dependency on target 'MLXRandom' in project 'mlx-swift'
2026-08-10T23:44:20.3012990Z         ➜ Explicit dependency on target 'MLXFast' in project 'mlx-swift'
2026-08-10T23:44:20.3014280Z         ➜ Explicit dependency on target 'Numerics-product' in project 'swift-numerics'
2026-08-10T23:44:20.3015160Z     Target 'MLXFast' in project 'mlx-swift'
2026-08-10T23:44:20.3016360Z         ➜ Explicit dependency on target 'Cmlx' in project 'mlx-swift'
2026-08-10T23:44:20.3017350Z         ➜ Explicit dependency on target 'MLX' in project 'mlx-swift'
2026-08-10T23:44:20.3018460Z         ➜ Explicit dependency on target 'Numerics-product' in project 'swift-numerics'
2026-08-10T23:44:20.3019280Z     Target 'MLXRandom' in project 'mlx-swift'
2026-08-10T23:44:20.3020200Z         ➜ Explicit dependency on target 'Cmlx' in project 'mlx-swift'
2026-08-10T23:44:20.3021090Z         ➜ Explicit dependency on target 'MLX' in project 'mlx-swift'
2026-08-10T23:44:20.3022320Z         ➜ Explicit dependency on target 'Numerics-product' in project 'swift-numerics'
2026-08-10T23:44:20.3023500Z     Target 'MLXFFT-product' in project 'mlx-swift'
2026-08-10T23:44:20.3024210Z         ➜ Explicit dependency on target 'MLXFFT' in project 'mlx-swift'
2026-08-10T23:44:20.3025240Z         ➜ Explicit dependency on target 'Cmlx' in project 'mlx-swift'
2026-08-10T23:44:20.3026170Z         ➜ Explicit dependency on target 'MLX' in project 'mlx-swift'
2026-08-10T23:44:20.3026940Z         ➜ Explicit dependency on target 'Numerics-product' in project 'swift-numerics'
2026-08-10T23:44:20.3027940Z     Target 'MLXFFT' in project 'mlx-swift'
2026-08-10T23:44:20.3029030Z         ➜ Explicit dependency on target 'Cmlx' in project 'mlx-swift'
2026-08-10T23:44:20.3030420Z         ➜ Explicit dependency on target 'MLX' in project 'mlx-swift'
2026-08-10T23:44:20.3031610Z         ➜ Explicit dependency on target 'Numerics-product' in project 'swift-numerics'
2026-08-10T23:44:20.3032980Z     Target 'MLX' in project 'mlx-swift'
2026-08-10T23:44:20.3033880Z         ➜ Explicit dependency on target 'Cmlx' in project 'mlx-swift'
2026-08-10T23:44:20.3035140Z         ➜ Explicit dependency on target 'Numerics-product' in project 'swift-numerics'
2026-08-10T23:44:20.3036550Z     Target 'Numerics-product' in project 'swift-numerics'
2026-08-10T23:44:20.3037620Z         ➜ Explicit dependency on target 'Numerics' in project 'swift-numerics'
2026-08-10T23:44:20.3039280Z         ➜ Explicit dependency on target '_NumericsShims' in project 'swift-numerics'
2026-08-10T23:44:20.3040440Z         ➜ Explicit dependency on target 'RealModule' in project 'swift-numerics'
2026-08-10T23:44:20.3080540Z         ➜ Explicit dependency on target 'ComplexModule' in project 'swift-numerics'
2026-08-10T23:44:20.3090450Z     Target 'Numerics' in project 'swift-numerics'
2026-08-10T23:44:20.3092500Z         ➜ Explicit dependency on target '_NumericsShims' in project 'swift-numerics'
2026-08-10T23:44:20.3196290Z         ➜ Explicit dependency on target 'RealModule' in project 'swift-numerics'
2026-08-10T23:44:20.3255630Z         ➜ Explicit dependency on target 'ComplexModule' in project 'swift-numerics'
2026-08-10T23:44:20.3357080Z     Target 'ComplexModule' in project 'swift-numerics'
2026-08-10T23:44:20.3458500Z         ➜ Explicit dependency on target '_NumericsShims' in project 'swift-numerics'
2026-08-10T23:44:20.3560920Z         ➜ Explicit dependency on target 'RealModule' in project 'swift-numerics'
2026-08-10T23:44:20.3662460Z     Target 'RealModule' in project 'swift-numerics'
2026-08-10T23:44:20.3764770Z         ➜ Explicit dependency on target '_NumericsShims' in project 'swift-numerics'
2026-08-10T23:44:20.3866950Z     Target '_NumericsShims' in project 'swift-numerics' (no dependencies)
2026-08-10T23:44:20.3969250Z     Target 'Cmlx' in project 'mlx-swift'
2026-08-10T23:44:20.4072740Z         ➜ Explicit dependency on target 'mlx-swift_Cmlx' in project 'mlx-swift'
2026-08-10T23:44:20.4175050Z     Target 'mlx-swift_Cmlx' in project 'mlx-swift' (no dependencies)
2026-08-10T23:44:20.4277440Z     Target 'ZIPFoundation-product' in project 'ZIPFoundation'
2026-08-10T23:44:20.4379340Z         ➜ Explicit dependency on target 'ZIPFoundation' in project 'ZIPFoundation'
2026-08-10T23:44:20.4479690Z     Target 'ZIPFoundation' in project 'ZIPFoundation' (no dependencies)
2026-08-10T23:44:20.4620460Z     Target 'VVTermLiveActivity' in project 'VVTerm' (no dependencies)
2026-08-10T23:44:20.4698920Z 
2026-08-10T23:44:20.4807130Z GatherProvisioningInputs
2026-08-10T23:44:20.4908420Z 
2026-08-10T23:44:20.5009560Z CreateBuildDescription
2026-08-10T23:44:22.1045570Z 
2026-08-10T23:44:22.1180570Z ExecuteExternalTool /Applications/Xcode_27_beta_4.app/Contents/Developer/usr/bin/actool --version --output-format xml1
2026-08-10T23:44:27.0344480Z 
2026-08-10T23:44:27.0449940Z ExecuteExternalTool /Applications/Xcode_27_beta_4.app/Contents/Developer/Toolchains/XcodeDefault.xctoolchain/usr/bin/swiftc --version
2026-08-10T23:44:27.0558830Z 
2026-08-10T23:44:27.0667320Z ExecuteExternalTool /Applications/Xcode_27_beta_4.app/Contents/Developer/Toolchains/XcodeDefault.xctoolchain/usr/bin/clang -v -E -dM -arch arm64 -isysroot /Applications/Xcode_27_beta_4.app/Contents/Developer/Platforms/iPhoneSimulator.platform/Developer/SDKs/iPhoneSimulator27.0.sdk -x c++ -c /dev/null
2026-08-10T23:44:27.0783030Z 
2026-08-10T23:44:27.0891420Z ExecuteExternalTool /Applications/Xcode_27_beta_4.app/Contents/Developer/Toolchains/XcodeDefault.xctoolchain/usr/bin/clang -v -E -dM -arch arm64 -isysroot /Applications/Xcode_27_beta_4.app/Contents/Developer/Platforms/iPhoneSimulator.platform/Developer/SDKs/iPhoneSimulator27.0.sdk -x c -c /dev/null
2026-08-10T23:44:27.1002710Z 
2026-08-10T23:44:27.1111660Z ExecuteExternalTool /Applications/Xcode_27_beta_4.app/Contents/Developer/Toolchains/XcodeDefault.xctoolchain/usr/bin/clang -v -E -dM -isysroot /Applications/Xcode_27_beta_4.app/Contents/Developer/Platforms/iPhoneSimulator.platform/Developer/SDKs/iPhoneSimulator27.0.sdk -x c -c /dev/null
2026-08-10T23:44:27.1223840Z 
2026-08-10T23:44:27.1327550Z ExecuteExternalTool /Applications/Xcode_27_beta_4.app/Contents/Developer/Toolchains/XcodeDefault.xctoolchain/usr/bin/ld -version_details
2026-08-10T23:44:27.1430550Z 
2026-08-10T23:44:27.1539230Z ReadFileContents /Applications/Xcode_27_beta_4.app/Contents/Developer/Toolchains/XcodeDefault.xctoolchain/usr/share/docc/features.json
2026-08-10T23:44:27.1647450Z 
2026-08-10T23:44:27.1768030Z ExecuteExternalTool /Applications/Xcode_27_beta_4.app/Contents/Developer/Toolchains/XcodeDefault.xctoolchain/usr/bin/clang -v -E -dM -arch arm64 -isysroot /Applications/Xcode_27_beta_4.app/Contents/Developer/Platforms/iPhoneSimulator.platform/Developer/SDKs/iPhoneSimulator27.0.sdk -x objective-c++ -c /dev/null
2026-08-10T23:44:27.1884130Z 
2026-08-10T23:44:27.1990710Z ExecuteExternalTool /Applications/Xcode_27_beta_4.app/Contents/Developer/usr/bin/actool --print-asset-tag-combinations --output-format xml1 /Users/runner/work/vvterm/vvterm/VVTerm/Resources/Assets.xcassets /Users/runner/work/vvterm/vvterm/VVTerm/Assets.xcassets
2026-08-10T23:44:27.2009730Z 
2026-08-10T23:44:27.9281130Z Build description signature: c16475dddc7afcd082f8220842226fa6
2026-08-10T23:44:27.9384460Z Build description path: /Users/runner/work/_temp/DerivedData/Build/Intermediates.noindex/XCBuildData/c16475dddc7afcd082f8220842226fa6.xcbuilddata
2026-08-10T23:44:28.1298300Z ClangStatCache /Applications/Xcode_27_beta_4.app/Contents/Developer/Toolchains/XcodeDefault.xctoolchain/usr/bin/clang-stat-cache /Applications/Xcode_27_beta_4.app/Contents/Developer/Platforms/iPhoneSimulator.platform/Developer/SDKs/iPhoneSimulator27.0.sdk /Users/runner/work/_temp/DerivedData/SDKStatCaches.noindex/iphonesimulator27.0-24A5390e-e43fee13dd4b37625cdebfde7abd7d2e442fb7f1c3b8580cc81a86a0492dbf21.sdkstatcache
2026-08-10T23:44:28.1397690Z     cd /Users/runner/work/vvterm/vvterm/VVTerm.xcodeproj
2026-08-10T23:44:28.1468720Z     /Applications/Xcode_27_beta_4.app/Contents/Developer/Toolchains/XcodeDefault.xctoolchain/usr/bin/clang-stat-cache /Applications/Xcode_27_beta_4.app/Contents/Developer/Platforms/iPhoneSimulator.platform/Developer/SDKs/iPhoneSimulator27.0.sdk -o /Users/runner/work/_temp/DerivedData/SDKStatCaches.noindex/iphonesimulator27.0-24A5390e-e43fee13dd4b37625cdebfde7abd7d2e442fb7f1c3b8580cc81a86a0492dbf21.sdkstatcache
2026-08-10T23:44:28.1732560Z 
2026-08-10T23:44:28.3903020Z SwiftDriver SwiftProtobuf normal arm64 com.apple.xcode.tools.swift.compiler (in target 'SwiftProtobuf' from project 'SwiftProtobuf')
2026-08-10T23:44:28.3904670Z     cd /Users/runner/work/vvterm/vvterm/VVTerm.xcodeproj
2026-08-10T23:44:28.3940970Z     builtin-SwiftDriver -- /Applications/Xcode_27_beta_4.app/Contents/Developer/Toolchains/XcodeDefault.xctoolchain/usr/bin/swiftc -parse-as-library -module-name SwiftProtobuf -Onone @/Users/runner/work/_temp/DerivedData/Build/Intermediates.noindex/SwiftProtobuf.build/Debug-iphonesimulator/SwiftProtobuf-t.build/Objects-normal/arm64/SwiftProtobuf.SwiftFileList -DSWIFT_PACKAGE -DDEBUG -DSWIFT_MODULE_RESOURCE_BUNDLE_AVAILABLE -DFieldMaskUtilities -DBinaryDelimitedStreams -DXcode -enable-upcoming-feature ExistentialAny -plugin-path /Applications/Xcode_27_beta_4.app/Contents/Developer/Toolchains/XcodeDefault.xctoolchain/usr/lib/swift/host/plugins/testing -enable-experimental-feature DebugDescriptionMacro -sdk /Applications/Xcode_27_beta_4.app/Contents/Developer/Platforms/iPhoneSimulator.platform/Developer/SDKs/iPhoneSimulator27.0.sdk -target arm64-apple-ios15.0-simulator -g -module-cache-path /Users/runner/work/_temp/DerivedData/ModuleCache.noindex -Xfrontend -serialize-debugging-options -profile-coverage-mapping -profile-generate -enable-testing -suppress-warnings -index-store-path /Users/runner/work/_temp/DerivedData/Index.noindex/DataStore -Xcc -D_LIBCPP_HARDENING_MODE\=_LIBCPP_HARDENING_MODE_DEBUG -swift-version 6 -I /Users/runner/work/_temp/DerivedData/Build/Products/Debug-iphonesimulator -Isystem /Applications/Xcode_27_beta_4.app/Contents/Developer/Platforms/iPhoneSimulator.platform/Developer/usr/lib -F /Users/runner/work/_temp/DerivedData/Build/Products/Debug-iphonesimulator -F /Applications/Xcode_27_beta_4.app/Contents/Developer/Platforms/iPhoneSimulator.platform/Developer/Library/Frameworks -F /Applications/Xcode_27_beta_4.app/Contents/Developer/Platforms/iPhoneSimulator.platform/Developer/SDKs/iPhoneSimulator27.0.sdk/Developer/Library/Frameworks -c -j3 -enable-batch-mode -incremental -Xcc -ivfsstatcache -Xcc /Users/runner/work/_temp/DerivedData/SDKStatCaches.noindex/iphonesimulator27.0-24A5390e-e43fee13dd4b37625cdebfde7abd7d2e442fb7f1c3b8580cc81a86a0492dbf21.sdkstatcache -output-file-map /Users/runner/work/_temp/DerivedData/Build/Intermediates.noindex/SwiftProtobuf.build/Debug-iphonesimulator/SwiftProtobuf-t.build/Objects-normal/arm64/SwiftProtobuf-OutputFileMap.json -save-temps -no-color-diagnostics -explicit-module-build -module-cache-path /Users/runner/work/_temp/DerivedData/Build/Intermediates.noindex/SwiftExplicitPrecompiledModules -clang-scanner-module-cache-path /Users/runner/work/_temp/DerivedData/ModuleCache.noindex -sdk-module-cache-path /Users/runner/work/_temp/DerivedData/SDKExplicitPrecompiledModules -emit-dependencies -emit-module -emit-module-path /Users/runner/work/_temp/DerivedData/Build/Intermediates.noindex/SwiftProtobuf.build/Debug-iphonesimulator/SwiftProtobuf-t.build/Objects-normal/arm64/SwiftProtobuf.swiftmodule -serialize-diagnostics -dependency-scan-serialize-diagnostics-path /Users/runner/work/_temp/DerivedData/Build/Intermediates.noindex/SwiftProtobuf.build/Debug-iphonesimulator/SwiftProtobuf-t.build/Objects-normal/arm64/SwiftProtobuf-dependency-scan.dia -user-module-version 1.38.1 -validate-clang-modules-once -clang-build-session-file /Users/runner/work/_temp/DerivedData/ModuleCache.noindex/Session.modulevalidation -Xcc -fmodules-prune-interval\=86400 -Xcc -fmodules-prune-after\=345600 -package-name swift_protobuf -emit-const-values -const-gather-protocols-list /Users/runner/work/_temp/DerivedData/Build/Intermediates.noindex/SwiftProtobuf.build/Debug-iphonesimulator/SwiftProtobuf-t.build/Objects-normal/arm64/SwiftProtobuf_const_extract_protocols.json -Xcc -I/Users/runner/work/_temp/DerivedData/Build/Products/Debug-iphonesimulator/include -Xcc -I/Users/runner/work/_temp/DerivedData/Build/Intermediates.noindex/SwiftProtobuf.build/Debug-iphonesimulator/SwiftProtobuf-t.build/DerivedSources-normal/arm64 -Xcc -I/Users/runner/work/_temp/DerivedData/Build/Intermediates.noindex/SwiftProtobuf.build/Debug-iphonesimulator/SwiftProtobuf-t.build/DerivedSources/arm64 -Xcc -I/Users/runner/work/_temp/DerivedData/Build/Intermediates.noindex/SwiftProtobuf.build/Debug-iphonesimulator/SwiftProtobuf-t.build/DerivedSources -Xcc -DSWIFT_PACKAGE -Xcc -DDEBUG\=1 -emit-objc-header -emit-objc-header-path /Users/runner/work/_temp/DerivedData/Build/Intermediates.noindex/SwiftProtobuf.build/Debug-iphonesimulator/SwiftProtobuf-t.build/Objects-normal/arm64/SwiftProtobuf-Swift.h -working-directory /Users/runner/work/vvterm/vvterm/VVTerm.xcodeproj -experimental-emit-module-separately -disable-cmo
2026-08-10T23:44:31.8885040Z 
2026-08-10T23:44:31.8989050Z SwiftEmitModule normal arm64 Emitting\ module\ for\ SwiftProtobuf (in target 'SwiftProtobuf' from project 'SwiftProtobuf')
2026-08-10T23:44:35.5843250Z 
2026-08-10T23:44:35.5945290Z SwiftCompile normal arm64 (in target 'SwiftProtobuf' from project 'SwiftProtobuf')
2026-08-10T23:44:35.6046660Z     cd /Users/runner/work/vvterm/vvterm/VVTerm.xcodeproj
2026-08-10T23:44:35.6147690Z     
2026-08-10T23:44:35.6186650Z 
2026-08-10T23:44:35.6188930Z SwiftDriverJobDiscovery normal arm64 Emitting module for SwiftProtobuf (in target 'SwiftProtobuf' from project 'SwiftProtobuf')
2026-08-10T23:44:35.6195170Z 
2026-08-10T23:44:35.6208310Z SwiftDriver\ Compilation\ Requirements SwiftProtobuf normal arm64 com.apple.xcode.tools.swift.compiler (in target 'SwiftProtobuf' from project 'SwiftProtobuf')
2026-08-10T23:44:35.6209540Z     cd /Users/runner/work/vvterm/vvterm/VVTerm.xcodeproj
2026-08-10T23:44:35.6244960Z     builtin-Swift-Compilation-Requirements -- /Applications/Xcode_27_beta_4.app/Contents/Developer/Toolchains/XcodeDefault.xctoolchain/usr/bin/swiftc -parse-as-library -module-name SwiftProtobuf -Onone @/Users/runner/work/_temp/DerivedData/Build/Intermediates.noindex/SwiftProtobuf.build/Debug-iphonesimulator/SwiftProtobuf-t.build/Objects-normal/arm64/SwiftProtobuf.SwiftFileList -DSWIFT_PACKAGE -DDEBUG -DSWIFT_MODULE_RESOURCE_BUNDLE_AVAILABLE -DFieldMaskUtilities -DBinaryDelimitedStreams -DXcode -enable-upcoming-feature ExistentialAny -plugin-path /Applications/Xcode_27_beta_4.app/Contents/Developer/Toolchains/XcodeDefault.xctoolchain/usr/lib/swift/host/plugins/testing -enable-experimental-feature DebugDescriptionMacro -sdk /Applications/Xcode_27_beta_4.app/Contents/Developer/Platforms/iPhoneSimulator.platform/Developer/SDKs/iPhoneSimulator27.0.sdk -target arm64-apple-ios15.0-simulator -g -module-cache-path /Users/runner/work/_temp/DerivedData/ModuleCache.noindex -Xfrontend -serialize-debugging-options -profile-coverage-mapping -profile-generate -enable-testing -suppress-warnings -index-store-path /Users/runner/work/_temp/DerivedData/Index.noindex/DataStore -Xcc -D_LIBCPP_HARDENING_MODE\=_LIBCPP_HARDENING_MODE_DEBUG -swift-version 6 -I /Users/runner/work/_temp/DerivedData/Build/Products/Debug-iphonesimulator -Isystem /Applications/Xcode_27_beta_4.app/Contents/Developer/Platforms/iPhoneSimulator.platform/Developer/usr/lib -F /Users/runner/work/_temp/DerivedData/Build/Products/Debug-iphonesimulator -F /Applications/Xcode_27_beta_4.app/Contents/Developer/Platforms/iPhoneSimulator.platform/Developer/Library/Frameworks -F /Applications/Xcode_27_beta_4.app/Contents/Developer/Platforms/iPhoneSimulator.platform/Developer/SDKs/iPhoneSimulator27.0.sdk/Developer/Library/Frameworks -c -j3 -enable-batch-mode -incremental -Xcc -ivfsstatcache -Xcc /Users/runner/work/_temp/DerivedData/SDKStatCaches.noindex/iphonesimulator27.0-24A5390e-e43fee13dd4b37625cdebfde7abd7d2e442fb7f1c3b8580cc81a86a0492dbf21.sdkstatcache -output-file-map /Users/runner/work/_temp/DerivedData/Build/Intermediates.noindex/SwiftProtobuf.build/Debug-iphonesimulator/SwiftProtobuf-t.build/Objects-normal/arm64/SwiftProtobuf-OutputFileMap.json -save-temps -no-color-diagnostics -explicit-module-build -module-cache-path /Users/runner/work/_temp/DerivedData/Build/Intermediates.noindex/SwiftExplicitPrecompiledModules -clang-scanner-module-cache-path /Users/runner/work/_temp/DerivedData/ModuleCache.noindex -sdk-module-cache-path /Users/runner/work/_temp/DerivedData/SDKExplicitPrecompiledModules -emit-dependencies -emit-module -emit-module-path /Users/runner/work/_temp/DerivedData/Build/Intermediates.noindex/SwiftProtobuf.build/Debug-iphonesimulator/SwiftProtobuf-t.build/Objects-normal/arm64/SwiftProtobuf.swiftmodule -serialize-diagnostics -dependency-scan-serialize-diagnostics-path /Users/runner/work/_temp/DerivedData/Build/Intermediates.noindex/SwiftProtobuf.build/Debug-iphonesimulator/SwiftProtobuf-t.build/Objects-normal/arm64/SwiftProtobuf-dependency-scan.dia -user-module-version 1.38.1 -validate-clang-modules-once -clang-build-session-file /Users/runner/work/_temp/DerivedData/ModuleCache.noindex/Session.modulevalidation -Xcc -fmodules-prune-interval\=86400 -Xcc -fmodules-prune-after\=345600 -package-name swift_protobuf -emit-const-values -const-gather-protocols-list /Users/runner/work/_temp/DerivedData/Build/Intermediates.noindex/SwiftProtobuf.build/Debug-iphonesimulator/SwiftProtobuf-t.build/Objects-normal/arm64/SwiftProtobuf_const_extract_protocols.json -Xcc -I/Users/runner/work/_temp/DerivedData/Build/Products/Debug-iphonesimulator/include -Xcc -I/Users/runner/work/_temp/DerivedData/Build/Intermediates.noindex/SwiftProtobuf.build/Debug-iphonesimulator/SwiftProtobuf-t.build/DerivedSources-normal/arm64 -Xcc -I/Users/runner/work/_temp/DerivedData/Build/Intermediates.noindex/SwiftProtobuf.build/Debug-iphonesimulator/SwiftProtobuf-t.build/DerivedSources/arm64 -Xcc -I/Users/runner/work/_temp/DerivedData/Build/Intermediates.noindex/SwiftProtobuf.build/Debug-iphonesimulator/SwiftProtobuf-t.build/DerivedSources -Xcc -DSWIFT_PACKAGE -Xcc -DDEBUG\=1 -emit-objc-header -emit-objc-header-path /Users/runner/work/_temp/DerivedData/Build/Intermediates.noindex/SwiftProtobuf.build/Debug-iphonesimulator/SwiftProtobuf-t.build/Objects-normal/arm64/SwiftProtobuf-Swift.h -working-directory /Users/runner/work/vvterm/vvterm/VVTerm.xcodeproj -experimental-emit-module-separately -disable-cmo
2026-08-10T23:44:35.6275170Z 
2026-08-10T23:44:35.6277130Z Copy /Users/runner/work/_temp/DerivedData/Build/Products/Debug-iphonesimulator/SwiftProtobuf.swiftmodule/arm64-apple-ios-simulator.abi.json /Users/runner/work/_temp/DerivedData/Build/Intermediates.noindex/SwiftProtobuf.build/Debug-iphonesimulator/SwiftProtobuf-t.build/Objects-normal/arm64/SwiftProtobuf.abi.json (in target 'SwiftProtobuf' from project 'SwiftProtobuf')
2026-08-10T23:44:35.6280480Z     cd /Users/runner/work/_temp/DerivedData/SourcePackages/checkouts/swift-protobuf
2026-08-10T23:44:35.6283380Z     builtin-copy -exclude .DS_Store -exclude CVS -exclude .svn -exclude .git -exclude .hg -resolve-src-symlinks -rename /Users/runner/work/_temp/DerivedData/Build/Intermediates.noindex/SwiftProtobuf.build/Debug-iphonesimulator/SwiftProtobuf-t.build/Objects-normal/arm64/SwiftProtobuf.abi.json /Users/runner/work/_temp/DerivedData/Build/Products/Debug-iphonesimulator/SwiftProtobuf.swiftmodule/arm64-apple-ios-simulator.abi.json
2026-08-10T23:44:35.6285580Z 
2026-08-10T23:44:35.7325070Z ProcessInfoPlistFile /Users/runner/work/_temp/DerivedData/Build/Products/Debug-iphonesimulator/SwiftProtobuf_SwiftProtobuf.bundle/Info.plist /Users/runner/work/_temp/DerivedData/Build/Intermediates.noindex/SwiftProtobuf.build/Debug-iphonesimulator/SwiftProtobuf_SwiftProtobuf-b.build/empty-SwiftProtobuf_SwiftProtobuf.plist (in target 'SwiftProtobuf_SwiftProtobuf' from project 'SwiftProtobuf')
2026-08-10T23:44:35.7327900Z     cd /Users/runner/work/_temp/DerivedData/SourcePackages/checkouts/swift-protobuf
2026-08-10T23:44:35.7331770Z     builtin-infoPlistUtility /Users/runner/work/_temp/DerivedData/Build/Intermediates.noindex/SwiftProtobuf.build/Debug-iphonesimulator/SwiftProtobuf_SwiftProtobuf-b.build/empty-SwiftProtobuf_SwiftProtobuf.plist -producttype com.apple.product-type.bundle -expandbuildsettings -format binary -platform iphonesimulator -o /Users/runner/work/_temp/DerivedData/Build/Products/Debug-iphonesimulator/SwiftProtobuf_SwiftProtobuf.bundle/Info.plist
2026-08-10T23:44:35.7494410Z 
2026-08-10T23:44:35.7712650Z SwiftCompile normal arm64 Compiling\ FieldTypes.swift,\ Google_Protobuf_Any+Extensions.swift,\ Google_Protobuf_Any+Registry.swift,\ Google_Protobuf_Duration+Extensions.swift,\ Google_Protobuf_FieldMask+Extensions.swift,\ Google_Protobuf_ListValue+Extensions.swift,\ Google_Protobuf_NullValue+Extensions.swift,\ Google_Protobuf_Struct+Extensions.swift,\ Google_Protobuf_Timestamp+Extensions.swift,\ Google_Protobuf_Value+Extensions.swift,\ Google_Protobuf_Wrappers+Extensions.swift,\ HashVisitor.swift,\ Internal.swift,\ JSONDecoder.swift,\ JSONDecodingError.swift,\ JSONDecodingOptions.swift,\ JSONEncoder.swift,\ JSONEncodingError.swift,\ JSONEncodingOptions.swift,\ JSONEncodingVisitor.swift,\ JSONMapEncodingVisitor.swift,\ JSONScanner.swift,\ MathUtils.swift,\ Message+AnyAdditions.swift /Users/runner/work/_temp/DerivedData/SourcePackages/checkouts/swift-protobuf/Sources/SwiftProtobuf/FieldTypes.swift /Users/runner/work/_temp/DerivedData/SourcePackages/checkouts/swift-protobuf/Sources/SwiftProtobuf/Google_Protobuf_Any+Extensions.swift /Users/runner/work/_temp/DerivedData/SourcePackages/checkouts/swift-protobuf/Sources/SwiftProtobuf/Google_Protobuf_Any+Registry.swift /Users/runner/work/_temp/DerivedData/SourcePackages/checkouts/swift-protobuf/Sources/SwiftProtobuf/Google_Protobuf_Duration+Extensions.swift /Users/runner/work/_temp/DerivedData/SourcePackages/checkouts/swift-protobuf/Sources/SwiftProtobuf/Google_Protobuf_FieldMask+Extensions.swift /Users/runner/work/_temp/DerivedData/SourcePackages/checkouts/swift-protobuf/Sources/SwiftProtobuf/Google_Protobuf_ListValue+Extensions.swift /Users/runner/work/_temp/DerivedData/SourcePackages/checkouts/swift-protobuf/Sources/SwiftProtobuf/Google_Protobuf_NullValue+Extensions.swift /Users/runner/work/_temp/DerivedData/SourcePackages/checkouts/swift-protobuf/Sources/SwiftProtobuf/Google_Protobuf_Struct+Extensions.swift /Users/runner/work/_temp/DerivedData/SourcePackages/checkouts/swift-protobuf/Sources/SwiftProtobuf/Google_Protobuf_Timestamp+Extensions.swift /Users/runner/work/_temp/DerivedData/SourcePackages/checkouts/swift-protobuf/Sources/SwiftProtobuf/Google_Protobuf_Value+Extensions.swift /Users/runner/work/_temp/DerivedData/SourcePackages/checkouts/swift-protobuf/Sources/SwiftProtobuf/Google_Protobuf_Wrappers+Extensions.swift /Users/runner/work/_temp/DerivedData/SourcePackages/checkouts/swift-protobuf/Sources/SwiftProtobuf/HashVisitor.swift /Users/runner/work/_temp/DerivedData/SourcePackages/checkouts/swift-protobuf/Sources/SwiftProtobuf/Internal.swift /Users/runner/work/_temp/DerivedData/SourcePackages/checkouts/swift-protobuf/Sources/SwiftProtobuf/JSONDecoder.swift /Users/runner/work/_temp/DerivedData/SourcePackages/checkouts/swift-protobuf/Sources/SwiftProtobuf/JSONDecodingError.swift /Users/runner/work/_temp/DerivedData/SourcePackages/checkouts/swift-protobuf/Sources/SwiftProtobuf/JSONDecodingOptions.swift /Users/runner/work/_temp/DerivedData/SourcePackages/checkouts/swift-protobuf/Sources/SwiftProtobuf/JSONEncoder.swift /Users/runner/work/_temp/DerivedData/SourcePackages/checkouts/swift-protobuf/Sources/SwiftProtobuf/JSONEncodingError.swift /Users/runner/work/_temp/DerivedData/SourcePackages/checkouts/swift-protobuf/Sources/SwiftProtobuf/JSONEncodingOptions.swift /Users/runner/work/_temp/DerivedData/SourcePackages/checkouts/swift-protobuf/Sources/SwiftProtobuf/JSONEncodingVisitor.swift /Users/runner/work/_temp/DerivedData/SourcePackages/checkouts/swift-protobuf/Sources/SwiftProtobuf/JSONMapEncodingVisitor.swift /Users/runner/work/_temp/DerivedData/SourcePackages/checkouts/swift-protobuf/Sources/SwiftProtobuf/JSONScanner.swift /Users/runner/work/_temp/DerivedData/SourcePackages/checkouts/swift-protobuf/Sources/SwiftProtobuf/MathUtils.swift /Users/runner/work/_temp/DerivedData/SourcePackages/checkouts/swift-protobuf/Sources/SwiftProtobuf/Message+AnyAdditions.swift (in target 'SwiftProtobuf' from project 'SwiftProtobuf')
2026-08-10T23:44:43.2486110Z 
2026-08-10T23:44:43.2601030Z SwiftCompile normal arm64 /Users/runner/work/_temp/DerivedData/SourcePackages/checkouts/swift-protobuf/Sources/SwiftProtobuf/FieldTypes.swift (in target 'SwiftProtobuf' from project 'SwiftProtobuf')
2026-08-10T23:44:43.2710250Z     cd /Users/runner/work/vvterm/vvterm/VVTerm.xcodeproj
2026-08-10T23:44:43.2818480Z     builtin-SwiftPerFileCompile FieldTypes.swift
2026-08-10T23:44:43.2924550Z 
2026-08-10T23:44:43.3032320Z SwiftCompile normal arm64 /Users/runner/work/_temp/DerivedData/SourcePackages/checkouts/swift-protobuf/Sources/SwiftProtobuf/Google_Protobuf_Any+Extensions.swift (in target 'SwiftProtobuf' from project 'SwiftProtobuf')
2026-08-10T23:44:43.3155480Z     cd /Users/runner/work/vvterm/vvterm/VVTerm.xcodeproj
2026-08-10T23:44:43.3268800Z     builtin-SwiftPerFileCompile Google_Protobuf_Any+Extensions.swift
2026-08-10T23:44:43.3378600Z 
2026-08-10T23:44:43.3480780Z SwiftCompile normal arm64 /Users/runner/work/_temp/DerivedData/SourcePackages/checkouts/swift-protobuf/Sources/SwiftProtobuf/Google_Protobuf_Any+Registry.swift (in target 'SwiftProtobuf' from project 'SwiftProtobuf')
2026-08-10T23:44:43.3580980Z     cd /Users/runner/work/vvterm/vvterm/VVTerm.xcodeproj
2026-08-10T23:44:43.3684010Z     builtin-SwiftPerFileCompile Google_Protobuf_Any+Registry.swift
2026-08-10T23:44:43.3785860Z 
2026-08-10T23:44:43.3889530Z SwiftCompile normal arm64 /Users/runner/work/_temp/DerivedData/SourcePackages/checkouts/swift-protobuf/Sources/SwiftProtobuf/Google_Protobuf_Duration+Extensions.swift (in target 'SwiftProtobuf' from project 'SwiftProtobuf')
2026-08-10T23:44:43.3995760Z     cd /Users/runner/work/vvterm/vvterm/VVTerm.xcodeproj
2026-08-10T23:44:43.4118850Z     builtin-SwiftPerFileCompile Google_Protobuf_Duration+Extensions.swift
2026-08-10T23:44:43.4230280Z 
2026-08-10T23:44:43.4362230Z SwiftCompile normal arm64 /Users/runner/work/_temp/DerivedData/SourcePackages/checkouts/swift-protobuf/Sources/SwiftProtobuf/Google_Protobuf_FieldMask+Extensions.swift (in target 'SwiftProtobuf' from project 'SwiftProtobuf')
2026-08-10T23:44:43.4476450Z     cd /Users/runner/work/vvterm/vvterm/VVTerm.xcodeproj
2026-08-10T23:44:43.4578230Z     builtin-SwiftPerFileCompile Google_Protobuf_FieldMask+Extensions.swift
2026-08-10T23:44:43.4684970Z 
2026-08-10T23:44:43.4797880Z SwiftCompile normal arm64 /Users/runner/work/_temp/DerivedData/SourcePackages/checkouts/swift-protobuf/Sources/SwiftProtobuf/Google_Protobuf_ListValue+Extensions.swift (in target 'SwiftProtobuf' from project 'SwiftProtobuf')
2026-08-10T23:44:43.4903300Z     cd /Users/runner/work/vvterm/vvterm/VVTerm.xcodeproj
2026-08-10T23:44:43.5025520Z     builtin-SwiftPerFileCompile Google_Protobuf_ListValue+Extensions.swift
2026-08-10T23:44:43.5051760Z 
2026-08-10T23:44:43.5215000Z SwiftCompile normal arm64 /Users/runner/work/_temp/DerivedData/SourcePackages/checkouts/swift-protobuf/Sources/SwiftProtobuf/Google_Protobuf_NullValue+Extensions.swift (in target 'SwiftProtobuf' from project 'SwiftProtobuf')
2026-08-10T23:44:43.5321060Z     cd /Users/runner/work/vvterm/vvterm/VVTerm.xcodeproj
2026-08-10T23:44:43.5425370Z     builtin-SwiftPerFileCompile Google_Protobuf_NullValue+Extensions.swift
2026-08-10T23:44:43.5528180Z 
2026-08-10T23:44:43.5658010Z SwiftCompile normal arm64 /Users/runner/work/_temp/DerivedData/SourcePackages/checkouts/swift-protobuf/Sources/SwiftProtobuf/Google_Protobuf_Struct+Extensions.swift (in target 'SwiftProtobuf' from project 'SwiftProtobuf')
2026-08-10T23:44:43.5765560Z     cd /Users/runner/work/vvterm/vvterm/VVTerm.xcodeproj
2026-08-10T23:44:43.5867620Z     builtin-SwiftPerFileCompile Google_Protobuf_Struct+Extensions.swift
2026-08-10T23:44:43.5969450Z 
2026-08-10T23:44:43.6076290Z SwiftCompile normal arm64 /Users/runner/work/_temp/DerivedData/SourcePackages/checkouts/swift-protobuf/Sources/SwiftProtobuf/Google_Protobuf_Timestamp+Extensions.swift (in target 'SwiftProtobuf' from project 'SwiftProtobuf')
2026-08-10T23:44:43.6180920Z     cd /Users/runner/work/vvterm/vvterm/VVTerm.xcodeproj
2026-08-10T23:44:43.6305530Z     builtin-SwiftPerFileCompile Google_Protobuf_Timestamp+Extensions.swift
2026-08-10T23:44:43.6415770Z 
2026-08-10T23:44:43.6544770Z SwiftCompile normal arm64 /Users/runner/work/_temp/DerivedData/SourcePackages/checkouts/swift-protobuf/Sources/SwiftProtobuf/Google_Protobuf_Value+Extensions.swift (in target 'SwiftProtobuf' from project 'SwiftProtobuf')
2026-08-10T23:44:43.6651790Z     cd /Users/runner/work/vvterm/vvterm/VVTerm.xcodeproj
2026-08-10T23:44:43.6753370Z     builtin-SwiftPerFileCompile Google_Protobuf_Value+Extensions.swift
2026-08-10T23:44:43.6857730Z 
2026-08-10T23:44:43.6986500Z SwiftCompile normal arm64 /Users/runner/work/_temp/DerivedData/SourcePackages/checkouts/swift-protobuf/Sources/SwiftProtobuf/Google_Protobuf_Wrappers+Extensions.swift (in target 'SwiftProtobuf' from project 'SwiftProtobuf')
2026-08-10T23:44:43.7112410Z     cd /Users/runner/work/vvterm/vvterm/VVTerm.xcodeproj
2026-08-10T23:44:43.7218010Z     builtin-SwiftPerFileCompile Google_Protobuf_Wrappers+Extensions.swift
2026-08-10T23:44:43.7322720Z 
2026-08-10T23:44:43.7426810Z SwiftCompile normal arm64 /Users/runner/work/_temp/DerivedData/SourcePackages/checkouts/swift-protobuf/Sources/SwiftProtobuf/HashVisitor.swift (in target 'SwiftProtobuf' from project 'SwiftProtobuf')
2026-08-10T23:44:43.7436820Z     cd /Users/runner/work/vvterm/vvterm/VVTerm.xcodeproj
2026-08-10T23:44:43.7577890Z     builtin-SwiftPerFileCompile HashVisitor.swift
2026-08-10T23:44:43.7712420Z 
2026-08-10T23:44:43.7815950Z SwiftCompile normal arm64 /Users/runner/work/_temp/DerivedData/SourcePackages/checkouts/swift-protobuf/Sources/SwiftProtobuf/Internal.swift (in target 'SwiftProtobuf' from project 'SwiftProtobuf')
2026-08-10T23:44:43.7925370Z     cd /Users/runner/work/vvterm/vvterm/VVTerm.xcodeproj
2026-08-10T23:44:43.8028710Z     builtin-SwiftPerFileCompile Internal.swift
2026-08-10T23:44:43.8130170Z 
2026-08-10T23:44:43.8234390Z SwiftCompile normal arm64 /Users/runner/work/_temp/DerivedData/SourcePackages/checkouts/swift-protobuf/Sources/SwiftProtobuf/JSONDecoder.swift (in target 'SwiftProtobuf' from project 'SwiftProtobuf')
2026-08-10T23:44:43.8304000Z     cd /Users/runner/work/vvterm/vvterm/VVTerm.xcodeproj
2026-08-10T23:44:43.8414190Z     builtin-SwiftPerFileCompile JSONDecoder.swift
2026-08-10T23:44:43.8534340Z 
2026-08-10T23:44:43.8639860Z SwiftCompile normal arm64 /Users/runner/work/_temp/DerivedData/SourcePackages/checkouts/swift-protobuf/Sources/SwiftProtobuf/JSONDecodingError.swift (in target 'SwiftProtobuf' from project 'SwiftProtobuf')
2026-08-10T23:44:43.8747160Z     cd /Users/runner/work/vvterm/vvterm/VVTerm.xcodeproj
2026-08-10T23:44:43.8855610Z     builtin-SwiftPerFileCompile JSONDecodingError.swift
2026-08-10T23:44:43.8969280Z 
2026-08-10T23:44:43.9072380Z SwiftCompile normal arm64 /Users/runner/work/_temp/DerivedData/SourcePackages/checkouts/swift-protobuf/Sources/SwiftProtobuf/JSONDecodingOptions.swift (in target 'SwiftProtobuf' from project 'SwiftProtobuf')
2026-08-10T23:44:43.9177280Z     cd /Users/runner/work/vvterm/vvterm/VVTerm.xcodeproj
2026-08-10T23:44:43.9278220Z     builtin-SwiftPerFileCompile JSONDecodingOptions.swift
2026-08-10T23:44:43.9378580Z 
2026-08-10T23:44:43.9480730Z SwiftCompile normal arm64 /Users/runner/work/_temp/DerivedData/SourcePackages/checkouts/swift-protobuf/Sources/SwiftProtobuf/JSONEncoder.swift (in target 'SwiftProtobuf' from project 'SwiftProtobuf')
2026-08-10T23:44:43.9580530Z     cd /Users/runner/work/vvterm/vvterm/VVTerm.xcodeproj
2026-08-10T23:44:43.9681870Z     builtin-SwiftPerFileCompile JSONEncoder.swift
2026-08-10T23:44:43.9783320Z 
2026-08-10T23:44:43.9885940Z SwiftCompile normal arm64 /Users/runner/work/_temp/DerivedData/SourcePackages/checkouts/swift-protobuf/Sources/SwiftProtobuf/JSONEncodingError.swift (in target 'SwiftProtobuf' from project 'SwiftProtobuf')
2026-08-10T23:44:43.9985440Z     cd /Users/runner/work/vvterm/vvterm/VVTerm.xcodeproj
2026-08-10T23:44:44.0088360Z     builtin-SwiftPerFileCompile JSONEncodingError.swift
2026-08-10T23:44:44.0189780Z 
2026-08-10T23:44:44.0291560Z SwiftCompile normal arm64 /Users/runner/work/_temp/DerivedData/SourcePackages/checkouts/swift-protobuf/Sources/SwiftProtobuf/JSONEncodingOptions.swift (in target 'SwiftProtobuf' from project 'SwiftProtobuf')
2026-08-10T23:44:44.0395450Z     cd /Users/runner/work/vvterm/vvterm/VVTerm.xcodeproj
2026-08-10T23:44:44.0454140Z     builtin-SwiftPerFileCompile JSONEncodingOptions.swift
2026-08-10T23:44:44.0455340Z 
2026-08-10T23:44:44.0457130Z SwiftCompile normal arm64 /Users/runner/work/_temp/DerivedData/SourcePackages/checkouts/swift-protobuf/Sources/SwiftProtobuf/JSONEncodingVisitor.swift (in target 'SwiftProtobuf' from project 'SwiftProtobuf')
2026-08-10T23:44:44.0460590Z     cd /Users/runner/work/vvterm/vvterm/VVTerm.xcodeproj
2026-08-10T23:44:44.0462620Z     builtin-SwiftPerFileCompile JSONEncodingVisitor.swift
2026-08-10T23:44:44.0463970Z 
2026-08-10T23:44:44.0465390Z SwiftCompile normal arm64 /Users/runner/work/_temp/DerivedData/SourcePackages/checkouts/swift-protobuf/Sources/SwiftProtobuf/JSONMapEncodingVisitor.swift (in target 'SwiftProtobuf' from project 'SwiftProtobuf')
2026-08-10T23:44:44.0468010Z     cd /Users/runner/work/vvterm/vvterm/VVTerm.xcodeproj
2026-08-10T23:44:44.0469030Z     builtin-SwiftPerFileCompile JSONMapEncodingVisitor.swift
2026-08-10T23:44:44.0469590Z 
2026-08-10T23:44:44.0470840Z SwiftCompile normal arm64 /Users/runner/work/_temp/DerivedData/SourcePackages/checkouts/swift-protobuf/Sources/SwiftProtobuf/JSONScanner.swift (in target 'SwiftProtobuf' from project 'SwiftProtobuf')
2026-08-10T23:44:44.0472300Z     cd /Users/runner/work/vvterm/vvterm/VVTerm.xcodeproj
2026-08-10T23:44:44.0476930Z     builtin-SwiftPerFileCompile JSONScanner.swift
2026-08-10T23:44:44.0483230Z 
2026-08-10T23:44:44.0484690Z SwiftCompile normal arm64 /Users/runner/work/_temp/DerivedData/SourcePackages/checkouts/swift-protobuf/Sources/SwiftProtobuf/MathUtils.swift (in target 'SwiftProtobuf' from project 'SwiftProtobuf')
2026-08-10T23:44:44.0486950Z     cd /Users/runner/work/vvterm/vvterm/VVTerm.xcodeproj
2026-08-10T23:44:44.0488030Z     builtin-SwiftPerFileCompile MathUtils.swift
2026-08-10T23:44:44.0488730Z 
2026-08-10T23:44:44.0490130Z SwiftCompile normal arm64 /Users/runner/work/_temp/DerivedData/SourcePackages/checkouts/swift-protobuf/Sources/SwiftProtobuf/Message+AnyAdditions.swift (in target 'SwiftProtobuf' from project 'SwiftProtobuf')
2026-08-10T23:44:44.0491910Z     cd /Users/runner/work/vvterm/vvterm/VVTerm.xcodeproj
2026-08-10T23:44:44.0493680Z     builtin-SwiftPerFileCompile Message+AnyAdditions.swift
2026-08-10T23:44:44.0495150Z 
2026-08-10T23:44:44.0517170Z SwiftCompile normal arm64 Compiling\ resource_bundle_accessor.swift,\ AnyMessageStorage.swift,\ AnyUnpackError.swift,\ AsyncMessageSequence.swift,\ BinaryDecoder.swift,\ BinaryDecodingError.swift,\ BinaryDecodingOptions.swift,\ BinaryDelimited.swift,\ BinaryEncoder.swift,\ BinaryEncodingError.swift,\ BinaryEncodingOptions.swift,\ BinaryEncodingSizeVisitor.swift,\ BinaryEncodingVisitor.swift,\ BytecodeInterpreter.swift,\ BytecodeReader.swift,\ CustomJSONCodable.swift,\ Decoder.swift,\ DoubleParser.swift,\ Enum.swift,\ ExtensibleMessage.swift,\ ExtensionFieldValueSet.swift,\ ExtensionFields.swift,\ ExtensionMap.swift,\ FieldTag.swift /Users/runner/work/_temp/DerivedData/Build/Intermediates.noindex/SwiftProtobuf.build/Debug-iphonesimulator/SwiftProtobuf-t.build/DerivedSources/resource_bundle_accessor.swift /Users/runner/work/_temp/DerivedData/SourcePackages/checkouts/swift-protobuf/Sources/SwiftProtobuf/AnyMessageStorage.swift /Users/runner/work/_temp/DerivedData/SourcePackages/checkouts/swift-protobuf/Sources/SwiftProtobuf/AnyUnpackError.swift /Users/runner/work/_temp/DerivedData/SourcePackages/checkouts/swift-protobuf/Sources/SwiftProtobuf/AsyncMessageSequence.swift /Users/runner/work/_temp/DerivedData/SourcePackages/checkouts/swift-protobuf/Sources/SwiftProtobuf/BinaryDecoder.swift /Users/runner/work/_temp/DerivedData/SourcePackages/checkouts/swift-protobuf/Sources/SwiftProtobuf/BinaryDecodingError.swift /Users/runner/work/_temp/DerivedData/SourcePackages/checkouts/swift-protobuf/Sources/SwiftProtobuf/BinaryDecodingOptions.swift /Users/runner/work/_temp/DerivedData/SourcePackages/checkouts/swift-protobuf/Sources/SwiftProtobuf/BinaryDelimited.swift /Users/runner/work/_temp/DerivedData/SourcePackages/checkouts/swift-protobuf/Sources/SwiftProtobuf/BinaryEncoder.swift /Users/runner/work/_temp/DerivedData/SourcePackages/checkouts/swift-protobuf/Sources/SwiftProtobuf/BinaryEncodingError.swift /Users/runner/work/_temp/DerivedData/SourcePackages/checkouts/swift-protobuf/Sources/SwiftProtobuf/BinaryEncodingOptions.swift /Users/runner/work/_temp/DerivedData/SourcePackages/checkouts/swift-protobuf/Sources/SwiftProtobuf/BinaryEncodingSizeVisitor.swift /Users/runner/work/_temp/DerivedData/SourcePackages/checkouts/swift-protobuf/Sources/SwiftProtobuf/BinaryEncodingVisitor.swift /Users/runner/work/_temp/DerivedData/SourcePackages/checkouts/swift-protobuf/Sources/SwiftProtobuf/BytecodeInterpreter.swift /Users/runner/work/_temp/DerivedData/SourcePackages/checkouts/swift-protobuf/Sources/SwiftProtobuf/BytecodeReader.swift /Users/runner/work/_temp/DerivedData/SourcePackages/checkouts/swift-protobuf/Sources/SwiftProtobuf/CustomJSONCodable.swift /Users/runner/work/_temp/DerivedData/SourcePackages/checkouts/swift-protobuf/Sources/SwiftProtobuf/Decoder.swift /Users/runner/work/_temp/DerivedData/SourcePackages/checkouts/swift-protobuf/Sources/SwiftProtobuf/DoubleParser.swift /Users/runner/work/_temp/DerivedData/SourcePackages/checkouts/swift-protobuf/Sources/SwiftProtobuf/Enum.swift /Users/runner/work/_temp/DerivedData/SourcePackages/checkouts/swift-protobuf/Sources/SwiftProtobuf/ExtensibleMessage.swift /Users/runner/work/_temp/DerivedData/SourcePackages/checkouts/swift-protobuf/Sources/SwiftProtobuf/ExtensionFieldValueSet.swift /Users/runner/work/_temp/DerivedData/SourcePackages/checkouts/swift-protobuf/Sources/SwiftProtobuf/ExtensionFields.swift /Users/runner/work/_temp/DerivedData/SourcePackages/checkouts/swift-protobuf/Sources/SwiftProtobuf/ExtensionMap.swift /Users/runner/work/_temp/DerivedData/SourcePackages/checkouts/swift-protobuf/Sources/SwiftProtobuf/FieldTag.swift (in target 'SwiftProtobuf' from project 'SwiftProtobuf')
2026-08-10T23:44:44.0541620Z 
2026-08-10T23:44:44.0543310Z SwiftCompile normal arm64 /Users/runner/work/_temp/DerivedData/Build/Intermediates.noindex/SwiftProtobuf.build/Debug-iphonesimulator/SwiftProtobuf-t.build/DerivedSources/resource_bundle_accessor.swift (in target 'SwiftProtobuf' from project 'SwiftProtobuf')
2026-08-10T23:44:44.0546070Z     cd /Users/runner/work/vvterm/vvterm/VVTerm.xcodeproj
2026-08-10T23:44:44.0547710Z     builtin-SwiftPerFileCompile resource_bundle_accessor.swift
2026-08-10T23:44:44.0548710Z 
2026-08-10T23:44:44.0551420Z SwiftCompile normal arm64 /Users/runner/work/_temp/DerivedData/SourcePackages/checkouts/swift-protobuf/Sources/SwiftProtobuf/AnyMessageStorage.swift (in target 'SwiftProtobuf' from project 'SwiftProtobuf')
2026-08-10T23:44:44.0554130Z     cd /Users/runner/work/vvterm/vvterm/VVTerm.xcodeproj
2026-08-10T23:44:44.0555790Z     builtin-SwiftPerFileCompile AnyMessageStorage.swift
2026-08-10T23:44:44.0556640Z 
2026-08-10T23:44:44.0558480Z SwiftCompile normal arm64 /Users/runner/work/_temp/DerivedData/SourcePackages/checkouts/swift-protobuf/Sources/SwiftProtobuf/AnyUnpackError.swift (in target 'SwiftProtobuf' from project 'SwiftProtobuf')
2026-08-10T23:44:44.0560700Z     cd /Users/runner/work/vvterm/vvterm/VVTerm.xcodeproj
2026-08-10T23:44:44.0562370Z     builtin-SwiftPerFileCompile AnyUnpackError.swift
2026-08-10T23:44:44.0563380Z 
2026-08-10T23:44:44.0564780Z SwiftCompile normal arm64 /Users/runner/work/_temp/DerivedData/SourcePackages/checkouts/swift-protobuf/Sources/SwiftProtobuf/AsyncMessageSequence.swift (in target 'SwiftProtobuf' from project 'SwiftProtobuf')
2026-08-10T23:44:44.0566460Z     cd /Users/runner/work/vvterm/vvterm/VVTerm.xcodeproj
2026-08-10T23:44:44.0567340Z     builtin-SwiftPerFileCompile AsyncMessageSequence.swift
2026-08-10T23:44:44.0568030Z 
2026-08-10T23:44:44.0569330Z SwiftCompile normal arm64 /Users/runner/work/_temp/DerivedData/SourcePackages/checkouts/swift-protobuf/Sources/SwiftProtobuf/BinaryDecoder.swift (in target 'SwiftProtobuf' from project 'SwiftProtobuf')
2026-08-10T23:44:44.0571080Z     cd /Users/runner/work/vvterm/vvterm/VVTerm.xcodeproj
2026-08-10T23:44:44.0572750Z     builtin-SwiftPerFileCompile BinaryDecoder.swift
2026-08-10T23:44:44.0573880Z 
2026-08-10T23:44:44.0575410Z SwiftCompile normal arm64 /Users/runner/work/_temp/DerivedData/SourcePackages/checkouts/swift-protobuf/Sources/SwiftProtobuf/BinaryDecodingError.swift (in target 'SwiftProtobuf' from project 'SwiftProtobuf')
2026-08-10T23:44:44.0577010Z     cd /Users/runner/work/vvterm/vvterm/VVTerm.xcodeproj
2026-08-10T23:44:44.0578700Z     builtin-SwiftPerFileCompile BinaryDecodingError.swift
2026-08-10T23:44:44.0579650Z 
2026-08-10T23:44:44.0581950Z SwiftCompile normal arm64 /Users/runner/work/_temp/DerivedData/SourcePackages/checkouts/swift-protobuf/Sources/SwiftProtobuf/BinaryDecodingOptions.swift (in target 'SwiftProtobuf' from project 'SwiftProtobuf')
2026-08-10T23:44:44.0583990Z     cd /Users/runner/work/vvterm/vvterm/VVTerm.xcodeproj
2026-08-10T23:44:44.0585440Z     builtin-SwiftPerFileCompile BinaryDecodingOptions.swift
2026-08-10T23:44:44.0586710Z 
2026-08-10T23:44:44.0588850Z SwiftCompile normal arm64 /Users/runner/work/_temp/DerivedData/SourcePackages/checkouts/swift-protobuf/Sources/SwiftProtobuf/BinaryDelimited.swift (in target 'SwiftProtobuf' from project 'SwiftProtobuf')
2026-08-10T23:44:44.0590980Z     cd /Users/runner/work/vvterm/vvterm/VVTerm.xcodeproj
2026-08-10T23:44:44.0592270Z     builtin-SwiftPerFileCompile BinaryDelimited.swift
2026-08-10T23:44:44.0594010Z 
2026-08-10T23:44:44.0595270Z SwiftCompile normal arm64 /Users/runner/work/_temp/DerivedData/SourcePackages/checkouts/swift-protobuf/Sources/SwiftProtobuf/BinaryEncoder.swift (in target 'SwiftProtobuf' from project 'SwiftProtobuf')
2026-08-10T23:44:44.0596800Z     cd /Users/runner/work/vvterm/vvterm/VVTerm.xcodeproj
2026-08-10T23:44:44.0597930Z     builtin-SwiftPerFileCompile BinaryEncoder.swift
2026-08-10T23:44:44.0598430Z 
2026-08-10T23:44:44.0600140Z SwiftCompile normal arm64 /Users/runner/work/_temp/DerivedData/SourcePackages/checkouts/swift-protobuf/Sources/SwiftProtobuf/BinaryEncodingError.swift (in target 'SwiftProtobuf' from project 'SwiftProtobuf')
2026-08-10T23:44:44.0602140Z     cd /Users/runner/work/vvterm/vvterm/VVTerm.xcodeproj
2026-08-10T23:44:44.0603610Z     builtin-SwiftPerFileCompile BinaryEncodingError.swift
2026-08-10T23:44:44.0604370Z 
2026-08-10T23:44:44.0605610Z SwiftCompile normal arm64 /Users/runner/work/_temp/DerivedData/SourcePackages/checkouts/swift-protobuf/Sources/SwiftProtobuf/BinaryEncodingOptions.swift (in target 'SwiftProtobuf' from project 'SwiftProtobuf')
2026-08-10T23:44:44.0608590Z     cd /Users/runner/work/vvterm/vvterm/VVTerm.xcodeproj
2026-08-10T23:44:44.0610180Z     builtin-SwiftPerFileCompile BinaryEncodingOptions.swift
2026-08-10T23:44:44.0610760Z 
2026-08-10T23:44:44.0612250Z SwiftCompile normal arm64 /Users/runner/work/_temp/DerivedData/SourcePackages/checkouts/swift-protobuf/Sources/SwiftProtobuf/BinaryEncodingSizeVisitor.swift (in target 'SwiftProtobuf' from project 'SwiftProtobuf')
2026-08-10T23:44:44.0614000Z     cd /Users/runner/work/vvterm/vvterm/VVTerm.xcodeproj
2026-08-10T23:44:44.0615310Z     builtin-SwiftPerFileCompile BinaryEncodingSizeVisitor.swift
2026-08-10T23:44:44.0616540Z 
2026-08-10T23:44:44.0617940Z SwiftCompile normal arm64 /Users/runner/work/_temp/DerivedData/SourcePackages/checkouts/swift-protobuf/Sources/SwiftProtobuf/BinaryEncodingVisitor.swift (in target 'SwiftProtobuf' from project 'SwiftProtobuf')
2026-08-10T23:44:44.0619710Z     cd /Users/runner/work/vvterm/vvterm/VVTerm.xcodeproj
2026-08-10T23:44:44.0621040Z     builtin-SwiftPerFileCompile BinaryEncodingVisitor.swift
2026-08-10T23:44:44.0622270Z 
2026-08-10T23:44:44.0623530Z SwiftCompile normal arm64 /Users/runner/work/_temp/DerivedData/SourcePackages/checkouts/swift-protobuf/Sources/SwiftProtobuf/BytecodeInterpreter.swift (in target 'SwiftProtobuf' from project 'SwiftProtobuf')
2026-08-10T23:44:44.0626270Z     cd /Users/runner/work/vvterm/vvterm/VVTerm.xcodeproj
2026-08-10T23:44:44.0627590Z     builtin-SwiftPerFileCompile BytecodeInterpreter.swift
2026-08-10T23:44:44.0628130Z 
2026-08-10T23:44:44.0629660Z SwiftCompile normal arm64 /Users/runner/work/_temp/DerivedData/SourcePackages/checkouts/swift-protobuf/Sources/SwiftProtobuf/BytecodeReader.swift (in target 'SwiftProtobuf' from project 'SwiftProtobuf')
2026-08-10T23:44:44.0631490Z     cd /Users/runner/work/vvterm/vvterm/VVTerm.xcodeproj
2026-08-10T23:44:44.0632620Z     builtin-SwiftPerFileCompile BytecodeReader.swift
2026-08-10T23:44:44.0633520Z 
2026-08-10T23:44:44.0635260Z SwiftCompile normal arm64 /Users/runner/work/_temp/DerivedData/SourcePackages/checkouts/swift-protobuf/Sources/SwiftProtobuf/CustomJSONCodable.swift (in target 'SwiftProtobuf' from project 'SwiftProtobuf')
2026-08-10T23:44:44.0637330Z     cd /Users/runner/work/vvterm/vvterm/VVTerm.xcodeproj
2026-08-10T23:44:44.0638670Z     builtin-SwiftPerFileCompile CustomJSONCodable.swift
2026-08-10T23:44:44.0639400Z 
2026-08-10T23:44:44.0640900Z SwiftCompile normal arm64 /Users/runner/work/_temp/DerivedData/SourcePackages/checkouts/swift-protobuf/Sources/SwiftProtobuf/Decoder.swift (in target 'SwiftProtobuf' from project 'SwiftProtobuf')
2026-08-10T23:44:44.0642820Z     cd /Users/runner/work/vvterm/vvterm/VVTerm.xcodeproj
2026-08-10T23:44:44.0643800Z     builtin-SwiftPerFileCompile Decoder.swift
2026-08-10T23:44:44.0657730Z 
2026-08-10T23:44:44.0659480Z SwiftCompile normal arm64 /Users/runner/work/_temp/DerivedData/SourcePackages/checkouts/swift-protobuf/Sources/SwiftProtobuf/DoubleParser.swift (in target 'SwiftProtobuf' from project 'SwiftProtobuf')
2026-08-10T23:44:44.0661740Z     cd /Users/runner/work/vvterm/vvterm/VVTerm.xcodeproj
2026-08-10T23:44:44.0662800Z     builtin-SwiftPerFileCompile DoubleParser.swift
2026-08-10T23:44:44.0663760Z 
2026-08-10T23:44:44.0665030Z SwiftCompile normal arm64 /Users/runner/work/_temp/DerivedData/SourcePackages/checkouts/swift-protobuf/Sources/SwiftProtobuf/Enum.swift (in target 'SwiftProtobuf' from project 'SwiftProtobuf')
2026-08-10T23:44:44.0666590Z     cd /Users/runner/work/vvterm/vvterm/VVTerm.xcodeproj
2026-08-10T23:44:44.0667370Z     builtin-SwiftPerFileCompile Enum.swift
2026-08-10T23:44:44.0668320Z 
2026-08-10T23:44:44.0670120Z SwiftCompile normal arm64 /Users/runner/work/_temp/DerivedData/SourcePackages/checkouts/swift-protobuf/Sources/SwiftProtobuf/ExtensibleMessage.swift (in target 'SwiftProtobuf' from project 'SwiftProtobuf')
2026-08-10T23:44:44.0671760Z     cd /Users/runner/work/vvterm/vvterm/VVTerm.xcodeproj
2026-08-10T23:44:44.0672620Z     builtin-SwiftPerFileCompile ExtensibleMessage.swift
2026-08-10T23:44:44.0673760Z 
2026-08-10T23:44:44.0675940Z SwiftCompile normal arm64 /Users/runner/work/_temp/DerivedData/SourcePackages/checkouts/swift-protobuf/Sources/SwiftProtobuf/ExtensionFieldValueSet.swift (in target 'SwiftProtobuf' from project 'SwiftProtobuf')
2026-08-10T23:44:44.0678120Z     cd /Users/runner/work/vvterm/vvterm/VVTerm.xcodeproj
2026-08-10T23:44:44.0679260Z     builtin-SwiftPerFileCompile ExtensionFieldValueSet.swift
2026-08-10T23:44:44.0679810Z 
2026-08-10T23:44:44.0681260Z SwiftCompile normal arm64 /Users/runner/work/_temp/DerivedData/SourcePackages/checkouts/swift-protobuf/Sources/SwiftProtobuf/ExtensionFields.swift (in target 'SwiftProtobuf' from project 'SwiftProtobuf')
2026-08-10T23:44:44.0683150Z     cd /Users/runner/work/vvterm/vvterm/VVTerm.xcodeproj
2026-08-10T23:44:44.0684690Z     builtin-SwiftPerFileCompile ExtensionFields.swift
2026-08-10T23:44:44.0685880Z 
2026-08-10T23:44:44.0687620Z SwiftCompile normal arm64 /Users/runner/work/_temp/DerivedData/SourcePackages/checkouts/swift-protobuf/Sources/SwiftProtobuf/ExtensionMap.swift (in target 'SwiftProtobuf' from project 'SwiftProtobuf')
2026-08-10T23:44:44.0690020Z     cd /Users/runner/work/vvterm/vvterm/VVTerm.xcodeproj
2026-08-10T23:44:44.0732120Z     builtin-SwiftPerFileCompile ExtensionMap.swift
2026-08-10T23:44:44.0734130Z 
2026-08-10T23:44:44.0735760Z SwiftCompile normal arm64 /Users/runner/work/_temp/DerivedData/SourcePackages/checkouts/swift-protobuf/Sources/SwiftProtobuf/FieldTag.swift (in target 'SwiftProtobuf' from project 'SwiftProtobuf')
2026-08-10T23:44:44.0738840Z     cd /Users/runner/work/vvterm/vvterm/VVTerm.xcodeproj
2026-08-10T23:44:44.0740230Z     builtin-SwiftPerFileCompile FieldTag.swift
2026-08-10T23:44:44.0741210Z 
2026-08-10T23:44:44.0764370Z SwiftCompile normal arm64 Compiling\ Message+BinaryAdditions.swift,\ Message+BinaryAdditions_Data.swift,\ Message+FieldMask.swift,\ Message+JSONAdditions.swift,\ Message+JSONAdditions_Data.swift,\ Message+JSONArrayAdditions.swift,\ Message+JSONArrayAdditions_Data.swift,\ Message+TextFormatAdditions.swift,\ Message.swift,\ MessageExtension.swift,\ NameMap.swift,\ PathDecoder.swift,\ PathVisitor.swift,\ ProtoNameProviding.swift,\ ProtobufAPIVersionCheck.swift,\ ProtobufMap.swift,\ SelectiveVisitor.swift,\ SimpleExtensionMap.swift,\ StringUtils.swift,\ SwiftProtobufContiguousBytes.swift,\ SwiftProtobufError.swift,\ TextFormatDecoder.swift,\ TextFormatDecodingError.swift,\ TextFormatDecodingOptions.swift /Users/runner/work/_temp/DerivedData/SourcePackages/checkouts/swift-protobuf/Sources/SwiftProtobuf/Message+BinaryAdditions.swift /Users/runner/work/_temp/DerivedData/SourcePackages/checkouts/swift-protobuf/Sources/SwiftProtobuf/Message+BinaryAdditions_Data.swift /Users/runner/work/_temp/DerivedData/SourcePackages/checkouts/swift-protobuf/Sources/SwiftProtobuf/Message+FieldMask.swift /Users/runner/work/_temp/DerivedData/SourcePackages/checkouts/swift-protobuf/Sources/SwiftProtobuf/Message+JSONAdditions.swift /Users/runner/work/_temp/DerivedData/SourcePackages/checkouts/swift-protobuf/Sources/SwiftProtobuf/Message+JSONAdditions_Data.swift /Users/runner/work/_temp/DerivedData/SourcePackages/checkouts/swift-protobuf/Sources/SwiftProtobuf/Message+JSONArrayAdditions.swift /Users/runner/work/_temp/DerivedData/SourcePackages/checkouts/swift-protobuf/Sources/SwiftProtobuf/Message+JSONArrayAdditions_Data.swift /Users/runner/work/_temp/DerivedData/SourcePackages/checkouts/swift-protobuf/Sources/SwiftProtobuf/Message+TextFormatAdditions.swift /Users/runner/work/_temp/DerivedData/SourcePackages/checkouts/swift-protobuf/Sources/SwiftProtobuf/Message.swift /Users/runner/work/_temp/DerivedData/SourcePackages/checkouts/swift-protobuf/Sources/SwiftProtobuf/MessageExtension.swift /Users/runner/work/_temp/DerivedData/SourcePackages/checkouts/swift-protobuf/Sources/SwiftProtobuf/NameMap.swift /Users/runner/work/_temp/DerivedData/SourcePackages/checkouts/swift-protobuf/Sources/SwiftProtobuf/PathDecoder.swift /Users/runner/work/_temp/DerivedData/SourcePackages/checkouts/swift-protobuf/Sources/SwiftProtobuf/PathVisitor.swift /Users/runner/work/_temp/DerivedData/SourcePackages/checkouts/swift-protobuf/Sources/SwiftProtobuf/ProtoNameProviding.swift /Users/runner/work/_temp/DerivedData/SourcePackages/checkouts/swift-protobuf/Sources/SwiftProtobuf/ProtobufAPIVersionCheck.swift /Users/runner/work/_temp/DerivedData/SourcePackages/checkouts/swift-protobuf/Sources/SwiftProtobuf/ProtobufMap.swift /Users/runner/work/_temp/DerivedData/SourcePackages/checkouts/swift-protobuf/Sources/SwiftProtobuf/SelectiveVisitor.swift /Users/runner/work/_temp/DerivedData/SourcePackages/checkouts/swift-protobuf/Sources/SwiftProtobuf/SimpleExtensionMap.swift /Users/runner/work/_temp/DerivedData/SourcePackages/checkouts/swift-protobuf/Sources/SwiftProtobuf/StringUtils.swift /Users/runner/work/_temp/DerivedData/SourcePackages/checkouts/swift-protobuf/Sources/SwiftProtobuf/SwiftProtobufContiguousBytes.swift /Users/runner/work/_temp/DerivedData/SourcePackages/checkouts/swift-protobuf/Sources/SwiftProtobuf/SwiftProtobufError.swift /Users/runner/work/_temp/DerivedData/SourcePackages/checkouts/swift-protobuf/Sources/SwiftProtobuf/TextFormatDecoder.swift /Users/runner/work/_temp/DerivedData/SourcePackages/checkouts/swift-protobuf/Sources/SwiftProtobuf/TextFormatDecodingError.swift /Users/runner/work/_temp/DerivedData/SourcePackages/checkouts/swift-protobuf/Sources/SwiftProtobuf/TextFormatDecodingOptions.swift (in target 'SwiftProtobuf' from project 'SwiftProtobuf')
2026-08-10T23:44:44.0788830Z 
2026-08-10T23:44:44.0790590Z SwiftCompile normal arm64 /Users/runner/work/_temp/DerivedData/SourcePackages/checkouts/swift-protobuf/Sources/SwiftProtobuf/Message+BinaryAdditions.swift (in target 'SwiftProtobuf' from project 'SwiftProtobuf')
2026-08-10T23:44:44.0793080Z     cd /Users/runner/work/vvterm/vvterm/VVTerm.xcodeproj
2026-08-10T23:44:44.0794660Z     builtin-SwiftPerFileCompile Message+BinaryAdditions.swift
2026-08-10T23:44:44.0796000Z 
2026-08-10T23:44:44.0798520Z SwiftCompile normal arm64 /Users/runner/work/_temp/DerivedData/SourcePackages/checkouts/swift-protobuf/Sources/SwiftProtobuf/Message+BinaryAdditions_Data.swift (in target 'SwiftProtobuf' from project 'SwiftProtobuf')
2026-08-10T23:44:44.0800590Z     cd /Users/runner/work/vvterm/vvterm/VVTerm.xcodeproj
2026-08-10T23:44:44.0801490Z     builtin-SwiftPerFileCompile Message+BinaryAdditions_Data.swift
2026-08-10T23:44:44.0802150Z 
2026-08-10T23:44:44.0804010Z SwiftCompile normal arm64 /Users/runner/work/_temp/DerivedData/SourcePackages/checkouts/swift-protobuf/Sources/SwiftProtobuf/Message+FieldMask.swift (in target 'SwiftProtobuf' from project 'SwiftProtobuf')
2026-08-10T23:44:44.0805850Z     cd /Users/runner/work/vvterm/vvterm/VVTerm.xcodeproj
2026-08-10T23:44:44.0807370Z     builtin-SwiftPerFileCompile Message+FieldMask.swift
2026-08-10T23:44:44.0808650Z 
2026-08-10T23:44:44.0811240Z SwiftCompile normal arm64 /Users/runner/work/_temp/DerivedData/SourcePackages/checkouts/swift-protobuf/Sources/SwiftProtobuf/Message+JSONAdditions.swift (in target 'SwiftProtobuf' from project 'SwiftProtobuf')
2026-08-10T23:44:44.0813820Z     cd /Users/runner/work/vvterm/vvterm/VVTerm.xcodeproj
2026-08-10T23:44:44.0915670Z     builtin-SwiftPerFileCompile Message+JSONAdditions.swift
2026-08-10T23:44:44.1017330Z 
2026-08-10T23:44:44.1119340Z SwiftCompile normal arm64 /Users/runner/work/_temp/DerivedData/SourcePackages/checkouts/swift-protobuf/Sources/SwiftProtobuf/Message+JSONAdditions_Data.swift (in target 'SwiftProtobuf' from project 'SwiftProtobuf')
2026-08-10T23:44:44.1221640Z     cd /Users/runner/work/vvterm/vvterm/VVTerm.xcodeproj
2026-08-10T23:44:44.1323890Z     builtin-SwiftPerFileCompile Message+JSONAdditions_Data.swift
2026-08-10T23:44:44.1426020Z 
2026-08-10T23:44:44.1529400Z SwiftCompile normal arm64 /Users/runner/work/_temp/DerivedData/SourcePackages/checkouts/swift-protobuf/Sources/SwiftProtobuf/Message+JSONArrayAdditions.swift (in target 'SwiftProtobuf' from project 'SwiftProtobuf')
2026-08-10T23:44:44.1656370Z     cd /Users/runner/work/vvterm/vvterm/VVTerm.xcodeproj
2026-08-10T23:44:44.1758730Z     builtin-SwiftPerFileCompile Message+JSONArrayAdditions.swift
2026-08-10T23:44:44.1861830Z 
2026-08-10T23:44:44.1965040Z SwiftCompile normal arm64 /Users/runner/work/_temp/DerivedData/SourcePackages/checkouts/swift-protobuf/Sources/SwiftProtobuf/Message+JSONArrayAdditions_Data.swift (in target 'SwiftProtobuf' from project 'SwiftProtobuf')
2026-08-10T23:44:44.2071210Z     cd /Users/runner/work/vvterm/vvterm/VVTerm.xcodeproj
2026-08-10T23:44:44.2173980Z     builtin-SwiftPerFileCompile Message+JSONArrayAdditions_Data.swift
2026-08-10T23:44:44.2276320Z 
2026-08-10T23:44:44.2378950Z SwiftCompile normal arm64 /Users/runner/work/_temp/DerivedData/SourcePackages/checkouts/swift-protobuf/Sources/SwiftProtobuf/Message+TextFormatAdditions.swift (in target 'SwiftProtobuf' from project 'SwiftProtobuf')
2026-08-10T23:44:44.2481550Z     cd /Users/runner/work/vvterm/vvterm/VVTerm.xcodeproj
2026-08-10T23:44:44.2583790Z     builtin-SwiftPerFileCompile Message+TextFormatAdditions.swift
2026-08-10T23:44:44.2685820Z 
2026-08-10T23:44:44.2788010Z SwiftCompile normal arm64 /Users/runner/work/_temp/DerivedData/SourcePackages/checkouts/swift-protobuf/Sources/SwiftProtobuf/Message.swift (in target 'SwiftProtobuf' from project 'SwiftProtobuf')
2026-08-10T23:44:44.2890520Z     cd /Users/runner/work/vvterm/vvterm/VVTerm.xcodeproj
2026-08-10T23:44:44.2993350Z     builtin-SwiftPerFileCompile Message.swift
2026-08-10T23:44:44.3097450Z 
2026-08-10T23:44:44.3199710Z SwiftCompile normal arm64 /Users/runner/work/_temp/DerivedData/SourcePackages/checkouts/swift-protobuf/Sources/SwiftProtobuf/MessageExtension.swift (in target 'SwiftProtobuf' from project 'SwiftProtobuf')
2026-08-10T23:44:44.3301860Z     cd /Users/runner/work/vvterm/vvterm/VVTerm.xcodeproj
2026-08-10T23:44:44.3405550Z     builtin-SwiftPerFileCompile MessageExtension.swift
2026-08-10T23:44:44.3506850Z 
2026-08-10T23:44:44.3608900Z SwiftCompile normal arm64 /Users/runner/work/_temp/DerivedData/SourcePackages/checkouts/swift-protobuf/Sources/SwiftProtobuf/NameMap.swift (in target 'SwiftProtobuf' from project 'SwiftProtobuf')
2026-08-10T23:44:44.3712010Z     cd /Users/runner/work/vvterm/vvterm/VVTerm.xcodeproj
2026-08-10T23:44:44.3814020Z     builtin-SwiftPerFileCompile NameMap.swift
2026-08-10T23:44:44.3915080Z 
2026-08-10T23:44:44.4017460Z SwiftCompile normal arm64 /Users/runner/work/_temp/DerivedData/SourcePackages/checkouts/swift-protobuf/Sources/SwiftProtobuf/PathDecoder.swift (in target 'SwiftProtobuf' from project 'SwiftProtobuf')
2026-08-10T23:44:44.4120420Z     cd /Users/runner/work/vvterm/vvterm/VVTerm.xcodeproj
2026-08-10T23:44:44.4222710Z     builtin-SwiftPerFileCompile PathDecoder.swift
2026-08-10T23:44:44.4325800Z 
2026-08-10T23:44:44.4428060Z SwiftCompile normal arm64 /Users/runner/work/_temp/DerivedData/SourcePackages/checkouts/swift-protobuf/Sources/SwiftProtobuf/PathVisitor.swift (in target 'SwiftProtobuf' from project 'SwiftProtobuf')
2026-08-10T23:44:44.4532730Z     cd /Users/runner/work/vvterm/vvterm/VVTerm.xcodeproj
2026-08-10T23:44:44.4534210Z     builtin-SwiftPerFileCompile PathVisitor.swift
2026-08-10T23:44:44.4635700Z 
2026-08-10T23:44:44.4738590Z SwiftCompile normal arm64 /Users/runner/work/_temp/DerivedData/SourcePackages/checkouts/swift-protobuf/Sources/SwiftProtobuf/ProtoNameProviding.swift (in target 'SwiftProtobuf' from project 'SwiftProtobuf')
2026-08-10T23:44:44.4841570Z     cd /Users/runner/work/vvterm/vvterm/VVTerm.xcodeproj
2026-08-10T23:44:44.4943710Z     builtin-SwiftPerFileCompile ProtoNameProviding.swift
2026-08-10T23:44:44.5045210Z 
2026-08-10T23:44:44.5148220Z SwiftCompile normal arm64 /Users/runner/work/_temp/DerivedData/SourcePackages/checkouts/swift-protobuf/Sources/SwiftProtobuf/ProtobufAPIVersionCheck.swift (in target 'SwiftProtobuf' from project 'SwiftProtobuf')
2026-08-10T23:44:44.5252300Z     cd /Users/runner/work/vvterm/vvterm/VVTerm.xcodeproj
2026-08-10T23:44:44.5354880Z     builtin-SwiftPerFileCompile ProtobufAPIVersionCheck.swift
2026-08-10T23:44:44.5457190Z 
2026-08-10T23:44:44.5560460Z SwiftCompile normal arm64 /Users/runner/work/_temp/DerivedData/SourcePackages/checkouts/swift-protobuf/Sources/SwiftProtobuf/ProtobufMap.swift (in target 'SwiftProtobuf' from project 'SwiftProtobuf')
2026-08-10T23:44:44.5664820Z     cd /Users/runner/work/vvterm/vvterm/VVTerm.xcodeproj
2026-08-10T23:44:44.5767590Z     builtin-SwiftPerFileCompile ProtobufMap.swift
2026-08-10T23:44:44.5868880Z 
2026-08-10T23:44:44.5971120Z SwiftCompile normal arm64 /Users/runner/work/_temp/DerivedData/SourcePackages/checkouts/swift-protobuf/Sources/SwiftProtobuf/SelectiveVisitor.swift (in target 'SwiftProtobuf' from project 'SwiftProtobuf')
2026-08-10T23:44:44.6074700Z     cd /Users/runner/work/vvterm/vvterm/VVTerm.xcodeproj
2026-08-10T23:44:44.6176250Z     builtin-SwiftPerFileCompile SelectiveVisitor.swift
2026-08-10T23:44:44.6278050Z 
2026-08-10T23:44:44.6380920Z SwiftCompile normal arm64 /Users/runner/work/_temp/DerivedData/SourcePackages/checkouts/swift-protobuf/Sources/SwiftProtobuf/SimpleExtensionMap.swift (in target 'SwiftProtobuf' from project 'SwiftProtobuf')
2026-08-10T23:44:44.6483960Z     cd /Users/runner/work/vvterm/vvterm/VVTerm.xcodeproj
2026-08-10T23:44:44.6586190Z     builtin-SwiftPerFileCompile SimpleExtensionMap.swift
2026-08-10T23:44:44.6687410Z 
2026-08-10T23:44:44.6789490Z SwiftCompile normal arm64 /Users/runner/work/_temp/DerivedData/SourcePackages/checkouts/swift-protobuf/Sources/SwiftProtobuf/StringUtils.swift (in target 'SwiftProtobuf' from project 'SwiftProtobuf')
2026-08-10T23:44:44.6892120Z     cd /Users/runner/work/vvterm/vvterm/VVTerm.xcodeproj
2026-08-10T23:44:44.6994420Z     builtin-SwiftPerFileCompile StringUtils.swift
2026-08-10T23:44:44.7096090Z 
2026-08-10T23:44:44.7199610Z SwiftCompile normal arm64 /Users/runner/work/_temp/DerivedData/SourcePackages/checkouts/swift-protobuf/Sources/SwiftProtobuf/SwiftProtobufContiguousBytes.swift (in target 'SwiftProtobuf' from project 'SwiftProtobuf')
2026-08-10T23:44:44.7303420Z     cd /Users/runner/work/vvterm/vvterm/VVTerm.xcodeproj
2026-08-10T23:44:44.7406230Z     builtin-SwiftPerFileCompile SwiftProtobufContiguousBytes.swift
2026-08-10T23:44:44.7516170Z 
2026-08-10T23:44:44.7619180Z SwiftCompile normal arm64 /Users/runner/work/_temp/DerivedData/SourcePackages/checkouts/swift-protobuf/Sources/SwiftProtobuf/SwiftProtobufError.swift (in target 'SwiftProtobuf' from project 'SwiftProtobuf')
2026-08-10T23:44:44.7723420Z     cd /Users/runner/work/vvterm/vvterm/VVTerm.xcodeproj
2026-08-10T23:44:44.7825600Z     builtin-SwiftPerFileCompile SwiftProtobufError.swift
2026-08-10T23:44:44.7935630Z 
2026-08-10T23:44:44.8038320Z SwiftCompile normal arm64 /Users/runner/work/_temp/DerivedData/SourcePackages/checkouts/swift-protobuf/Sources/SwiftProtobuf/TextFormatDecoder.swift (in target 'SwiftProtobuf' from project 'SwiftProtobuf')
2026-08-10T23:44:44.8142210Z     cd /Users/runner/work/vvterm/vvterm/VVTerm.xcodeproj
2026-08-10T23:44:44.8244320Z     builtin-SwiftPerFileCompile TextFormatDecoder.swift
2026-08-10T23:44:44.8345250Z 
2026-08-10T23:44:44.8457710Z SwiftCompile normal arm64 /Users/runner/work/_temp/DerivedData/SourcePackages/checkouts/swift-protobuf/Sources/SwiftProtobuf/TextFormatDecodingError.swift (in target 'SwiftProtobuf' from project 'SwiftProtobuf')
2026-08-10T23:44:44.8565190Z     cd /Users/runner/work/vvterm/vvterm/VVTerm.xcodeproj
2026-08-10T23:44:44.8669540Z     builtin-SwiftPerFileCompile TextFormatDecodingError.swift
2026-08-10T23:44:44.8772990Z 
2026-08-10T23:44:44.8875510Z SwiftCompile normal arm64 /Users/runner/work/_temp/DerivedData/SourcePackages/checkouts/swift-protobuf/Sources/SwiftProtobuf/TextFormatDecodingOptions.swift (in target 'SwiftProtobuf' from project 'SwiftProtobuf')
2026-08-10T23:44:44.8979200Z     cd /Users/runner/work/vvterm/vvterm/VVTerm.xcodeproj
2026-08-10T23:44:44.9083130Z     builtin-SwiftPerFileCompile TextFormatDecodingOptions.swift
2026-08-10T23:44:44.9184610Z 
2026-08-10T23:44:44.9311000Z SwiftCompile normal arm64 Compiling\ TextFormatEncoder.swift,\ TextFormatEncodingOptions.swift,\ TextFormatEncodingVisitor.swift,\ TextFormatScanner.swift,\ TimeUtils.swift,\ UnknownStorage.swift,\ UnsafeRawPointer+Shims.swift,\ Varint.swift,\ Version.swift,\ Visitor.swift,\ WireFormat.swift,\ ZigZag.swift,\ any.pb.swift,\ api.pb.swift,\ descriptor.pb.swift,\ duration.pb.swift,\ empty.pb.swift,\ field_mask.pb.swift,\ source_context.pb.swift,\ struct.pb.swift,\ timestamp.pb.swift,\ type.pb.swift,\ wrappers.pb.swift /Users/runner/work/_temp/DerivedData/SourcePackages/checkouts/swift-protobuf/Sources/SwiftProtobuf/TextFormatEncoder.swift /Users/runner/work/_temp/DerivedData/SourcePackages/checkouts/swift-protobuf/Sources/SwiftProtobuf/TextFormatEncodingOptions.swift /Users/runner/work/_temp/DerivedData/SourcePackages/checkouts/swift-protobuf/Sources/SwiftProtobuf/TextFormatEncodingVisitor.swift /Users/runner/work/_temp/DerivedData/SourcePackages/checkouts/swift-protobuf/Sources/SwiftProtobuf/TextFormatScanner.swift /Users/runner/work/_temp/DerivedData/SourcePackages/checkouts/swift-protobuf/Sources/SwiftProtobuf/TimeUtils.swift /Users/runner/work/_temp/DerivedData/SourcePackages/checkouts/swift-protobuf/Sources/SwiftProtobuf/UnknownStorage.swift /Users/runner/work/_temp/DerivedData/SourcePackages/checkouts/swift-protobuf/Sources/SwiftProtobuf/UnsafeRawPointer+Shims.swift /Users/runner/work/_temp/DerivedData/SourcePackages/checkouts/swift-protobuf/Sources/SwiftProtobuf/Varint.swift /Users/runner/work/_temp/DerivedData/SourcePackages/checkouts/swift-protobuf/Sources/SwiftProtobuf/Version.swift /Users/runner/work/_temp/DerivedData/SourcePackages/checkouts/swift-protobuf/Sources/SwiftProtobuf/Visitor.swift /Users/runner/work/_temp/DerivedData/SourcePackages/checkouts/swift-protobuf/Sources/SwiftProtobuf/WireFormat.swift /Users/runner/work/_temp/DerivedData/SourcePackages/checkouts/swift-protobuf/Sources/SwiftProtobuf/ZigZag.swift /Users/runner/work/_temp/DerivedData/SourcePackages/checkouts/swift-protobuf/Sources/SwiftProtobuf/any.pb.swift /Users/runner/work/_temp/DerivedData/SourcePackages/checkouts/swift-protobuf/Sources/SwiftProtobuf/api.pb.swift /Users/runner/work/_temp/DerivedData/SourcePackages/checkouts/swift-protobuf/Sources/SwiftProtobuf/descriptor.pb.swift /Users/runner/work/_temp/DerivedData/SourcePackages/checkouts/swift-protobuf/Sources/SwiftProtobuf/duration.pb.swift /Users/runner/work/_temp/DerivedData/SourcePackages/checkouts/swift-protobuf/Sources/SwiftProtobuf/empty.pb.swift /Users/runner/work/_temp/DerivedData/SourcePackages/checkouts/swift-protobuf/Sources/SwiftProtobuf/field_mask.pb.swift /Users/runner/work/_temp/DerivedData/SourcePackages/checkouts/swift-protobuf/Sources/SwiftProtobuf/source_context.pb.swift /Users/runner/work/_temp/DerivedData/SourcePackages/checkouts/swift-protobuf/Sources/SwiftProtobuf/struct.pb.swift /Users/runner/work/_temp/DerivedData/SourcePackages/checkouts/swift-protobuf/Sources/SwiftProtobuf/timestamp.pb.swift /Users/runner/work/_temp/DerivedData/SourcePackages/checkouts/swift-protobuf/Sources/SwiftProtobuf/type.pb.swift /Users/runner/work/_temp/DerivedData/SourcePackages/checkouts/swift-protobuf/Sources/SwiftProtobuf/wrappers.pb.swift (in target 'SwiftProtobuf' from project 'SwiftProtobuf')
2026-08-10T23:44:50.8811150Z 
2026-08-10T23:44:50.8919900Z SwiftCompile normal arm64 /Users/runner/work/_temp/DerivedData/SourcePackages/checkouts/swift-protobuf/Sources/SwiftProtobuf/TextFormatEncoder.swift (in target 'SwiftProtobuf' from project 'SwiftProtobuf')
2026-08-10T23:44:50.9026960Z     cd /Users/runner/work/vvterm/vvterm/VVTerm.xcodeproj
2026-08-10T23:44:50.9142910Z     builtin-SwiftPerFileCompile TextFormatEncoder.swift
2026-08-10T23:44:50.9255050Z 
2026-08-10T23:44:50.9360160Z SwiftCompile normal arm64 /Users/runner/work/_temp/DerivedData/SourcePackages/checkouts/swift-protobuf/Sources/SwiftProtobuf/TextFormatEncodingOptions.swift (in target 'SwiftProtobuf' from project 'SwiftProtobuf')
2026-08-10T23:44:50.9465000Z     cd /Users/runner/work/vvterm/vvterm/VVTerm.xcodeproj
2026-08-10T23:44:50.9567940Z     builtin-SwiftPerFileCompile TextFormatEncodingOptions.swift
2026-08-10T23:44:50.9670880Z 
2026-08-10T23:44:50.9777570Z SwiftCompile normal arm64 /Users/runner/work/_temp/DerivedData/SourcePackages/checkouts/swift-protobuf/Sources/SwiftProtobuf/TextFormatEncodingVisitor.swift (in target 'SwiftProtobuf' from project 'SwiftProtobuf')
2026-08-10T23:44:50.9891190Z     cd /Users/runner/work/vvterm/vvterm/VVTerm.xcodeproj
2026-08-10T23:44:51.0015480Z     builtin-SwiftPerFileCompile TextFormatEncodingVisitor.swift
2026-08-10T23:44:51.0070440Z 
2026-08-10T23:44:51.0172020Z SwiftCompile normal arm64 /Users/runner/work/_temp/DerivedData/SourcePackages/checkouts/swift-protobuf/Sources/SwiftProtobuf/TextFormatScanner.swift (in target 'SwiftProtobuf' from project 'SwiftProtobuf')
2026-08-10T23:44:51.0273780Z     cd /Users/runner/work/vvterm/vvterm/VVTerm.xcodeproj
2026-08-10T23:44:51.0377820Z     builtin-SwiftPerFileCompile TextFormatScanner.swift
2026-08-10T23:44:51.0488480Z 
2026-08-10T23:44:51.0595370Z SwiftCompile normal arm64 /Users/runner/work/_temp/DerivedData/SourcePackages/checkouts/swift-protobuf/Sources/SwiftProtobuf/TimeUtils.swift (in target 'SwiftProtobuf' from project 'SwiftProtobuf')
2026-08-10T23:44:51.0701590Z     cd /Users/runner/work/vvterm/vvterm/VVTerm.xcodeproj
2026-08-10T23:44:51.0803290Z     builtin-SwiftPerFileCompile TimeUtils.swift
2026-08-10T23:44:51.0919460Z 
2026-08-10T23:44:51.1022540Z SwiftCompile normal arm64 /Users/runner/work/_temp/DerivedData/SourcePackages/checkouts/swift-protobuf/Sources/SwiftProtobuf/UnknownStorage.swift (in target 'SwiftProtobuf' from project 'SwiftProtobuf')
2026-08-10T23:44:51.1165480Z     cd /Users/runner/work/vvterm/vvterm/VVTerm.xcodeproj
2026-08-10T23:44:51.1267900Z     builtin-SwiftPerFileCompile UnknownStorage.swift
2026-08-10T23:44:51.1369160Z 
2026-08-10T23:44:51.1473620Z SwiftCompile normal arm64 /Users/runner/work/_temp/DerivedData/SourcePackages/checkouts/swift-protobuf/Sources/SwiftProtobuf/UnsafeRawPointer+Shims.swift (in target 'SwiftProtobuf' from project 'SwiftProtobuf')
2026-08-10T23:44:51.1584330Z     cd /Users/runner/work/vvterm/vvterm/VVTerm.xcodeproj
2026-08-10T23:44:51.1693890Z     builtin-SwiftPerFileCompile UnsafeRawPointer+Shims.swift
2026-08-10T23:44:51.1795690Z 
2026-08-10T23:44:51.1906720Z SwiftCompile normal arm64 /Users/runner/work/_temp/DerivedData/SourcePackages/checkouts/swift-protobuf/Sources/SwiftProtobuf/Varint.swift (in target 'SwiftProtobuf' from project 'SwiftProtobuf')
2026-08-10T23:44:51.2008730Z     cd /Users/runner/work/vvterm/vvterm/VVTerm.xcodeproj
2026-08-10T23:44:51.2110390Z     builtin-SwiftPerFileCompile Varint.swift
2026-08-10T23:44:51.2211080Z 
2026-08-10T23:44:51.2313160Z SwiftCompile normal arm64 /Users/runner/work/_temp/DerivedData/SourcePackages/checkouts/swift-protobuf/Sources/SwiftProtobuf/Version.swift (in target 'SwiftProtobuf' from project 'SwiftProtobuf')
2026-08-10T23:44:51.2413170Z     cd /Users/runner/work/vvterm/vvterm/VVTerm.xcodeproj
2026-08-10T23:44:51.2517230Z     builtin-SwiftPerFileCompile Version.swift
2026-08-10T23:44:51.2622370Z 
2026-08-10T23:44:51.2730470Z SwiftCompile normal arm64 /Users/runner/work/_temp/DerivedData/SourcePackages/checkouts/swift-protobuf/Sources/SwiftProtobuf/Visitor.swift (in target 'SwiftProtobuf' from project 'SwiftProtobuf')
2026-08-10T23:44:51.2834780Z     cd /Users/runner/work/vvterm/vvterm/VVTerm.xcodeproj
2026-08-10T23:44:51.2937110Z     builtin-SwiftPerFileCompile Visitor.swift
2026-08-10T23:44:51.3038790Z 
2026-08-10T23:44:51.3172220Z SwiftCompile normal arm64 /Users/runner/work/_temp/DerivedData/SourcePackages/checkouts/swift-protobuf/Sources/SwiftProtobuf/WireFormat.swift (in target 'SwiftProtobuf' from project 'SwiftProtobuf')
2026-08-10T23:44:51.3276940Z     cd /Users/runner/work/vvterm/vvterm/VVTerm.xcodeproj
2026-08-10T23:44:51.3379560Z     builtin-SwiftPerFileCompile WireFormat.swift
2026-08-10T23:44:51.3484280Z 
2026-08-10T23:44:51.3587520Z SwiftCompile normal arm64 /Users/runner/work/_temp/DerivedData/SourcePackages/checkouts/swift-protobuf/Sources/SwiftProtobuf/ZigZag.swift (in target 'SwiftProtobuf' from project 'SwiftProtobuf')
2026-08-10T23:44:51.3690350Z     cd /Users/runner/work/vvterm/vvterm/VVTerm.xcodeproj
2026-08-10T23:44:51.3797520Z     builtin-SwiftPerFileCompile ZigZag.swift
2026-08-10T23:44:51.3903570Z 
2026-08-10T23:44:51.4009010Z SwiftCompile normal arm64 /Users/runner/work/_temp/DerivedData/SourcePackages/checkouts/swift-protobuf/Sources/SwiftProtobuf/any.pb.swift (in target 'SwiftProtobuf' from project 'SwiftProtobuf')
2026-08-10T23:44:51.4115010Z     cd /Users/runner/work/vvterm/vvterm/VVTerm.xcodeproj
2026-08-10T23:44:51.4219610Z     builtin-SwiftPerFileCompile any.pb.swift
2026-08-10T23:44:51.4335340Z 
2026-08-10T23:44:51.4445600Z SwiftCompile normal arm64 /Users/runner/work/_temp/DerivedData/SourcePackages/checkouts/swift-protobuf/Sources/SwiftProtobuf/api.pb.swift (in target 'SwiftProtobuf' from project 'SwiftProtobuf')
2026-08-10T23:44:51.4563710Z     cd /Users/runner/work/vvterm/vvterm/VVTerm.xcodeproj
2026-08-10T23:44:51.4674740Z     builtin-SwiftPerFileCompile api.pb.swift
2026-08-10T23:44:51.4780510Z 
2026-08-10T23:44:51.4882510Z SwiftCompile normal arm64 /Users/runner/work/_temp/DerivedData/SourcePackages/checkouts/swift-protobuf/Sources/SwiftProtobuf/descriptor.pb.swift (in target 'SwiftProtobuf' from project 'SwiftProtobuf')
2026-08-10T23:44:51.4985220Z     cd /Users/runner/work/vvterm/vvterm/VVTerm.xcodeproj
2026-08-10T23:44:51.5090840Z     builtin-SwiftPerFileCompile descriptor.pb.swift
2026-08-10T23:44:51.5190990Z 
2026-08-10T23:44:51.5301990Z SwiftCompile normal arm64 /Users/runner/work/_temp/DerivedData/SourcePackages/checkouts/swift-protobuf/Sources/SwiftProtobuf/duration.pb.swift (in target 'SwiftProtobuf' from project 'SwiftProtobuf')
2026-08-10T23:44:51.5351690Z     cd /Users/runner/work/vvterm/vvterm/VVTerm.xcodeproj
2026-08-10T23:44:51.5461040Z     builtin-SwiftPerFileCompile duration.pb.swift
2026-08-10T23:44:51.5563860Z 
2026-08-10T23:44:51.5668990Z SwiftCompile normal arm64 /Users/runner/work/_temp/DerivedData/SourcePackages/checkouts/swift-protobuf/Sources/SwiftProtobuf/empty.pb.swift (in target 'SwiftProtobuf' from project 'SwiftProtobuf')
2026-08-10T23:44:51.5773070Z     cd /Users/runner/work/vvterm/vvterm/VVTerm.xcodeproj
2026-08-10T23:44:51.5884550Z     builtin-SwiftPerFileCompile empty.pb.swift
2026-08-10T23:44:51.5986600Z 
2026-08-10T23:44:51.6090340Z SwiftCompile normal arm64 /Users/runner/work/_temp/DerivedData/SourcePackages/checkouts/swift-protobuf/Sources/SwiftProtobuf/field_mask.pb.swift (in target 'SwiftProtobuf' from project 'SwiftProtobuf')
2026-08-10T23:44:51.6202140Z     cd /Users/runner/work/vvterm/vvterm/VVTerm.xcodeproj
2026-08-10T23:44:51.6303780Z     builtin-SwiftPerFileCompile field_mask.pb.swift
2026-08-10T23:44:51.6407540Z 
2026-08-10T23:44:51.6510670Z SwiftCompile normal arm64 /Users/runner/work/_temp/DerivedData/SourcePackages/checkouts/swift-protobuf/Sources/SwiftProtobuf/source_context.pb.swift (in target 'SwiftProtobuf' from project 'SwiftProtobuf')
2026-08-10T23:44:51.6613070Z     cd /Users/runner/work/vvterm/vvterm/VVTerm.xcodeproj
2026-08-10T23:44:51.6716120Z     builtin-SwiftPerFileCompile source_context.pb.swift
2026-08-10T23:44:51.6825520Z 
2026-08-10T23:44:51.6930380Z SwiftCompile normal arm64 /Users/runner/work/_temp/DerivedData/SourcePackages/checkouts/swift-protobuf/Sources/SwiftProtobuf/struct.pb.swift (in target 'SwiftProtobuf' from project 'SwiftProtobuf')
2026-08-10T23:44:51.7035770Z     cd /Users/runner/work/vvterm/vvterm/VVTerm.xcodeproj
2026-08-10T23:44:51.7139180Z     builtin-SwiftPerFileCompile struct.pb.swift
2026-08-10T23:44:51.7240700Z 
2026-08-10T23:44:51.7343960Z SwiftCompile normal arm64 /Users/runner/work/_temp/DerivedData/SourcePackages/checkouts/swift-protobuf/Sources/SwiftProtobuf/timestamp.pb.swift (in target 'SwiftProtobuf' from project 'SwiftProtobuf')
2026-08-10T23:44:51.7446900Z     cd /Users/runner/work/vvterm/vvterm/VVTerm.xcodeproj
2026-08-10T23:44:51.7550740Z     builtin-SwiftPerFileCompile timestamp.pb.swift
2026-08-10T23:44:51.7652770Z 
2026-08-10T23:44:51.7755720Z SwiftCompile normal arm64 /Users/runner/work/_temp/DerivedData/SourcePackages/checkouts/swift-protobuf/Sources/SwiftProtobuf/type.pb.swift (in target 'SwiftProtobuf' from project 'SwiftProtobuf')
2026-08-10T23:44:51.7874490Z     cd /Users/runner/work/vvterm/vvterm/VVTerm.xcodeproj
2026-08-10T23:44:51.7986920Z     builtin-SwiftPerFileCompile type.pb.swift
2026-08-10T23:44:51.8088300Z 
2026-08-10T23:44:51.8204430Z SwiftCompile normal arm64 /Users/runner/work/_temp/DerivedData/SourcePackages/checkouts/swift-protobuf/Sources/SwiftProtobuf/wrappers.pb.swift (in target 'SwiftProtobuf' from project 'SwiftProtobuf')
2026-08-10T23:44:51.8312860Z     cd /Users/runner/work/vvterm/vvterm/VVTerm.xcodeproj
2026-08-10T23:44:51.8424640Z     builtin-SwiftPerFileCompile wrappers.pb.swift
2026-08-10T23:44:51.8540340Z 
2026-08-10T23:44:51.8719330Z SwiftDriverJobDiscovery normal arm64 Compiling Message+BinaryAdditions.swift, Message+BinaryAdditions_Data.swift, Message+FieldMask.swift, Message+JSONAdditions.swift, Message+JSONAdditions_Data.swift, Message+JSONArrayAdditions.swift, Message+JSONArrayAdditions_Data.swift, Message+TextFormatAdditions.swift, Message.swift, MessageExtension.swift, NameMap.swift, PathDecoder.swift, PathVisitor.swift, ProtoNameProviding.swift, ProtobufAPIVersionCheck.swift, ProtobufMap.swift, SelectiveVisitor.swift, SimpleExtensionMap.swift, StringUtils.swift, SwiftProtobufContiguousBytes.swift, SwiftProtobufError.swift, TextFormatDecoder.swift, TextFormatDecodingError.swift, TextFormatDecodingOptions.swift (in target 'SwiftProtobuf' from project 'SwiftProtobuf')
2026-08-10T23:44:51.8832010Z 
2026-08-10T23:44:51.8961440Z SwiftDriverJobDiscovery normal arm64 Compiling FieldTypes.swift, Google_Protobuf_Any+Extensions.swift, Google_Protobuf_Any+Registry.swift, Google_Protobuf_Duration+Extensions.swift, Google_Protobuf_FieldMask+Extensions.swift, Google_Protobuf_ListValue+Extensions.swift, Google_Protobuf_NullValue+Extensions.swift, Google_Protobuf_Struct+Extensions.swift, Google_Protobuf_Timestamp+Extensions.swift, Google_Protobuf_Value+Extensions.swift, Google_Protobuf_Wrappers+Extensions.swift, HashVisitor.swift, Internal.swift, JSONDecoder.swift, JSONDecodingError.swift, JSONDecodingOptions.swift, JSONEncoder.swift, JSONEncodingError.swift, JSONEncodingOptions.swift, JSONEncodingVisitor.swift, JSONMapEncodingVisitor.swift, JSONScanner.swift, MathUtils.swift, Message+AnyAdditions.swift (in target 'SwiftProtobuf' from project 'SwiftProtobuf')
2026-08-10T23:44:51.8966220Z 
2026-08-10T23:44:51.9119360Z SwiftDriverJobDiscovery normal arm64 Compiling resource_bundle_accessor.swift, AnyMessageStorage.swift, AnyUnpackError.swift, AsyncMessageSequence.swift, BinaryDecoder.swift, BinaryDecodingError.swift, BinaryDecodingOptions.swift, BinaryDelimited.swift, BinaryEncoder.swift, BinaryEncodingError.swift, BinaryEncodingOptions.swift, BinaryEncodingSizeVisitor.swift, BinaryEncodingVisitor.swift, BytecodeInterpreter.swift, BytecodeReader.swift, CustomJSONCodable.swift, Decoder.swift, DoubleParser.swift, Enum.swift, ExtensibleMessage.swift, ExtensionFieldValueSet.swift, ExtensionFields.swift, ExtensionMap.swift, FieldTag.swift (in target 'SwiftProtobuf' from project 'SwiftProtobuf')
2026-08-10T23:44:51.9223480Z 
2026-08-10T23:44:51.9343950Z SwiftDriverJobDiscovery normal arm64 Compiling TextFormatEncoder.swift, TextFormatEncodingOptions.swift, TextFormatEncodingVisitor.swift, TextFormatScanner.swift, TimeUtils.swift, UnknownStorage.swift, UnsafeRawPointer+Shims.swift, Varint.swift, Version.swift, Visitor.swift, WireFormat.swift, ZigZag.swift, any.pb.swift, api.pb.swift, descriptor.pb.swift, duration.pb.swift, empty.pb.swift, field_mask.pb.swift, source_context.pb.swift, struct.pb.swift, timestamp.pb.swift, type.pb.swift, wrappers.pb.swift (in target 'SwiftProtobuf' from project 'SwiftProtobuf')
2026-08-10T23:44:51.9459840Z 
2026-08-10T23:44:51.9561270Z SwiftDriver\ Compilation SwiftProtobuf normal arm64 com.apple.xcode.tools.swift.compiler (in target 'SwiftProtobuf' from project 'SwiftProtobuf')
2026-08-10T23:44:51.9663580Z     cd /Users/runner/work/vvterm/vvterm/VVTerm.xcodeproj
2026-08-10T23:44:51.9799070Z     builtin-Swift-Compilation -- /Applications/Xcode_27_beta_4.app/Contents/Developer/Toolchains/XcodeDefault.xctoolchain/usr/bin/swiftc -parse-as-library -module-name SwiftProtobuf -Onone @/Users/runner/work/_temp/DerivedData/Build/Intermediates.noindex/SwiftProtobuf.build/Debug-iphonesimulator/SwiftProtobuf-t.build/Objects-normal/arm64/SwiftProtobuf.SwiftFileList -DSWIFT_PACKAGE -DDEBUG -DSWIFT_MODULE_RESOURCE_BUNDLE_AVAILABLE -DFieldMaskUtilities -DBinaryDelimitedStreams -DXcode -enable-upcoming-feature ExistentialAny -plugin-path /Applications/Xcode_27_beta_4.app/Contents/Developer/Toolchains/XcodeDefault.xctoolchain/usr/lib/swift/host/plugins/testing -enable-experimental-feature DebugDescriptionMacro -sdk /Applications/Xcode_27_beta_4.app/Contents/Developer/Platforms/iPhoneSimulator.platform/Developer/SDKs/iPhoneSimulator27.0.sdk -target arm64-apple-ios15.0-simulator -g -module-cache-path /Users/runner/work/_temp/DerivedData/ModuleCache.noindex -Xfrontend -serialize-debugging-options -profile-coverage-mapping -profile-generate -enable-testing -suppress-warnings -index-store-path /Users/runner/work/_temp/DerivedData/Index.noindex/DataStore -Xcc -D_LIBCPP_HARDENING_MODE\=_LIBCPP_HARDENING_MODE_DEBUG -swift-version 6 -I /Users/runner/work/_temp/DerivedData/Build/Products/Debug-iphonesimulator -Isystem /Applications/Xcode_27_beta_4.app/Contents/Developer/Platforms/iPhoneSimulator.platform/Developer/usr/lib -F /Users/runner/work/_temp/DerivedData/Build/Products/Debug-iphonesimulator -F /Applications/Xcode_27_beta_4.app/Contents/Developer/Platforms/iPhoneSimulator.platform/Developer/Library/Frameworks -F /Applications/Xcode_27_beta_4.app/Contents/Developer/Platforms/iPhoneSimulator.platform/Developer/SDKs/iPhoneSimulator27.0.sdk/Developer/Library/Frameworks -c -j3 -enable-batch-mode -incremental -Xcc -ivfsstatcache -Xcc /Users/runner/work/_temp/DerivedData/SDKStatCaches.noindex/iphonesimulator27.0-24A5390e-e43fee13dd4b37625cdebfde7abd7d2e442fb7f1c3b8580cc81a86a0492dbf21.sdkstatcache -output-file-map /Users/runner/work/_temp/DerivedData/Build/Intermediates.noindex/SwiftProtobuf.build/Debug-iphonesimulator/SwiftProtobuf-t.build/Objects-normal/arm64/SwiftProtobuf-OutputFileMap.json -save-temps -no-color-diagnostics -explicit-module-build -module-cache-path /Users/runner/work/_temp/DerivedData/Build/Intermediates.noindex/SwiftExplicitPrecompiledModules -clang-scanner-module-cache-path /Users/runner/work/_temp/DerivedData/ModuleCache.noindex -sdk-module-cache-path /Users/runner/work/_temp/DerivedData/SDKExplicitPrecompiledModules -emit-dependencies -emit-module -emit-module-path /Users/runner/work/_temp/DerivedData/Build/Intermediates.noindex/SwiftProtobuf.build/Debug-iphonesimulator/SwiftProtobuf-t.build/Objects-normal/arm64/SwiftProtobuf.swiftmodule -serialize-diagnostics -dependency-scan-serialize-diagnostics-path /Users/runner/work/_temp/DerivedData/Build/Intermediates.noindex/SwiftProtobuf.build/Debug-iphonesimulator/SwiftProtobuf-t.build/Objects-normal/arm64/SwiftProtobuf-dependency-scan.dia -user-module-version 1.38.1 -validate-clang-modules-once -clang-build-session-file /Users/runner/work/_temp/DerivedData/ModuleCache.noindex/Session.modulevalidation -Xcc -fmodules-prune-interval\=86400 -Xcc -fmodules-prune-after\=345600 -package-name swift_protobuf -emit-const-values -const-gather-protocols-list /Users/runner/work/_temp/DerivedData/Build/Intermediates.noindex/SwiftProtobuf.build/Debug-iphonesimulator/SwiftProtobuf-t.build/Objects-normal/arm64/SwiftProtobuf_const_extract_protocols.json -Xcc -I/Users/runner/work/_temp/DerivedData/Build/Products/Debug-iphonesimulator/include -Xcc -I/Users/runner/work/_temp/DerivedData/Build/Intermediates.noindex/SwiftProtobuf.build/Debug-iphonesimulator/SwiftProtobuf-t.build/DerivedSources-normal/arm64 -Xcc -I/Users/runner/work/_temp/DerivedData/Build/Intermediates.noindex/SwiftProtobuf.build/Debug-iphonesimulator/SwiftProtobuf-t.build/DerivedSources/arm64 -Xcc -I/Users/runner/work/_temp/DerivedData/Build/Intermediates.noindex/SwiftProtobuf.build/Debug-iphonesimulator/SwiftProtobuf-t.build/DerivedSources -Xcc -DSWIFT_PACKAGE -Xcc -DDEBUG\=1 -emit-objc-header -emit-objc-header-path /Users/runner/work/_temp/DerivedData/Build/Intermediates.noindex/SwiftProtobuf.build/Debug-iphonesimulator/SwiftProtobuf-t.build/Objects-normal/arm64/SwiftProtobuf-Swift.h -working-directory /Users/runner/work/vvterm/vvterm/VVTerm.xcodeproj -experimental-emit-module-separately -disable-cmo
2026-08-10T23:44:51.9931480Z 
2026-08-10T23:44:52.0034250Z ProcessInfoPlistFile /Users/runner/work/_temp/DerivedData/Build/Products/Debug-iphonesimulator/PackageFrameworks/SwiftProtobuf.framework/Info.plist /Users/runner/work/_temp/DerivedData/Build/Intermediates.noindex/SwiftProtobuf.build/Debug-iphonesimulator/SwiftProtobuf-product-t.build/empty-SwiftProtobuf.plist (in target 'SwiftProtobufdynamic-product' from project 'SwiftProtobuf')
2026-08-10T23:44:52.0137090Z     cd /Users/runner/work/_temp/DerivedData/SourcePackages/checkouts/swift-protobuf
2026-08-10T23:44:52.0251570Z     builtin-infoPlistUtility /Users/runner/work/_temp/DerivedData/Build/Intermediates.noindex/SwiftProtobuf.build/Debug-iphonesimulator/SwiftProtobuf-product-t.build/empty-SwiftProtobuf.plist -producttype com.apple.product-type.framework -expandbuildsettings -format binary -platform iphonesimulator -o /Users/runner/work/_temp/DerivedData/Build/Products/Debug-iphonesimulator/PackageFrameworks/SwiftProtobuf.framework/Info.plist
2026-08-10T23:44:52.0381490Z 
2026-08-10T23:44:52.0507960Z ProcessInfoPlistFile /Users/runner/work/_temp/DerivedData/Build/Products/Debug-iphonesimulator/PackageFrameworks/ETSession.framework/Info.plist /Users/runner/work/_temp/DerivedData/Build/Intermediates.noindex/swift-et.build/Debug-iphonesimulator/ETSession-product-t.build/empty-ETSession.plist (in target 'ETSessiondynamic-product' from project 'swift-et')
2026-08-10T23:44:52.0614210Z     cd /Users/runner/work/_temp/DerivedData/SourcePackages/checkouts/swift-et
2026-08-10T23:44:52.0728370Z     builtin-infoPlistUtility /Users/runner/work/_temp/DerivedData/Build/Intermediates.noindex/swift-et.build/Debug-iphonesimulator/ETSession-product-t.build/empty-ETSession.plist -producttype com.apple.product-type.framework -expandbuildsettings -format binary -platform iphonesimulator -o /Users/runner/work/_temp/DerivedData/Build/Products/Debug-iphonesimulator/PackageFrameworks/ETSession.framework/Info.plist
2026-08-10T23:44:52.0836260Z 
2026-08-10T23:44:52.0939570Z ProcessInfoPlistFile /Users/runner/work/_temp/DerivedData/Build/Products/Debug-iphonesimulator/VVTermLiveActivity.appex/Info.plist /Users/runner/work/vvterm/vvterm/VVTermLiveActivity/Info.plist (in target 'VVTermLiveActivity' from project 'VVTerm')
2026-08-10T23:44:52.1056930Z     cd /Users/runner/work/vvterm/vvterm
2026-08-10T23:44:52.1168990Z     builtin-infoPlistUtility /Users/runner/work/vvterm/vvterm/VVTermLiveActivity/Info.plist -producttype com.apple.product-type.app-extension -expandbuildsettings -format binary -platform iphonesimulator -additionalcontentfile /Users/runner/work/_temp/DerivedData/Build/Intermediates.noindex/VVTerm.build/Debug-iphonesimulator/VVTermLiveActivity.build/assetcatalog_generated_info.plist -o /Users/runner/work/_temp/DerivedData/Build/Products/Debug-iphonesimulator/VVTermLiveActivity.appex/Info.plist
2026-08-10T23:44:52.1171800Z 
2026-08-10T23:44:52.1282290Z ProcessInfoPlistFile /Users/runner/work/_temp/DerivedData/Build/Products/Debug-iphonesimulator/mlx-swift_Cmlx.bundle/Info.plist /Users/runner/work/_temp/DerivedData/Build/Intermediates.noindex/mlx-swift.build/Debug-iphonesimulator/mlx-swift_Cmlx-b.build/empty-mlx-swift_Cmlx.plist (in target 'mlx-swift_Cmlx' from project 'mlx-swift')
2026-08-10T23:44:52.1392350Z     cd /Users/runner/work/_temp/DerivedData/SourcePackages/checkouts/mlx-swift
2026-08-10T23:44:52.1497620Z     builtin-infoPlistUtility /Users/runner/work/_temp/DerivedData/Build/Intermediates.noindex/mlx-swift.build/Debug-iphonesimulator/mlx-swift_Cmlx-b.build/empty-mlx-swift_Cmlx.plist -producttype com.apple.product-type.bundle -expandbuildsettings -format binary -platform iphonesimulator -o /Users/runner/work/_temp/DerivedData/Build/Products/Debug-iphonesimulator/mlx-swift_Cmlx.bundle/Info.plist
2026-08-10T23:44:52.1611550Z 
2026-08-10T23:44:52.1728810Z ProcessInfoPlistFile /Users/runner/work/_temp/DerivedData/Build/Products/Debug-iphonesimulator/swift-nio_NIOPosix.bundle/Info.plist /Users/runner/work/_temp/DerivedData/Build/Intermediates.noindex/swift-nio.build/Debug-iphonesimulator/swift-nio_NIOPosix-b.build/empty-swift-nio_NIOPosix.plist (in target 'swift-nio_NIOPosix' from project 'swift-nio')
2026-08-10T23:44:52.1849940Z     cd /Users/runner/work/_temp/DerivedData/SourcePackages/checkouts/swift-nio
2026-08-10T23:44:52.1961230Z     builtin-infoPlistUtility /Users/runner/work/_temp/DerivedData/Build/Intermediates.noindex/swift-nio.build/Debug-iphonesimulator/swift-nio_NIOPosix-b.build/empty-swift-nio_NIOPosix.plist -producttype com.apple.product-type.bundle -expandbuildsettings -format binary -platform iphonesimulator -o /Users/runner/work/_temp/DerivedData/Build/Products/Debug-iphonesimulator/swift-nio_NIOPosix.bundle/Info.plist
2026-08-10T23:44:52.2066680Z 
2026-08-10T23:44:52.2186810Z note: Disabling hardened runtime with ad-hoc codesigning. (in target 'VVTerm' from project 'VVTerm')
2026-08-10T23:44:52.2311680Z warning: no rule to process file '/Users/runner/work/vvterm/vvterm/VVTerm/Features/Teleport/Infrastructure/iotest_mfa.proto' of type 'sourcecode.protobuf' for architecture 'arm64' (in target 'VVTerm' from project 'VVTerm')
2026-08-10T23:44:52.2429340Z SwiftDriver VVTerm normal arm64 com.apple.xcode.tools.swift.compiler (in target 'VVTerm' from project 'VVTerm')
2026-08-10T23:44:52.2532530Z     cd /Users/runner/work/vvterm/vvterm
2026-08-10T23:44:52.2725910Z     builtin-SwiftDriver -- /Applications/Xcode_27_beta_4.app/Contents/Developer/Toolchains/XcodeDefault.xctoolchain/usr/bin/swiftc -module-name VVTerm -Onone @/Users/runner/work/_temp/DerivedData/Build/Intermediates.noindex/VVTerm.build/Debug-iphonesimulator/VVTerm.build/Objects-normal/arm64/VVTerm.SwiftFileList -DDEBUG -DFORCE_PRO_ENABLED -Xcc -fmodule-map-file\=/Users/runner/work/_temp/DerivedData/SourcePackages/checkouts/swift-numerics/Sources/_NumericsShims/include/module.modulemap -Xcc -fmodule-map-file\=/Users/runner/work/_temp/DerivedData/SourcePackages/checkouts/mlx-swift/Source/Cmlx/include/module.modulemap -Xcc -fmodule-map-file\=/Users/runner/work/_temp/DerivedData/Build/Intermediates.noindex/GeneratedModuleMaps-iphonesimulator/CTweetNacl.modulemap -Xcc -fmodule-map-file\=/Users/runner/work/_temp/DerivedData/Build/Intermediates.noindex/GeneratedModuleMaps-iphonesimulator/CNIOLLHTTP.modulemap -Xcc -fmodule-map-file\=/Users/runner/work/_temp/DerivedData/Build/Intermediates.noindex/GeneratedModuleMaps-iphonesimulator/CNIOPosix.modulemap -Xcc -fmodule-map-file\=/Users/runner/work/_temp/DerivedData/Build/Intermediates.noindex/GeneratedModuleMaps-iphonesimulator/CNIOWASI.modulemap -Xcc -fmodule-map-file\=/Users/runner/work/_temp/DerivedData/SourcePackages/checkouts/swift-nio/Sources/CNIOWindows/include/module.modulemap -Xcc -fmodule-map-file\=/Users/runner/work/_temp/DerivedData/Build/Intermediates.noindex/GeneratedModuleMaps-iphonesimulator/CNIOLinux.modulemap -Xcc -fmodule-map-file\=/Users/runner/work/_temp/DerivedData/Build/Intermediates.noindex/GeneratedModuleMaps-iphonesimulator/CNIODarwin.modulemap -Xcc -fmodule-map-file\=/Users/runner/work/_temp/DerivedData/Build/Intermediates.noindex/GeneratedModuleMaps-iphonesimulator/CNIOFreeBSD.modulemap -Xcc -fmodule-map-file\=/Users/runner/work/_temp/DerivedData/Build/Intermediates.noindex/GeneratedModuleMaps-iphonesimulator/CNIOOpenBSD.modulemap -Xcc -fmodule-map-file\=/Users/runner/work/_temp/DerivedData/Build/Intermediates.noindex/GeneratedModuleMaps-iphonesimulator/CNIOAtomics.modulemap -Xcc -fmodule-map-file\=/Users/runner/work/_temp/DerivedData/SourcePackages/checkouts/swift-atomics/Sources/_AtomicsShims/include/module.modulemap -default-isolation\=MainActor -enable-bare-slash-regex -enable-upcoming-feature DisableOutwardActorInference -enable-upcoming-feature InferSendableFromCaptures -enable-upcoming-feature GlobalActorIsolatedTypesUsability -enable-upcoming-feature MemberImportVisibility -enable-upcoming-feature InferIsolatedConformances -enable-upcoming-feature NonisolatedNonsendingByDefault -enable-experimental-feature DebugDescriptionMacro -sdk /Applications/Xcode_27_beta_4.app/Contents/Developer/Platforms/iPhoneSimulator.platform/Developer/SDKs/iPhoneSimulator27.0.sdk -target arm64-apple-ios16.1-simulator -g -module-cache-path /Users/runner/work/_temp/DerivedData/ModuleCache.noindex -Xfrontend -serialize-debugging-options -profile-coverage-mapping -profile-generate -enable-testing -index-store-path /Users/runner/work/_temp/DerivedData/Index.noindex/DataStore -Xcc -D_LIBCPP_HARDENING_MODE\=_LIBCPP_HARDENING_MODE_DEBUG -swift-version 5 -I /Users/runner/work/_temp/DerivedData/Build/Products/Debug-iphonesimulator -F /Users/runner/work/_temp/DerivedData/Build/Products/Debug-iphonesimulator/PackageFrameworks -F /Users/runner/work/_temp/DerivedData/Build/Products/Debug-iphonesimulator -emit-localized-strings -emit-localized-strings-path /Users/runner/work/_temp/DerivedData/Build/Intermediates.noindex/VVTerm.build/Debug-iphonesimulator/VVTerm.build/Objects-normal/arm64 -c -j3 -enable-batch-mode -incremental -Xcc -ivfsstatcache -Xcc /Users/runner/work/_temp/DerivedData/SDKStatCaches.noindex/iphonesimulator27.0-24A5390e-e43fee13dd4b37625cdebfde7abd7d2e442fb7f1c3b8580cc81a86a0492dbf21.sdkstatcache -output-file-map /Users/runner/work/_temp/DerivedData/Build/Intermediates.noindex/VVTerm.build/Debug-iphonesimulator/VVTerm.build/Objects-normal/arm64/VVTerm-OutputFileMap.json -save-temps -no-color-diagnostics -explicit-module-build -module-cache-path /Users/runner/work/_temp/DerivedData/Build/Intermediates.noindex/SwiftExplicitPrecompiledModules -clang-scanner-module-cache-path /Users/runner/work/_temp/DerivedData/ModuleCache.noindex -sdk-module-cache-path /Users/runner/work/_temp/DerivedData/SDKExplicitPrecompiledModules -emit-dependencies -emit-module -emit-module-path /Users/runner/work/_temp/DerivedData/Build/Intermediates.noindex/VVTerm.build/Debug-iphonesimulator/VVTerm.build/Objects-normal/arm64/VVTerm.swiftmodule -serialize-diagnostics -dependency-scan-serialize-diagnostics-path /Users/runner/work/_temp/DerivedData/Build/Intermediates.noindex/VVTerm.build/Debug-iphonesimulator/VVTerm.build/Objects-normal/arm64/VVTerm-dependency-scan.dia -validate-clang-modules-once -clang-build-session-file /Users/runner/work/_temp/DerivedData/ModuleCache.noindex/Session.modulevalidation -Xcc -fmodules-prune-interval\=86400 -Xcc -fmodules-prune-after\=345600 -emit-const-values -const-gather-protocols-list /Users/runner/work/_temp/DerivedData/Build/Intermediates.noindex/VVTerm.build/Debug-iphonesimulator/VVTerm.build/Objects-normal/arm64/VVTerm_const_extract_protocols.json -Xcc -iquote -Xcc /Users/runner/work/_temp/DerivedData/Build/Intermediates.noindex/VVTerm.build/Debug-iphonesimulator/VVTerm.build/VVTerm-generated-files.hmap -Xcc -I/Users/runner/work/_temp/DerivedData/Build/Intermediates.noindex/VVTerm.build/Debug-iphonesimulator/VVTerm.build/VVTerm-own-target-headers.hmap -Xcc -I/Users/runner/work/_temp/DerivedData/Build/Intermediates.noindex/VVTerm.build/Debug-iphonesimulator/VVTerm.build/VVTerm-all-non-framework-target-headers.hmap -Xcc -ivfsoverlay -Xcc /Users/runner/work/_temp/DerivedData/Build/Intermediates.noindex/VVTerm.build/Debug-iphonesimulator/VVTerm-6a35e7673de302a64f61488d7ee1e65a-VFS-iphonesimulator/all-product-headers.yaml -Xcc -iquote -Xcc /Users/runner/work/_temp/DerivedData/Build/Intermediates.noindex/VVTerm.build/Debug-iphonesimulator/VVTerm.build/VVTerm-project-headers.hmap -Xcc -I/Users/runner/work/_temp/DerivedData/SourcePackages/checkouts/swift-numerics/Sources/_NumericsShims/include -Xcc -I/Users/runner/work/_temp/DerivedData/SourcePackages/checkouts/mlx-swift/Source/Cmlx/include -Xcc -I/Users/runner/work/_temp/DerivedData/SourcePackages/checkouts/tweetnacl-swiftwrap/Sources/CTweetNacl/include -Xcc -I/Users/runner/work/_temp/DerivedData/SourcePackages/checkouts/swift-nio/Sources/CNIOLLHTTP/include -Xcc -I/Users/runner/work/_temp/DerivedData/SourcePackages/checkouts/swift-nio/Sources/CNIOPosix/include -Xcc -I/Users/runner/work/_temp/DerivedData/SourcePackages/checkouts/swift-nio/Sources/CNIOWASI/include -Xcc -I/Users/runner/work/_temp/DerivedData/SourcePackages/checkouts/swift-nio/Sources/CNIOWindows/include -Xcc -I/Users/runner/work/_temp/DerivedData/SourcePackages/checkouts/swift-nio/Sources/CNIOLinux/include -Xcc -I/Users/runner/work/_temp/DerivedData/SourcePackages/checkouts/swift-nio/Sources/CNIODarwin/include -Xcc -I/Users/runner/work/_temp/DerivedData/SourcePackages/checkouts/swift-nio/Sources/CNIOFreeBSD/include -Xcc -I/Users/runner/work/_temp/DerivedData/SourcePackages/checkouts/swift-nio/Sources/CNIOOpenBSD/include -Xcc -I/Users/runner/work/_temp/DerivedData/SourcePackages/checkouts/swift-nio/Sources/CNIOAtomics/include -Xcc -I/Users/runner/work/_temp/DerivedData/SourcePackages/checkouts/swift-atomics/Sources/_AtomicsShims/include -Xcc -I/Users/runner/work/_temp/DerivedData/Build/Products/Debug-iphonesimulator/include -Xcc -I/Users/runner/work/vvterm/vvterm/Vendor/libghostty/ios-simulator/include -Xcc -I/Users/runner/work/vvterm/vvterm/Vendor/libssh2/include -Xcc -I/Users/runner/work/_temp/DerivedData/Build/Intermediates.noindex/VVTerm.build/Debug-iphonesimulator/VVTerm.build/DerivedSources-normal/arm64 -Xcc -I/Users/runner/work/_temp/DerivedData/Build/Intermediates.noindex/VVTerm.build/Debug-iphonesimulator/VVTerm.build/DerivedSources/arm64 -Xcc -I/Users/runner/work/_temp/DerivedData/Build/Intermediates.noindex/VVTerm.build/Debug-iphonesimulator/VVTerm.build/DerivedSources -Xcc -DDEBUG\=1 -emit-objc-header -emit-objc-header-path /Users/runner/work/_temp/DerivedData/Build/Intermediates.noindex/VVTerm.build/Debug-iphonesimulator/VVTerm.build/Objects-normal/arm64/VVTerm-Swift.h -import-objc-header /Users/runner/work/vvterm/vvterm/VVTerm/ghostty-bridging-header.h -working-directory /Users/runner/work/vvterm/vvterm -experimental-emit-module-separately -disable-cmo
2026-08-10T23:44:59.8630620Z 
2026-08-10T23:44:59.8732210Z SwiftGeneratePch normal arm64 Compiling\ bridging\ header (in target 'VVTerm' from project 'VVTerm')
2026-08-10T23:45:00.1025160Z 
2026-08-10T23:45:00.1129180Z SwiftDriverJobDiscovery normal arm64 Compiling bridging header (in target 'VVTerm' from project 'VVTerm')
2026-08-10T23:45:00.1238280Z 
2026-08-10T23:45:00.1364100Z SwiftEmitModule normal arm64 Emitting\ module\ for\ VVTerm (in target 'VVTerm' from project 'VVTerm')
2026-08-10T23:45:20.3129570Z /Users/runner/work/vvterm/vvterm/VVTerm/App/iOS/ServerComponents+iOS.swift:45:44: warning: main actor-isolated static property 'shared' can not be referenced from a nonisolated context; this is an error in the Swift 6 language mode
2026-08-10T23:45:20.3243390Z  43 |         onLockedTap: (() -> Void)? = nil,
2026-08-10T23:45:20.3381730Z  44 |         onTeleportSetup: ((Server, TeleportDeviceReadiness) -> Void)? = nil,
2026-08-10T23:45:20.3497670Z  45 |         keyRing: KeyRing = TeleportKeyRing.shared,
2026-08-10T23:45:20.3617640Z     |                                            `- warning: main actor-isolated static property 'shared' can not be referenced from a nonisolated context; this is an error in the Swift 6 language mode
2026-08-10T23:45:20.3875740Z  46 |         isLockedOverride: Bool? = nil
2026-08-10T23:45:20.3980120Z  47 |     ) {
2026-08-10T23:45:20.4082530Z 
2026-08-10T23:45:20.4188410Z /Users/runner/work/vvterm/vvterm/VVTerm/Features/Teleport/Application/TeleportKeyRing.swift:136:16: note: static property declared here
2026-08-10T23:45:20.4290810Z 134 | @MainActor
2026-08-10T23:45:20.4291750Z 135 | final class TeleportKeyRing: ObservableObject, TeleportKeyRingStoring {
2026-08-10T23:45:20.4394060Z 136 |     static let shared = TeleportKeyRing()
2026-08-10T23:45:20.4495760Z     |                `- note: static property declared here
2026-08-10T23:45:20.4597440Z 137 | 
2026-08-10T23:45:20.4701890Z 138 |     /// The UserDefaults key for the encoded `[UUID: TeleportCredential]` map.
2026-08-10T23:45:20.4803360Z 
2026-08-10T23:45:20.4905720Z /Users/runner/work/vvterm/vvterm/VVTerm/Core/Logging/Diagnostics/DiagnosticsExporter.swift:64:51: warning: call to main actor-isolated initializer 'init(subsystem:)' in a synchronous nonisolated context [#ActorIsolatedCall]
2026-08-10T23:45:20.5016810Z  18 |     let subsystem: String
2026-08-10T23:45:20.5121050Z  19 | 
2026-08-10T23:45:20.5274970Z  20 |     init(subsystem: String = Bundle.main.bundleIdentifier ?? "it.pcad.vvterm") {
2026-08-10T23:45:20.5377960Z     |     |- note: calls to initializer 'init(subsystem:)' from outside of its actor context are implicitly asynchronous
2026-08-10T23:45:20.5482020Z     |     `- note: main actor isolation inferred from conformance to protocol 'DiagnosticsLogCollecting'
2026-08-10T23:45:20.5584850Z  21 |         self.subsystem = subsystem
2026-08-10T23:45:20.5707430Z  22 |     }
2026-08-10T23:45:20.5709430Z     :
2026-08-10T23:45:20.5711110Z  62 |     /// throwing, so the user always gets a shareable file.
2026-08-10T23:45:20.5712810Z  63 |     static func export(
2026-08-10T23:45:20.5714880Z  64 |         collector: any DiagnosticsLogCollecting = OSLogDiagnosticsCollector(),
2026-08-10T23:45:20.5718150Z     |                                                   `- warning: call to main actor-isolated initializer 'init(subsystem:)' in a synchronous nonisolated context [#ActorIsolatedCall]
2026-08-10T23:45:20.5719310Z  65 |         recorder: DiagnosticsRecorder = .shared,
2026-08-10T23:45:20.5720040Z  66 |         subsystem: String = Bundle.main.bundleIdentifier ?? "it.pcad.vvterm",
2026-08-10T23:45:20.5720500Z 
2026-08-10T23:45:20.5721380Z /Users/runner/work/vvterm/vvterm/VVTerm/Core/Logging/Diagnostics/DiagnosticsExporter.swift:65:42: warning: main actor-isolated static property 'shared' can not be referenced from a nonisolated context
2026-08-10T23:45:20.5722580Z  63 |     static func export(
2026-08-10T23:45:20.5723220Z  64 |         collector: any DiagnosticsLogCollecting = OSLogDiagnosticsCollector(),
2026-08-10T23:45:20.5723930Z  65 |         recorder: DiagnosticsRecorder = .shared,
2026-08-10T23:45:20.5724910Z     |                                          `- warning: main actor-isolated static property 'shared' can not be referenced from a nonisolated context
2026-08-10T23:45:20.5726350Z  66 |         subsystem: String = Bundle.main.bundleIdentifier ?? "it.pcad.vvterm",
2026-08-10T23:45:20.5726950Z  67 |         exportDate: Date = Date(),
2026-08-10T23:45:20.5727210Z 
2026-08-10T23:45:20.5727800Z /Users/runner/work/vvterm/vvterm/VVTerm/Core/Logging/Diagnostics/DiagnosticsRecorder.swift:20:16: note: static property declared here
2026-08-10T23:45:20.5728790Z 18 | /// outcomes). Never record credentials, raw hosts, or terminal content.
2026-08-10T23:45:20.5729730Z 19 | final class DiagnosticsRecorder: @unchecked Sendable {
2026-08-10T23:45:20.5730350Z 20 |     static let shared = DiagnosticsRecorder()
2026-08-10T23:45:20.5730800Z    |                `- note: static property declared here
2026-08-10T23:45:20.5731370Z 21 | 
2026-08-10T23:45:20.5732460Z 22 |     private let queue = DispatchQueue(label: "vvterm.diagnostics-recorder")
2026-08-10T23:45:20.5732980Z 
2026-08-10T23:45:20.5733740Z /Users/runner/work/vvterm/vvterm/VVTerm/Core/SSH/SSHClient.swift:118:1: warning: 'nonisolated(unsafe)' has no effect on enum 'SSHClientUITestDebug', consider using 'nonisolated'
2026-08-10T23:45:20.5735040Z  116 | /// channel/socket rejected it. DEBUG-only cross-actor telemetry; benign
2026-08-10T23:45:20.5735530Z  117 | /// data race.
2026-08-10T23:45:20.5736240Z  118 | nonisolated(unsafe) enum SSHClientUITestDebug {
2026-08-10T23:45:20.5736940Z      | `- warning: 'nonisolated(unsafe)' has no effect on enum 'SSHClientUITestDebug', consider using 'nonisolated'
2026-08-10T23:45:20.5737770Z  119 |     static var writeCount = 0
2026-08-10T23:45:20.5738300Z  120 |     static var writeTail = ""
2026-08-10T23:45:20.5738650Z 
2026-08-10T23:45:20.5739590Z /Users/runner/work/vvterm/vvterm/VVTerm/Features/Teleport/Application/TeleportBootstrapCoordinator.swift:174:42: warning: call to main actor-isolated initializer 'init()' in a synchronous nonisolated context [#ActorIsolatedCall]
2026-08-10T23:45:20.5741260Z 172 |         keyRing: any TeleportKeyRingStoring,
2026-08-10T23:45:20.5741870Z 173 |         safariPresenter: (any WebAuthenticationSessionPresenting)?,
2026-08-10T23:45:20.5742730Z 174 |         signer: any TeleportSEPSigning = SecureEnclaveSigner()
2026-08-10T23:45:20.5743570Z     |                                          `- warning: call to main actor-isolated initializer 'init()' in a synchronous nonisolated context [#ActorIsolatedCall]
2026-08-10T23:45:20.5744440Z 175 |     ) {
2026-08-10T23:45:20.5744820Z 176 |         self.httpClient = httpClient
2026-08-10T23:45:20.5745050Z 
2026-08-10T23:45:20.5745950Z /Users/runner/work/vvterm/vvterm/VVTerm/Features/Teleport/Infrastructure/SEPWebAuthn/SecureEnclaveSigner.swift:113:12: note: calls to initializer 'init()' from outside of its actor context are implicitly asynchronous
2026-08-10T23:45:20.5747410Z 111 |     private let queue = DispatchQueue(label: "vvterm.sep-webauthn.sep-signer")
2026-08-10T23:45:20.5748000Z 112 | 
2026-08-10T23:45:20.5748310Z 113 |     public init() {}
2026-08-10T23:45:20.5749030Z     |            |- note: calls to initializer 'init()' from outside of its actor context are implicitly asynchronous
2026-08-10T23:45:20.5749900Z     |            `- note: main actor isolation inferred from conformance to protocol 'WebAuthnSigner'
2026-08-10T23:45:20.5750480Z 114 | 
2026-08-10T23:45:20.5750800Z 115 |     // MARK: - WebAuthnSigner (builder-facing)
2026-08-10T23:45:20.5751180Z 
2026-08-10T23:45:20.5752090Z /Users/runner/work/vvterm/vvterm/VVTerm/Features/Teleport/Application/TeleportKeyRing.swift:155:43: warning: call to main actor-isolated initializer 'init()' in a synchronous nonisolated context [#ActorIsolatedCall]
2026-08-10T23:45:20.5753380Z 153 |     private let logger = Logger.forCategory("teleport-keyring")
2026-08-10T23:45:20.5753870Z 154 | 
2026-08-10T23:45:20.5754440Z 155 |     init(signer: any TeleportSEPSigning = SecureEnclaveSigner()) {
2026-08-10T23:45:20.5755420Z     |                                           `- warning: call to main actor-isolated initializer 'init()' in a synchronous nonisolated context [#ActorIsolatedCall]
2026-08-10T23:45:20.5756290Z 156 |         self.signer = signer
2026-08-10T23:45:20.5756620Z 157 |         load()
2026-08-10T23:45:20.5756860Z 
2026-08-10T23:45:20.5757820Z /Users/runner/work/vvterm/vvterm/VVTerm/Features/Teleport/Infrastructure/SEPWebAuthn/SecureEnclaveSigner.swift:113:12: note: calls to initializer 'init()' from outside of its actor context are implicitly asynchronous
2026-08-10T23:45:20.5759370Z 111 |     private let queue = DispatchQueue(label: "vvterm.sep-webauthn.sep-signer")
2026-08-10T23:45:20.5760260Z 112 | 
2026-08-10T23:45:20.5760610Z 113 |     public init() {}
2026-08-10T23:45:20.5761260Z     |            |- note: calls to initializer 'init()' from outside of its actor context are implicitly asynchronous
2026-08-10T23:45:20.5762890Z     |            `- note: main actor isolation inferred from conformance to protocol 'WebAuthnSigner'
2026-08-10T23:45:20.5763670Z 114 | 
2026-08-10T23:45:20.5764030Z 115 |     // MARK: - WebAuthnSigner (builder-facing)
2026-08-10T23:45:20.5764370Z 
2026-08-10T23:45:20.5765350Z /Users/runner/work/vvterm/vvterm/VVTerm/Features/Teleport/Application/TeleportLoginCoordinator.swift:120:42: warning: call to main actor-isolated initializer 'init()' in a synchronous nonisolated context [#ActorIsolatedCall]
2026-08-10T23:45:20.5766850Z 118 |         httpClient: any TeleportHTTPClienting,
2026-08-10T23:45:20.5767460Z 119 |         keyRing: any TeleportKeyRingStoring,
2026-08-10T23:45:20.5768090Z 120 |         signer: any TeleportSEPSigning = SecureEnclaveSigner(),
2026-08-10T23:45:20.5768980Z     |                                          `- warning: call to main actor-isolated initializer 'init()' in a synchronous nonisolated context [#ActorIsolatedCall]
2026-08-10T23:45:20.5770120Z 121 |         webAuthnBuilder: any TeleportWebAuthnBuilding = TeleportWebAuthnBuilder()
2026-08-10T23:45:20.5770770Z 122 |     ) {
2026-08-10T23:45:20.5771120Z 
2026-08-10T23:45:20.5772520Z /Users/runner/work/vvterm/vvterm/VVTerm/Features/Teleport/Infrastructure/SEPWebAuthn/SecureEnclaveSigner.swift:113:12: note: calls to initializer 'init()' from outside of its actor context are implicitly asynchronous
2026-08-10T23:45:20.5773860Z 111 |     private let queue = DispatchQueue(label: "vvterm.sep-webauthn.sep-signer")
2026-08-10T23:45:20.5774440Z 112 | 
2026-08-10T23:45:20.5774750Z 113 |     public init() {}
2026-08-10T23:45:20.5775350Z     |            |- note: calls to initializer 'init()' from outside of its actor context are implicitly asynchronous
2026-08-10T23:45:20.5776310Z     |            `- note: main actor isolation inferred from conformance to protocol 'WebAuthnSigner'
2026-08-10T23:45:20.5776930Z 114 | 
2026-08-10T23:45:20.5777260Z 115 |     // MARK: - WebAuthnSigner (builder-facing)
2026-08-10T23:45:20.5777590Z 
2026-08-10T23:45:20.5778610Z /Users/runner/work/vvterm/vvterm/VVTerm/Features/Teleport/Application/TeleportLoginCoordinator.swift:121:57: warning: call to main actor-isolated initializer 'init()' in a synchronous nonisolated context [#ActorIsolatedCall]
2026-08-10T23:45:20.5779820Z 119 |         keyRing: any TeleportKeyRingStoring,
2026-08-10T23:45:20.5780470Z 120 |         signer: any TeleportSEPSigning = SecureEnclaveSigner(),
2026-08-10T23:45:20.5781140Z 121 |         webAuthnBuilder: any TeleportWebAuthnBuilding = TeleportWebAuthnBuilder()
2026-08-10T23:45:20.5782190Z     |                                                         `- warning: call to main actor-isolated initializer 'init()' in a synchronous nonisolated context [#ActorIsolatedCall]
2026-08-10T23:45:20.5783020Z 122 |     ) {
2026-08-10T23:45:20.5783390Z 123 |         self.httpClient = httpClient
2026-08-10T23:45:20.5783730Z 
2026-08-10T23:45:20.5784640Z /Users/runner/work/vvterm/vvterm/VVTerm/Features/Teleport/Application/TeleportInfrastructureProtocols.swift:238:13: note: calls to initializer 'init()' from outside of its actor context are implicitly asynchronous
2026-08-10T23:45:20.5785950Z 236 | 
2026-08-10T23:45:20.5789900Z 237 | /// The concrete WebAuthn builder — forwards to the static `WebAuthn` methods.
2026-08-10T23:45:20.5790730Z 238 | final class TeleportWebAuthnBuilder: TeleportWebAuthnBuilding {
2026-08-10T23:45:20.5791500Z     |             |- note: calls to initializer 'init()' from outside of its actor context are implicitly asynchronous
2026-08-10T23:45:20.5792380Z     |             `- note: main actor isolation inferred from conformance to protocol 'TeleportWebAuthnBuilding'
2026-08-10T23:45:20.5793200Z 239 |     func register(
2026-08-10T23:45:20.5793670Z 240 |         origin: String,
2026-08-10T23:45:20.5794040Z 
2026-08-10T23:45:21.0458310Z /Users/runner/work/vvterm/vvterm/VVTerm/Features/Teleport/Application/TeleportRegistrationCoordinator.swift:142:42: warning: call to main actor-isolated initializer 'init()' in a synchronous nonisolated context [#ActorIsolatedCall]
2026-08-10T23:45:21.0583260Z 140 |         browserMFACeremony: any BrowserMFACeremonyRunning,
2026-08-10T23:45:21.0709770Z 141 |         keyRing: any TeleportKeyRingStoring,
2026-08-10T23:45:21.0819900Z 142 |         signer: any TeleportSEPSigning = SecureEnclaveSigner(),
2026-08-10T23:45:21.0933170Z     |                                          `- warning: call to main actor-isolated initializer 'init()' in a synchronous nonisolated context [#ActorIsolatedCall]
2026-08-10T23:45:21.1061170Z 143 |         webAuthnBuilder: any TeleportWebAuthnBuilding = TeleportWebAuthnBuilder()
2026-08-10T23:45:21.1179150Z 144 |     ) {
2026-08-10T23:45:21.1306440Z 
2026-08-10T23:45:21.1410590Z /Users/runner/work/vvterm/vvterm/VVTerm/Features/Teleport/Infrastructure/SEPWebAuthn/SecureEnclaveSigner.swift:113:12: note: calls to initializer 'init()' from outside of its actor context are implicitly asynchronous
2026-08-10T23:45:21.1413800Z 111 |     private let queue = DispatchQueue(label: "vvterm.sep-webauthn.sep-signer")
2026-08-10T23:45:21.1518230Z 112 | 
2026-08-10T23:45:21.1621520Z 113 |     public init() {}
2026-08-10T23:45:21.1727920Z     |            |- note: calls to initializer 'init()' from outside of its actor context are implicitly asynchronous
2026-08-10T23:45:21.1835660Z     |            `- note: main actor isolation inferred from conformance to protocol 'WebAuthnSigner'
2026-08-10T23:45:21.1939440Z 114 | 
2026-08-10T23:45:21.2046440Z 115 |     // MARK: - WebAuthnSigner (builder-facing)
2026-08-10T23:45:21.2151900Z 
2026-08-10T23:45:21.2254410Z /Users/runner/work/vvterm/vvterm/VVTerm/Features/Teleport/Application/TeleportRegistrationCoordinator.swift:143:57: warning: call to main actor-isolated initializer 'init()' in a synchronous nonisolated context [#ActorIsolatedCall]
2026-08-10T23:45:21.2358610Z 141 |         keyRing: any TeleportKeyRingStoring,
2026-08-10T23:45:21.2460730Z 142 |         signer: any TeleportSEPSigning = SecureEnclaveSigner(),
2026-08-10T23:45:21.2570350Z 143 |         webAuthnBuilder: any TeleportWebAuthnBuilding = TeleportWebAuthnBuilder()
2026-08-10T23:45:21.2674250Z     |                                                         `- warning: call to main actor-isolated initializer 'init()' in a synchronous nonisolated context [#ActorIsolatedCall]
2026-08-10T23:45:21.2776110Z 144 |     ) {
2026-08-10T23:45:21.2877700Z 145 |         self.grpcClient = grpcClient
2026-08-10T23:45:21.2979660Z 
2026-08-10T23:45:21.3082510Z /Users/runner/work/vvterm/vvterm/VVTerm/Features/Teleport/Application/TeleportInfrastructureProtocols.swift:238:13: note: calls to initializer 'init()' from outside of its actor context are implicitly asynchronous
2026-08-10T23:45:21.3187440Z 236 | 
2026-08-10T23:45:21.3290540Z 237 | /// The concrete WebAuthn builder — forwards to the static `WebAuthn` methods.
2026-08-10T23:45:21.3392820Z 238 | final class TeleportWebAuthnBuilder: TeleportWebAuthnBuilding {
2026-08-10T23:45:21.3495600Z     |             |- note: calls to initializer 'init()' from outside of its actor context are implicitly asynchronous
2026-08-10T23:45:21.3607230Z     |             `- note: main actor isolation inferred from conformance to protocol 'TeleportWebAuthnBuilding'
2026-08-10T23:45:21.3711780Z 239 |     func register(
2026-08-10T23:45:21.3813650Z 240 |         origin: String,
2026-08-10T23:45:21.3915150Z 
2026-08-10T23:45:21.4021430Z /Users/runner/work/vvterm/vvterm/VVTerm/Features/Teleport/Infrastructure/iotest_mfa.pb.swift:780:58: warning: 'init(dictionaryLiteral:)' is deprecated: Please regenerate your .pb.swift files with the current version of the SwiftProtobuf protoc plugin. [#DeprecatedDeclaration]
2026-08-10T23:45:21.4131150Z  778 | 
2026-08-10T23:45:21.4232810Z  779 | extension Proto_ChallengeScope: SwiftProtobuf._ProtoNameProviding {
2026-08-10T23:45:21.4339040Z  780 |   static let _protobuf_nameMap: SwiftProtobuf._NameMap = [
2026-08-10T23:45:21.4446020Z      |                                                          `- warning: 'init(dictionaryLiteral:)' is deprecated: Please regenerate your .pb.swift files with the current version of the SwiftProtobuf protoc plugin. [#DeprecatedDeclaration]
2026-08-10T23:45:21.4558630Z  781 |     0: .same(proto: "CHALLENGE_SCOPE_UNSPECIFIED"),
2026-08-10T23:45:21.4667010Z  782 |     1: .same(proto: "CHALLENGE_SCOPE_LOGIN"),
2026-08-10T23:45:21.4774420Z 
2026-08-10T23:45:21.4888860Z /Users/runner/work/vvterm/vvterm/VVTerm/Features/Teleport/Infrastructure/iotest_mfa.pb.swift:792:58: warning: 'init(dictionaryLiteral:)' is deprecated: Please regenerate your .pb.swift files with the current version of the SwiftProtobuf protoc plugin. [#DeprecatedDeclaration]
2026-08-10T23:45:21.5006050Z  790 | 
2026-08-10T23:45:21.5130830Z  791 | extension Proto_DeviceUsage: SwiftProtobuf._ProtoNameProviding {
2026-08-10T23:45:21.5234100Z  792 |   static let _protobuf_nameMap: SwiftProtobuf._NameMap = [
2026-08-10T23:45:21.5338740Z      |                                                          `- warning: 'init(dictionaryLiteral:)' is deprecated: Please regenerate your .pb.swift files with the current version of the SwiftProtobuf protoc plugin. [#DeprecatedDeclaration]
2026-08-10T23:45:21.5464000Z  793 |     0: .same(proto: "DEVICE_USAGE_UNSPECIFIED"),
2026-08-10T23:45:21.5577740Z  794 |     1: .same(proto: "DEVICE_USAGE_MFA"),
2026-08-10T23:45:21.5679450Z 
2026-08-10T23:45:21.5787770Z /Users/runner/work/vvterm/vvterm/VVTerm/Features/Teleport/Infrastructure/iotest_mfa.pb.swift:800:58: warning: 'init(dictionaryLiteral:)' is deprecated: Please regenerate your .pb.swift files with the current version of the SwiftProtobuf protoc plugin. [#DeprecatedDeclaration]
2026-08-10T23:45:21.5885260Z  798 | 
2026-08-10T23:45:21.5987960Z  799 | extension Proto_DeviceType: SwiftProtobuf._ProtoNameProviding {
2026-08-10T23:45:21.6092330Z  800 |   static let _protobuf_nameMap: SwiftProtobuf._NameMap = [
2026-08-10T23:45:21.6197960Z      |                                                          `- warning: 'init(dictionaryLiteral:)' is deprecated: Please regenerate your .pb.swift files with the current version of the SwiftProtobuf protoc plugin. [#DeprecatedDeclaration]
2026-08-10T23:45:21.6303650Z  801 |     0: .same(proto: "DEVICE_TYPE_UNSPECIFIED"),
2026-08-10T23:45:21.6407730Z  802 |     1: .same(proto: "DEVICE_TYPE_TOTP"),
2026-08-10T23:45:21.6514890Z 
2026-08-10T23:45:21.6623920Z /Users/runner/work/vvterm/vvterm/VVTerm/Features/Teleport/Infrastructure/iotest_mfa.pb.swift:808:41: warning: main actor-isolated let '_protobuf_package' can not be referenced from a nonisolated context
2026-08-10T23:45:21.6729030Z  775 | // MARK: - Code below here is support for the SwiftProtobuf runtime.
2026-08-10T23:45:21.6841030Z  776 | 
2026-08-10T23:45:21.6946640Z  777 | fileprivate let _protobuf_package = "proto"
2026-08-10T23:45:21.7050360Z      |                 `- note: let declared here
2026-08-10T23:45:21.7152090Z  778 | 
2026-08-10T23:45:21.7254960Z  779 | extension Proto_ChallengeScope: SwiftProtobuf._ProtoNameProviding {
2026-08-10T23:45:21.7356690Z      :
2026-08-10T23:45:21.7463190Z  806 | 
2026-08-10T23:45:21.7572930Z  807 | nonisolated extension Proto_ContextUser: SwiftProtobuf.Message, SwiftProtobuf._MessageImplementationBase, SwiftProtobuf._ProtoNameProviding {
2026-08-10T23:45:21.7674790Z  808 |   static let protoMessageName: String = _protobuf_package + ".ContextUser"
2026-08-10T23:45:21.7776940Z      |                                         `- warning: main actor-isolated let '_protobuf_package' can not be referenced from a nonisolated context
2026-08-10T23:45:21.7879640Z  809 |   static let _protobuf_nameMap = SwiftProtobuf._NameMap()
2026-08-10T23:45:21.7981480Z  810 | 
2026-08-10T23:45:21.8083150Z 
2026-08-10T23:45:21.8185230Z /Users/runner/work/vvterm/vvterm/VVTerm/Features/Teleport/Infrastructure/iotest_mfa.pb.swift:827:41: warning: main actor-isolated let '_protobuf_package' can not be referenced from a nonisolated context
2026-08-10T23:45:21.8296670Z  775 | // MARK: - Code below here is support for the SwiftProtobuf runtime.
2026-08-10T23:45:21.8398680Z  776 | 
2026-08-10T23:45:21.8502790Z  777 | fileprivate let _protobuf_package = "proto"
2026-08-10T23:45:21.8607880Z      |                 `- note: let declared here
2026-08-10T23:45:21.8711290Z  778 | 
2026-08-10T23:45:21.8812830Z  779 | extension Proto_ChallengeScope: SwiftProtobuf._ProtoNameProviding {
2026-08-10T23:45:21.8915570Z      :
2026-08-10T23:45:21.9018260Z  825 | 
2026-08-10T23:45:21.9134100Z  826 | nonisolated extension Proto_Passwordless: SwiftProtobuf.Message, SwiftProtobuf._MessageImplementationBase, SwiftProtobuf._ProtoNameProviding {
2026-08-10T23:45:21.9238330Z  827 |   static let protoMessageName: String = _protobuf_package + ".Passwordless"
2026-08-10T23:45:21.9240410Z      |                                         `- warning: main actor-isolated let '_protobuf_package' can not be referenced from a nonisolated context
2026-08-10T23:45:21.9341860Z  828 |   static let _protobuf_nameMap = SwiftProtobuf._NameMap()
2026-08-10T23:45:21.9443880Z  829 | 
2026-08-10T23:45:21.9545080Z 
2026-08-10T23:45:21.9648510Z /Users/runner/work/vvterm/vvterm/VVTerm/Features/Teleport/Infrastructure/iotest_mfa.pb.swift:846:41: warning: main actor-isolated let '_protobuf_package' can not be referenced from a nonisolated context
2026-08-10T23:45:21.9753250Z  775 | // MARK: - Code below here is support for the SwiftProtobuf runtime.
2026-08-10T23:45:21.9858350Z  776 | 
2026-08-10T23:45:21.9960320Z  777 | fileprivate let _protobuf_package = "proto"
2026-08-10T23:45:22.0064950Z      |                 `- note: let declared here
2026-08-10T23:45:22.0167730Z  778 | 
2026-08-10T23:45:22.0303020Z  779 | extension Proto_ChallengeScope: SwiftProtobuf._ProtoNameProviding {
2026-08-10T23:45:22.0432050Z      :
2026-08-10T23:45:22.0543750Z  844 | 
2026-08-10T23:45:22.0665700Z  845 | nonisolated extension Proto_ChallengeExtensions: SwiftProtobuf.Message, SwiftProtobuf._MessageImplementationBase, SwiftProtobuf._ProtoNameProviding {
2026-08-10T23:45:22.0778610Z  846 |   static let protoMessageName: String = _protobuf_package + ".ChallengeExtensions"
2026-08-10T23:45:22.0888300Z      |                                         `- warning: main actor-isolated let '_protobuf_package' can not be referenced from a nonisolated context
2026-08-10T23:45:22.0991190Z  847 |   static let _protobuf_nameMap: SwiftProtobuf._NameMap = [
2026-08-10T23:45:22.1102750Z  848 |     1: .same(proto: "scope"),
2026-08-10T23:45:22.1208240Z 
2026-08-10T23:45:22.1312900Z /Users/runner/work/vvterm/vvterm/VVTerm/Features/Teleport/Infrastructure/iotest_mfa.pb.swift:847:58: warning: 'init(dictionaryLiteral:)' is deprecated: Please regenerate your .pb.swift files with the current version of the SwiftProtobuf protoc plugin. [#DeprecatedDeclaration]
2026-08-10T23:45:22.1417420Z  845 | nonisolated extension Proto_ChallengeExtensions: SwiftProtobuf.Message, SwiftProtobuf._MessageImplementationBase, SwiftProtobuf._ProtoNameProviding {
2026-08-10T23:45:22.1519790Z  846 |   static let protoMessageName: String = _protobuf_package + ".ChallengeExtensions"
2026-08-10T23:45:22.1623050Z  847 |   static let _protobuf_nameMap: SwiftProtobuf._NameMap = [
2026-08-10T23:45:22.1729190Z      |                                                          `- warning: 'init(dictionaryLiteral:)' is deprecated: Please regenerate your .pb.swift files with the current version of the SwiftProtobuf protoc plugin. [#DeprecatedDeclaration]
2026-08-10T23:45:22.1833950Z  848 |     1: .same(proto: "scope"),
2026-08-10T23:45:22.1936780Z  849 |   ]
2026-08-10T23:45:22.2038400Z 
2026-08-10T23:45:22.2146100Z /Users/runner/work/vvterm/vvterm/VVTerm/Features/Teleport/Infrastructure/iotest_mfa.pb.swift:878:41: warning: main actor-isolated let '_protobuf_package' can not be referenced from a nonisolated context
2026-08-10T23:45:22.2250930Z  775 | // MARK: - Code below here is support for the SwiftProtobuf runtime.
2026-08-10T23:45:22.2255260Z  776 | 
2026-08-10T23:45:22.2359320Z  777 | fileprivate let _protobuf_package = "proto"
2026-08-10T23:45:22.2497520Z      |                 `- note: let declared here
2026-08-10T23:45:22.2611290Z  778 | 
2026-08-10T23:45:22.2741860Z  779 | extension Proto_ChallengeScope: SwiftProtobuf._ProtoNameProviding {
2026-08-10T23:45:22.2847110Z      :
2026-08-10T23:45:22.2948810Z  876 | 
2026-08-10T23:45:22.3050710Z  877 | nonisolated extension Proto_CredentialAssertion: SwiftProtobuf.Message, SwiftProtobuf._MessageImplementationBase, SwiftProtobuf._ProtoNameProviding {
2026-08-10T23:45:22.3154120Z  878 |   static let protoMessageName: String = _protobuf_package + ".CredentialAssertion"
2026-08-10T23:45:22.3256480Z      |                                         `- warning: main actor-isolated let '_protobuf_package' can not be referenced from a nonisolated context
2026-08-10T23:45:22.3358910Z  879 |   static let _protobuf_nameMap: SwiftProtobuf._NameMap = [
2026-08-10T23:45:22.3493860Z  880 |     1: .standard(proto: "public_key"),
2026-08-10T23:45:22.3511870Z 
2026-08-10T23:45:22.3624690Z /Users/runner/work/vvterm/vvterm/VVTerm/Features/Teleport/Infrastructure/iotest_mfa.pb.swift:879:58: warning: 'init(dictionaryLiteral:)' is deprecated: Please regenerate your .pb.swift files with the current version of the SwiftProtobuf protoc plugin. [#DeprecatedDeclaration]
2026-08-10T23:45:22.3818070Z  877 | nonisolated extension Proto_CredentialAssertion: SwiftProtobuf.Message, SwiftProtobuf._MessageImplementationBase, SwiftProtobuf._ProtoNameProviding {
2026-08-10T23:45:22.3921250Z  878 |   static let protoMessageName: String = _protobuf_package + ".CredentialAssertion"
2026-08-10T23:45:22.4023880Z  879 |   static let _protobuf_nameMap: SwiftProtobuf._NameMap = [
2026-08-10T23:45:22.4127400Z      |                                                          `- warning: 'init(dictionaryLiteral:)' is deprecated: Please regenerate your .pb.swift files with the current version of the SwiftProtobuf protoc plugin. [#DeprecatedDeclaration]
2026-08-10T23:45:22.4230760Z  880 |     1: .standard(proto: "public_key"),
2026-08-10T23:45:22.4331770Z  881 |   ]
2026-08-10T23:45:22.4433460Z 
2026-08-10T23:45:22.4537820Z /Users/runner/work/vvterm/vvterm/VVTerm/Features/Teleport/Infrastructure/iotest_mfa.pb.swift:914:41: warning: main actor-isolated let '_protobuf_package' can not be referenced from a nonisolated context
2026-08-10T23:45:22.4641110Z  775 | // MARK: - Code below here is support for the SwiftProtobuf runtime.
2026-08-10T23:45:22.4755340Z  776 | 
2026-08-10T23:45:22.4876270Z  777 | fileprivate let _protobuf_package = "proto"
2026-08-10T23:45:22.4991540Z      |                 `- note: let declared here
2026-08-10T23:45:22.5114600Z  778 | 
2026-08-10T23:45:22.5217120Z  779 | extension Proto_ChallengeScope: SwiftProtobuf._ProtoNameProviding {
2026-08-10T23:45:22.5319070Z      :
2026-08-10T23:45:22.5419970Z  912 | 
2026-08-10T23:45:22.5542440Z  913 | nonisolated extension Proto_PublicKeyCredentialRequestOptions: SwiftProtobuf.Message, SwiftProtobuf._MessageImplementationBase, SwiftProtobuf._ProtoNameProviding {
2026-08-10T23:45:22.5659420Z  914 |   static let protoMessageName: String = _protobuf_package + ".PublicKeyCredentialRequestOptions"
2026-08-10T23:45:22.5779160Z      |                                         `- warning: main actor-isolated let '_protobuf_package' can not be referenced from a nonisolated context
2026-08-10T23:45:22.5908150Z  915 |   static let _protobuf_nameMap: SwiftProtobuf._NameMap = [
2026-08-10T23:45:22.6010570Z  916 |     1: .same(proto: "challenge"),
2026-08-10T23:45:22.6142240Z 
2026-08-10T23:45:22.6248040Z /Users/runner/work/vvterm/vvterm/VVTerm/Features/Teleport/Infrastructure/iotest_mfa.pb.swift:915:58: warning: 'init(dictionaryLiteral:)' is deprecated: Please regenerate your .pb.swift files with the current version of the SwiftProtobuf protoc plugin. [#DeprecatedDeclaration]
2026-08-10T23:45:22.6382270Z  913 | nonisolated extension Proto_PublicKeyCredentialRequestOptions: SwiftProtobuf.Message, SwiftProtobuf._MessageImplementationBase, SwiftProtobuf._ProtoNameProviding {
2026-08-10T23:45:22.6484260Z  914 |   static let protoMessageName: String = _protobuf_package + ".PublicKeyCredentialRequestOptions"
2026-08-10T23:45:22.6586590Z  915 |   static let _protobuf_nameMap: SwiftProtobuf._NameMap = [
2026-08-10T23:45:22.6691150Z      |                                                          `- warning: 'init(dictionaryLiteral:)' is deprecated: Please regenerate your .pb.swift files with the current version of the SwiftProtobuf protoc plugin. [#DeprecatedDeclaration]
2026-08-10T23:45:22.6793630Z  916 |     1: .same(proto: "challenge"),
2026-08-10T23:45:22.6897730Z  917 |     2: .standard(proto: "timeout_ms"),
2026-08-10T23:45:22.6998700Z 
2026-08-10T23:45:22.7101720Z /Users/runner/work/vvterm/vvterm/VVTerm/Features/Teleport/Infrastructure/iotest_mfa.pb.swift:970:41: warning: main actor-isolated let '_protobuf_package' can not be referenced from a nonisolated context
2026-08-10T23:45:22.7208200Z  775 | // MARK: - Code below here is support for the SwiftProtobuf runtime.
2026-08-10T23:45:22.7335200Z  776 | 
2026-08-10T23:45:22.7446990Z  777 | fileprivate let _protobuf_package = "proto"
2026-08-10T23:45:22.7553320Z      |                 `- note: let declared here
2026-08-10T23:45:22.7661330Z  778 | 
2026-08-10T23:45:22.7764660Z  779 | extension Proto_ChallengeScope: SwiftProtobuf._ProtoNameProviding {
2026-08-10T23:45:22.7878760Z      :
2026-08-10T23:45:22.7984850Z  968 | 
2026-08-10T23:45:22.8086640Z  969 | nonisolated extension Proto_CredentialDescriptor: SwiftProtobuf.Message, SwiftProtobuf._MessageImplementationBase, SwiftProtobuf._ProtoNameProviding {
2026-08-10T23:45:22.8193940Z  970 |   static let protoMessageName: String = _protobuf_package + ".CredentialDescriptor"
2026-08-10T23:45:22.8299120Z      |                                         `- warning: main actor-isolated let '_protobuf_package' can not be referenced from a nonisolated context
2026-08-10T23:45:22.8402310Z  971 |   static let _protobuf_nameMap: SwiftProtobuf._NameMap = [
2026-08-10T23:45:22.8503750Z  972 |     1: .same(proto: "type"),
2026-08-10T23:45:22.8604960Z 
2026-08-10T23:45:22.8707090Z /Users/runner/work/vvterm/vvterm/VVTerm/Features/Teleport/Infrastructure/iotest_mfa.pb.swift:971:58: warning: 'init(dictionaryLiteral:)' is deprecated: Please regenerate your .pb.swift files with the current version of the SwiftProtobuf protoc plugin. [#DeprecatedDeclaration]
2026-08-10T23:45:22.8811110Z  969 | nonisolated extension Proto_CredentialDescriptor: SwiftProtobuf.Message, SwiftProtobuf._MessageImplementationBase, SwiftProtobuf._ProtoNameProviding {
2026-08-10T23:45:22.8914840Z  970 |   static let protoMessageName: String = _protobuf_package + ".CredentialDescriptor"
2026-08-10T23:45:22.9016990Z  971 |   static let _protobuf_nameMap: SwiftProtobuf._NameMap = [
2026-08-10T23:45:22.9119890Z      |                                                          `- warning: 'init(dictionaryLiteral:)' is deprecated: Please regenerate your .pb.swift files with the current version of the SwiftProtobuf protoc plugin. [#DeprecatedDeclaration]
2026-08-10T23:45:22.9222980Z  972 |     1: .same(proto: "type"),
2026-08-10T23:45:22.9324670Z  973 |     2: .same(proto: "id"),
2026-08-10T23:45:22.9426840Z 
2026-08-10T23:45:22.9533760Z /Users/runner/work/vvterm/vvterm/VVTerm/Features/Teleport/Infrastructure/iotest_mfa.pb.swift:1014:41: warning: main actor-isolated let '_protobuf_package' can not be referenced from a nonisolated context
2026-08-10T23:45:22.9636110Z  775 | // MARK: - Code below here is support for the SwiftProtobuf runtime.
2026-08-10T23:45:22.9737580Z  776 | 
2026-08-10T23:45:22.9852270Z  777 | fileprivate let _protobuf_package = "proto"
2026-08-10T23:45:22.9955070Z      |                 `- note: let declared here
2026-08-10T23:45:23.0061460Z  778 | 
2026-08-10T23:45:23.0164350Z  779 | extension Proto_ChallengeScope: SwiftProtobuf._ProtoNameProviding {
2026-08-10T23:45:23.0267150Z      :
2026-08-10T23:45:23.0375010Z 1012 | 
2026-08-10T23:45:23.0511070Z 1013 | nonisolated extension Proto_CredentialAssertionResponse: SwiftProtobuf.Message, SwiftProtobuf._MessageImplementationBase, SwiftProtobuf._ProtoNameProviding {
2026-08-10T23:45:23.0624490Z 1014 |   static let protoMessageName: String = _protobuf_package + ".CredentialAssertionResponse"
2026-08-10T23:45:23.0727540Z      |                                         `- warning: main actor-isolated let '_protobuf_package' can not be referenced from a nonisolated context
2026-08-10T23:45:23.0829200Z 1015 |   static let _protobuf_nameMap: SwiftProtobuf._NameMap = [
2026-08-10T23:45:23.0931680Z 1016 |     5: .same(proto: "id"),
2026-08-10T23:45:23.1033570Z 
2026-08-10T23:45:23.1143370Z /Users/runner/work/vvterm/vvterm/VVTerm/Features/Teleport/Infrastructure/iotest_mfa.pb.swift:1015:58: warning: 'init(dictionaryLiteral:)' is deprecated: Please regenerate your .pb.swift files with the current version of the SwiftProtobuf protoc plugin. [#DeprecatedDeclaration]
2026-08-10T23:45:23.1246880Z 1013 | nonisolated extension Proto_CredentialAssertionResponse: SwiftProtobuf.Message, SwiftProtobuf._MessageImplementationBase, SwiftProtobuf._ProtoNameProviding {
2026-08-10T23:45:23.1351240Z 1014 |   static let protoMessageName: String = _protobuf_package + ".CredentialAssertionResponse"
2026-08-10T23:45:23.1471870Z 1015 |   static let _protobuf_nameMap: SwiftProtobuf._NameMap = [
2026-08-10T23:45:23.1507330Z      |                                                          `- warning: 'init(dictionaryLiteral:)' is deprecated: Please regenerate your .pb.swift files with the current version of the SwiftProtobuf protoc plugin. [#DeprecatedDeclaration]
2026-08-10T23:45:23.1642050Z 1016 |     5: .same(proto: "id"),
2026-08-10T23:45:23.1754150Z 1017 |     1: .same(proto: "type"),
2026-08-10T23:45:23.1884550Z 
2026-08-10T23:45:23.2034900Z /Users/runner/work/vvterm/vvterm/VVTerm/Features/Teleport/Infrastructure/iotest_mfa.pb.swift:1068:41: warning: main actor-isolated let '_protobuf_package' can not be referenced from a nonisolated context
2026-08-10T23:45:23.2175050Z  775 | // MARK: - Code below here is support for the SwiftProtobuf runtime.
2026-08-10T23:45:23.2302750Z  776 | 
2026-08-10T23:45:23.2433160Z  777 | fileprivate let _protobuf_package = "proto"
2026-08-10T23:45:23.2543000Z      |                 `- note: let declared here
2026-08-10T23:45:23.2644650Z  778 | 
2026-08-10T23:45:23.2752750Z  779 | extension Proto_ChallengeScope: SwiftProtobuf._ProtoNameProviding {
2026-08-10T23:45:23.2860760Z      :
2026-08-10T23:45:23.2961750Z 1066 | 
2026-08-10T23:45:23.3064050Z 1067 | nonisolated extension Proto_AuthenticatorAssertionResponse: SwiftProtobuf.Message, SwiftProtobuf._MessageImplementationBase, SwiftProtobuf._ProtoNameProviding {
2026-08-10T23:45:23.3172350Z 1068 |   static let protoMessageName: String = _protobuf_package + ".AuthenticatorAssertionResponse"
2026-08-10T23:45:23.3282090Z      |                                         `- warning: main actor-isolated let '_protobuf_package' can not be referenced from a nonisolated context
2026-08-10T23:45:23.3384610Z 1069 |   static let _protobuf_nameMap: SwiftProtobuf._NameMap = [
2026-08-10T23:45:23.3486080Z 1070 |     1: .standard(proto: "client_data_json"),
2026-08-10T23:45:23.3587820Z 
2026-08-10T23:45:23.3691540Z /Users/runner/work/vvterm/vvterm/VVTerm/Features/Teleport/Infrastructure/iotest_mfa.pb.swift:1069:58: warning: 'init(dictionaryLiteral:)' is deprecated: Please regenerate your .pb.swift files with the current version of the SwiftProtobuf protoc plugin. [#DeprecatedDeclaration]
2026-08-10T23:45:23.3795070Z 1067 | nonisolated extension Proto_AuthenticatorAssertionResponse: SwiftProtobuf.Message, SwiftProtobuf._MessageImplementationBase, SwiftProtobuf._ProtoNameProviding {
2026-08-10T23:45:23.3902530Z 1068 |   static let protoMessageName: String = _protobuf_package + ".AuthenticatorAssertionResponse"
2026-08-10T23:45:23.4005910Z 1069 |   static let _protobuf_nameMap: SwiftProtobuf._NameMap = [
2026-08-10T23:45:23.4108700Z      |                                                          `- warning: 'init(dictionaryLiteral:)' is deprecated: Please regenerate your .pb.swift files with the current version of the SwiftProtobuf protoc plugin. [#DeprecatedDeclaration]
2026-08-10T23:45:23.4212560Z 1070 |     1: .standard(proto: "client_data_json"),
2026-08-10T23:45:23.4315690Z 1071 |     2: .standard(proto: "authenticator_data"),
2026-08-10T23:45:23.4416760Z 
2026-08-10T23:45:23.4521350Z /Users/runner/work/vvterm/vvterm/VVTerm/Features/Teleport/Infrastructure/iotest_mfa.pb.swift:1118:41: warning: main actor-isolated let '_protobuf_package' can not be referenced from a nonisolated context
2026-08-10T23:45:23.4627830Z  775 | // MARK: - Code below here is support for the SwiftProtobuf runtime.
2026-08-10T23:45:23.4730380Z  776 | 
2026-08-10T23:45:23.4831660Z  777 | fileprivate let _protobuf_package = "proto"
2026-08-10T23:45:23.4935890Z      |                 `- note: let declared here
2026-08-10T23:45:23.5037880Z  778 | 
2026-08-10T23:45:23.5139550Z  779 | extension Proto_ChallengeScope: SwiftProtobuf._ProtoNameProviding {
2026-08-10T23:45:23.5242860Z      :
2026-08-10T23:45:23.5345630Z 1116 | 
2026-08-10T23:45:23.5447110Z 1117 | nonisolated extension Proto_CredentialCreation: SwiftProtobuf.Message, SwiftProtobuf._MessageImplementationBase, SwiftProtobuf._ProtoNameProviding {
2026-08-10T23:45:23.5550140Z 1118 |   static let protoMessageName: String = _protobuf_package + ".CredentialCreation"
2026-08-10T23:45:23.5659300Z      |                                         `- warning: main actor-isolated let '_protobuf_package' can not be referenced from a nonisolated context
2026-08-10T23:45:23.5767750Z 1119 |   static let _protobuf_nameMap: SwiftProtobuf._NameMap = [
2026-08-10T23:45:23.5870090Z 1120 |     1: .standard(proto: "public_key"),
2026-08-10T23:45:23.5972110Z 
2026-08-10T23:45:23.6084820Z /Users/runner/work/vvterm/vvterm/VVTerm/Features/Teleport/Infrastructure/iotest_mfa.pb.swift:1119:58: warning: 'init(dictionaryLiteral:)' is deprecated: Please regenerate your .pb.swift files with the current version of the SwiftProtobuf protoc plugin. [#DeprecatedDeclaration]
2026-08-10T23:45:23.6189140Z 1117 | nonisolated extension Proto_CredentialCreation: SwiftProtobuf.Message, SwiftProtobuf._MessageImplementationBase, SwiftProtobuf._ProtoNameProviding {
2026-08-10T23:45:23.6294550Z 1118 |   static let protoMessageName: String = _protobuf_package + ".CredentialCreation"
2026-08-10T23:45:23.6425430Z 1119 |   static let _protobuf_nameMap: SwiftProtobuf._NameMap = [
2026-08-10T23:45:23.6528170Z      |                                                          `- warning: 'init(dictionaryLiteral:)' is deprecated: Please regenerate your .pb.swift files with the current version of the SwiftProtobuf protoc plugin. [#DeprecatedDeclaration]
2026-08-10T23:45:23.6635290Z 1120 |     1: .standard(proto: "public_key"),
2026-08-10T23:45:23.6753060Z 1121 |   ]
2026-08-10T23:45:23.6868770Z 
2026-08-10T23:45:23.6997220Z /Users/runner/work/vvterm/vvterm/VVTerm/Features/Teleport/Infrastructure/iotest_mfa.pb.swift:1154:41: warning: main actor-isolated let '_protobuf_package' can not be referenced from a nonisolated context
2026-08-10T23:45:23.7102800Z  775 | // MARK: - Code below here is support for the SwiftProtobuf runtime.
2026-08-10T23:45:23.7206930Z  776 | 
2026-08-10T23:45:23.7314020Z  777 | fileprivate let _protobuf_package = "proto"
2026-08-10T23:45:23.7417000Z      |                 `- note: let declared here
2026-08-10T23:45:23.7526530Z  778 | 
2026-08-10T23:45:23.7633160Z  779 | extension Proto_ChallengeScope: SwiftProtobuf._ProtoNameProviding {
2026-08-10T23:45:23.7743520Z      :
2026-08-10T23:45:23.7854650Z 1152 | 
2026-08-10T23:45:23.7971390Z 1153 | nonisolated extension Proto_PublicKeyCredentialCreationOptions: SwiftProtobuf.Message, SwiftProtobuf._MessageImplementationBase, SwiftProtobuf._ProtoNameProviding {
2026-08-10T23:45:23.8079580Z 1154 |   static let protoMessageName: String = _protobuf_package + ".PublicKeyCredentialCreationOptions"
2026-08-10T23:45:23.8185160Z      |                                         `- warning: main actor-isolated let '_protobuf_package' can not be referenced from a nonisolated context
2026-08-10T23:45:23.8288240Z 1155 |   static let _protobuf_nameMap: SwiftProtobuf._NameMap = [
2026-08-10T23:45:23.8392620Z 1156 |     1: .same(proto: "challenge"),
2026-08-10T23:45:23.8493670Z 
2026-08-10T23:45:23.8599740Z /Users/runner/work/vvterm/vvterm/VVTerm/Features/Teleport/Infrastructure/iotest_mfa.pb.swift:1155:58: warning: 'init(dictionaryLiteral:)' is deprecated: Please regenerate your .pb.swift files with the current version of the SwiftProtobuf protoc plugin. [#DeprecatedDeclaration]
2026-08-10T23:45:23.8711090Z 1153 | nonisolated extension Proto_PublicKeyCredentialCreationOptions: SwiftProtobuf.Message, SwiftProtobuf._MessageImplementationBase, SwiftProtobuf._ProtoNameProviding {
2026-08-10T23:45:23.8814580Z 1154 |   static let protoMessageName: String = _protobuf_package + ".PublicKeyCredentialCreationOptions"
2026-08-10T23:45:23.8916950Z 1155 |   static let _protobuf_nameMap: SwiftProtobuf._NameMap = [
2026-08-10T23:45:23.9028210Z      |                                                          `- warning: 'init(dictionaryLiteral:)' is deprecated: Please regenerate your .pb.swift files with the current version of the SwiftProtobuf protoc plugin. [#DeprecatedDeclaration]
2026-08-10T23:45:23.9131140Z 1156 |     1: .same(proto: "challenge"),
2026-08-10T23:45:23.9241740Z 1157 |     2: .same(proto: "rp"),
2026-08-10T23:45:23.9364590Z 
2026-08-10T23:45:23.9482280Z /Users/runner/work/vvterm/vvterm/VVTerm/Features/Teleport/Infrastructure/iotest_mfa.pb.swift:1214:41: warning: main actor-isolated let '_protobuf_package' can not be referenced from a nonisolated context
2026-08-10T23:45:23.9597380Z  775 | // MARK: - Code below here is support for the SwiftProtobuf runtime.
2026-08-10T23:45:23.9710230Z  776 | 
2026-08-10T23:45:23.9828430Z  777 | fileprivate let _protobuf_package = "proto"
2026-08-10T23:45:23.9938450Z      |                 `- note: let declared here
2026-08-10T23:45:23.9995180Z  778 | 
2026-08-10T23:45:24.0096580Z  779 | extension Proto_ChallengeScope: SwiftProtobuf._ProtoNameProviding {
2026-08-10T23:45:24.0219260Z      :
2026-08-10T23:45:24.0324590Z 1212 | 
2026-08-10T23:45:24.0448010Z 1213 | nonisolated extension Proto_RelyingPartyEntity: SwiftProtobuf.Message, SwiftProtobuf._MessageImplementationBase, SwiftProtobuf._ProtoNameProviding {
2026-08-10T23:45:24.0580410Z 1214 |   static let protoMessageName: String = _protobuf_package + ".RelyingPartyEntity"
2026-08-10T23:45:24.0702730Z      |                                         `- warning: main actor-isolated let '_protobuf_package' can not be referenced from a nonisolated context
2026-08-10T23:45:24.0806920Z 1215 |   static let _protobuf_nameMap: SwiftProtobuf._NameMap = [
2026-08-10T23:45:24.0933820Z 1216 |     1: .same(proto: "id"),
2026-08-10T23:45:24.1069020Z 
2026-08-10T23:45:24.1177990Z /Users/runner/work/vvterm/vvterm/VVTerm/Features/Teleport/Infrastructure/iotest_mfa.pb.swift:1215:58: warning: 'init(dictionaryLiteral:)' is deprecated: Please regenerate your .pb.swift files with the current version of the SwiftProtobuf protoc plugin. [#DeprecatedDeclaration]
2026-08-10T23:45:24.1385060Z 1213 | nonisolated extension Proto_RelyingPartyEntity: SwiftProtobuf.Message, SwiftProtobuf._MessageImplementationBase, SwiftProtobuf._ProtoNameProviding {
2026-08-10T23:45:24.1456560Z 1214 |   static let protoMessageName: String = _protobuf_package + ".RelyingPartyEntity"
2026-08-10T23:45:24.1567870Z 1215 |   static let _protobuf_nameMap: SwiftProtobuf._NameMap = [
2026-08-10T23:45:24.1673560Z      |                                                          `- warning: 'init(dictionaryLiteral:)' is deprecated: Please regenerate your .pb.swift files with the current version of the SwiftProtobuf protoc plugin. [#DeprecatedDeclaration]
2026-08-10T23:45:24.1775690Z 1216 |     1: .same(proto: "id"),
2026-08-10T23:45:24.1892830Z 1217 |     2: .same(proto: "name"),
2026-08-10T23:45:24.1995690Z 
2026-08-10T23:45:24.2097640Z /Users/runner/work/vvterm/vvterm/VVTerm/Features/Teleport/Infrastructure/iotest_mfa.pb.swift:1252:41: warning: main actor-isolated let '_protobuf_package' can not be referenced from a nonisolated context
2026-08-10T23:45:24.2204680Z  775 | // MARK: - Code below here is support for the SwiftProtobuf runtime.
2026-08-10T23:45:24.2311230Z  776 | 
2026-08-10T23:45:24.2412160Z  777 | fileprivate let _protobuf_package = "proto"
2026-08-10T23:45:24.2518910Z      |                 `- note: let declared here
2026-08-10T23:45:24.2639270Z  778 | 
2026-08-10T23:45:24.2740270Z  779 | extension Proto_ChallengeScope: SwiftProtobuf._ProtoNameProviding {
2026-08-10T23:45:24.2841260Z      :
2026-08-10T23:45:24.2943240Z 1250 | 
2026-08-10T23:45:24.3046990Z 1251 | nonisolated extension Proto_UserEntity: SwiftProtobuf.Message, SwiftProtobuf._MessageImplementationBase, SwiftProtobuf._ProtoNameProviding {
2026-08-10T23:45:24.3148980Z 1252 |   static let protoMessageName: String = _protobuf_package + ".UserEntity"
2026-08-10T23:45:24.3250690Z      |                                         `- warning: main actor-isolated let '_protobuf_package' can not be referenced from a nonisolated context
2026-08-10T23:45:24.3350880Z 1253 |   static let _protobuf_nameMap: SwiftProtobuf._NameMap = [
2026-08-10T23:45:24.3451720Z 1254 |     1: .same(proto: "id"),
2026-08-10T23:45:24.3490830Z 
2026-08-10T23:45:24.3601910Z /Users/runner/work/vvterm/vvterm/VVTerm/Features/Teleport/Infrastructure/iotest_mfa.pb.swift:1253:58: warning: 'init(dictionaryLiteral:)' is deprecated: Please regenerate your .pb.swift files with the current version of the SwiftProtobuf protoc plugin. [#DeprecatedDeclaration]
2026-08-10T23:45:24.3712080Z 1251 | nonisolated extension Proto_UserEntity: SwiftProtobuf.Message, SwiftProtobuf._MessageImplementationBase, SwiftProtobuf._ProtoNameProviding {
2026-08-10T23:45:24.3830830Z 1252 |   static let protoMessageName: String = _protobuf_package + ".UserEntity"
2026-08-10T23:45:24.3953830Z 1253 |   static let _protobuf_nameMap: SwiftProtobuf._NameMap = [
2026-08-10T23:45:24.4073770Z      |                                                          `- warning: 'init(dictionaryLiteral:)' is deprecated: Please regenerate your .pb.swift files with the current version of the SwiftProtobuf protoc plugin. [#DeprecatedDeclaration]
2026-08-10T23:45:24.4189940Z 1254 |     1: .same(proto: "id"),
2026-08-10T23:45:24.4291460Z 1255 |     2: .same(proto: "name"),
2026-08-10T23:45:24.4399000Z 
2026-08-10T23:45:24.4503170Z /Users/runner/work/vvterm/vvterm/VVTerm/Features/Teleport/Infrastructure/iotest_mfa.pb.swift:1296:41: warning: main actor-isolated let '_protobuf_package' can not be referenced from a nonisolated context
2026-08-10T23:45:24.4615190Z  775 | // MARK: - Code below here is support for the SwiftProtobuf runtime.
2026-08-10T23:45:24.4720810Z  776 | 
2026-08-10T23:45:24.4832310Z  777 | fileprivate let _protobuf_package = "proto"
2026-08-10T23:45:24.4938010Z      |                 `- note: let declared here
2026-08-10T23:45:24.5042480Z  778 | 
2026-08-10T23:45:24.5161550Z  779 | extension Proto_ChallengeScope: SwiftProtobuf._ProtoNameProviding {
2026-08-10T23:45:24.5283130Z      :
2026-08-10T23:45:24.5397620Z 1294 | 
2026-08-10T23:45:24.5530520Z 1295 | nonisolated extension Proto_CredentialCreationResponse: SwiftProtobuf.Message, SwiftProtobuf._MessageImplementationBase, SwiftProtobuf._ProtoNameProviding {
2026-08-10T23:45:24.5664160Z 1296 |   static let protoMessageName: String = _protobuf_package + ".CredentialCreationResponse"
2026-08-10T23:45:24.5792680Z      |                                         `- warning: main actor-isolated let '_protobuf_package' can not be referenced from a nonisolated context
2026-08-10T23:45:24.5961820Z 1297 |   static let _protobuf_nameMap: SwiftProtobuf._NameMap = [
2026-08-10T23:45:24.6093520Z 1298 |     5: .same(proto: "id"),
2026-08-10T23:45:24.6207420Z 
2026-08-10T23:45:24.6335110Z /Users/runner/work/vvterm/vvterm/VVTerm/Features/Teleport/Infrastructure/iotest_mfa.pb.swift:1297:58: warning: 'init(dictionaryLiteral:)' is deprecated: Please regenerate your .pb.swift files with the current version of the SwiftProtobuf protoc plugin. [#DeprecatedDeclaration]
2026-08-10T23:45:24.6483440Z 1295 | nonisolated extension Proto_CredentialCreationResponse: SwiftProtobuf.Message, SwiftProtobuf._MessageImplementationBase, SwiftProtobuf._ProtoNameProviding {
2026-08-10T23:45:24.6626960Z 1296 |   static let protoMessageName: String = _protobuf_package + ".CredentialCreationResponse"
2026-08-10T23:45:24.6784450Z 1297 |   static let _protobuf_nameMap: SwiftProtobuf._NameMap = [
2026-08-10T23:45:24.6892860Z      |                                                          `- warning: 'init(dictionaryLiteral:)' is deprecated: Please regenerate your .pb.swift files with the current version of the SwiftProtobuf protoc plugin. [#DeprecatedDeclaration]
2026-08-10T23:45:24.6998800Z 1298 |     5: .same(proto: "id"),
2026-08-10T23:45:24.7130500Z 1299 |     1: .same(proto: "type"),
2026-08-10T23:45:24.7244780Z 
2026-08-10T23:45:24.7370820Z /Users/runner/work/vvterm/vvterm/VVTerm/Features/Teleport/Infrastructure/iotest_mfa.pb.swift:1350:41: warning: main actor-isolated let '_protobuf_package' can not be referenced from a nonisolated context
2026-08-10T23:45:24.7499760Z  775 | // MARK: - Code below here is support for the SwiftProtobuf runtime.
2026-08-10T23:45:24.7624990Z  776 | 
2026-08-10T23:45:24.7740070Z  777 | fileprivate let _protobuf_package = "proto"
2026-08-10T23:45:24.7794990Z      |                 `- note: let declared here
2026-08-10T23:45:24.7999510Z  778 | 
2026-08-10T23:45:24.8130720Z  779 | extension Proto_ChallengeScope: SwiftProtobuf._ProtoNameProviding {
2026-08-10T23:45:24.8274130Z      :
2026-08-10T23:45:24.8402850Z 1348 | 
2026-08-10T23:45:24.8510640Z 1349 | nonisolated extension Proto_AuthenticatorAttestationResponse: SwiftProtobuf.Message, SwiftProtobuf._MessageImplementationBase, SwiftProtobuf._ProtoNameProviding {
2026-08-10T23:45:24.8630980Z 1350 |   static let protoMessageName: String = _protobuf_package + ".AuthenticatorAttestationResponse"
2026-08-10T23:45:24.8756450Z      |                                         `- warning: main actor-isolated let '_protobuf_package' can not be referenced from a nonisolated context
2026-08-10T23:45:24.8757880Z 1351 |   static let _protobuf_nameMap: SwiftProtobuf._NameMap = [
2026-08-10T23:45:24.8870000Z 1352 |     1: .standard(proto: "client_data_json"),
2026-08-10T23:45:24.8990100Z 
2026-08-10T23:45:24.9117710Z /Users/runner/work/vvterm/vvterm/VVTerm/Features/Teleport/Infrastructure/iotest_mfa.pb.swift:1351:58: warning: 'init(dictionaryLiteral:)' is deprecated: Please regenerate your .pb.swift files with the current version of the SwiftProtobuf protoc plugin. [#DeprecatedDeclaration]
2026-08-10T23:45:24.9280710Z 1349 | nonisolated extension Proto_AuthenticatorAttestationResponse: SwiftProtobuf.Message, SwiftProtobuf._MessageImplementationBase, SwiftProtobuf._ProtoNameProviding {
2026-08-10T23:45:24.9403830Z 1350 |   static let protoMessageName: String = _protobuf_package + ".AuthenticatorAttestationResponse"
2026-08-10T23:45:24.9546600Z 1351 |   static let _protobuf_nameMap: SwiftProtobuf._NameMap = [
2026-08-10T23:45:24.9672770Z      |                                                          `- warning: 'init(dictionaryLiteral:)' is deprecated: Please regenerate your .pb.swift files with the current version of the SwiftProtobuf protoc plugin. [#DeprecatedDeclaration]
2026-08-10T23:45:24.9782670Z 1352 |     1: .standard(proto: "client_data_json"),
2026-08-10T23:45:24.9917220Z 1353 |     2: .standard(proto: "attestation_object"),
2026-08-10T23:45:25.0023450Z 
2026-08-10T23:45:25.0133700Z /Users/runner/work/vvterm/vvterm/VVTerm/Features/Teleport/Infrastructure/iotest_mfa.pb.swift:1388:41: warning: main actor-isolated let '_protobuf_package' can not be referenced from a nonisolated context
2026-08-10T23:45:25.0236030Z  775 | // MARK: - Code below here is support for the SwiftProtobuf runtime.
2026-08-10T23:45:25.0337810Z  776 | 
2026-08-10T23:45:25.0439700Z  777 | fileprivate let _protobuf_package = "proto"
2026-08-10T23:45:25.0547450Z      |                 `- note: let declared here
2026-08-10T23:45:25.0651620Z  778 | 
2026-08-10T23:45:25.0764930Z  779 | extension Proto_ChallengeScope: SwiftProtobuf._ProtoNameProviding {
2026-08-10T23:45:25.0881590Z      :
2026-08-10T23:45:25.0983820Z 1386 | 
2026-08-10T23:45:25.1095890Z 1387 | nonisolated extension Proto_MFAAuthenticateChallenge: SwiftProtobuf.Message, SwiftProtobuf._MessageImplementationBase, SwiftProtobuf._ProtoNameProviding {
2026-08-10T23:45:25.1201440Z 1388 |   static let protoMessageName: String = _protobuf_package + ".MFAAuthenticateChallenge"
2026-08-10T23:45:25.1319310Z      |                                         `- warning: main actor-isolated let '_protobuf_package' can not be referenced from a nonisolated context
2026-08-10T23:45:25.1422200Z 1389 |   static let _protobuf_nameMap: SwiftProtobuf._NameMap = [
2026-08-10T23:45:25.1545180Z 1390 |     2: .same(proto: "totp"),
2026-08-10T23:45:25.1671870Z 
2026-08-10T23:45:25.1783350Z /Users/runner/work/vvterm/vvterm/VVTerm/Features/Teleport/Infrastructure/iotest_mfa.pb.swift:1389:58: warning: 'init(dictionaryLiteral:)' is deprecated: Please regenerate your .pb.swift files with the current version of the SwiftProtobuf protoc plugin. [#DeprecatedDeclaration]
2026-08-10T23:45:25.1890460Z 1387 | nonisolated extension Proto_MFAAuthenticateChallenge: SwiftProtobuf.Message, SwiftProtobuf._MessageImplementationBase, SwiftProtobuf._ProtoNameProviding {
2026-08-10T23:45:25.2029820Z 1388 |   static let protoMessageName: String = _protobuf_package + ".MFAAuthenticateChallenge"
2026-08-10T23:45:25.2131080Z 1389 |   static let _protobuf_nameMap: SwiftProtobuf._NameMap = [
2026-08-10T23:45:25.2245190Z      |                                                          `- warning: 'init(dictionaryLiteral:)' is deprecated: Please regenerate your .pb.swift files with the current version of the SwiftProtobuf protoc plugin. [#DeprecatedDeclaration]
2026-08-10T23:45:25.2353900Z 1390 |     2: .same(proto: "totp"),
2026-08-10T23:45:25.2464390Z 1391 |     3: .standard(proto: "webauthn_challenge"),
2026-08-10T23:45:25.2567170Z 
2026-08-10T23:45:25.2718230Z /Users/runner/work/vvterm/vvterm/VVTerm/Features/Teleport/Infrastructure/iotest_mfa.pb.swift:1442:41: warning: main actor-isolated let '_protobuf_package' can not be referenced from a nonisolated context
2026-08-10T23:45:25.2825670Z  775 | // MARK: - Code below here is support for the SwiftProtobuf runtime.
2026-08-10T23:45:25.2981630Z  776 | 
2026-08-10T23:45:25.3135340Z  777 | fileprivate let _protobuf_package = "proto"
2026-08-10T23:45:25.3250380Z      |                 `- note: let declared here
2026-08-10T23:45:25.3400130Z  778 | 
2026-08-10T23:45:25.3516890Z  779 | extension Proto_ChallengeScope: SwiftProtobuf._ProtoNameProviding {
2026-08-10T23:45:25.3655290Z      :
2026-08-10T23:45:25.3793050Z 1440 | 
2026-08-10T23:45:25.3896130Z 1441 | nonisolated extension Proto_TOTPChallenge: SwiftProtobuf.Message, SwiftProtobuf._MessageImplementationBase, SwiftProtobuf._ProtoNameProviding {
2026-08-10T23:45:25.3898790Z 1442 |   static let protoMessageName: String = _protobuf_package + ".TOTPChallenge"
2026-08-10T23:45:25.4001380Z      |                                         `- warning: main actor-isolated let '_protobuf_package' can not be referenced from a nonisolated context
2026-08-10T23:45:25.4105350Z 1443 |   static let _protobuf_nameMap = SwiftProtobuf._NameMap()
2026-08-10T23:45:25.4206620Z 1444 | 
2026-08-10T23:45:25.4307530Z 
2026-08-10T23:45:25.4416330Z /Users/runner/work/vvterm/vvterm/VVTerm/Features/Teleport/Infrastructure/iotest_mfa.pb.swift:1463:41: warning: main actor-isolated let '_protobuf_package' can not be referenced from a nonisolated context
2026-08-10T23:45:25.4520860Z  775 | // MARK: - Code below here is support for the SwiftProtobuf runtime.
2026-08-10T23:45:25.4629290Z  776 | 
2026-08-10T23:45:25.4739150Z  777 | fileprivate let _protobuf_package = "proto"
2026-08-10T23:45:25.4852440Z      |                 `- note: let declared here
2026-08-10T23:45:25.4953770Z  778 | 
2026-08-10T23:45:25.5064060Z  779 | extension Proto_ChallengeScope: SwiftProtobuf._ProtoNameProviding {
2026-08-10T23:45:25.5173110Z      :
2026-08-10T23:45:25.5319020Z 1461 | 
2026-08-10T23:45:25.5424840Z 1462 | nonisolated extension Proto_BrowserMFAChallenge: SwiftProtobuf.Message, SwiftProtobuf._MessageImplementationBase, SwiftProtobuf._ProtoNameProviding {
2026-08-10T23:45:25.5536560Z 1463 |   static let protoMessageName: String = _protobuf_package + ".BrowserMFAChallenge"
2026-08-10T23:45:25.5643930Z      |                                         `- warning: main actor-isolated let '_protobuf_package' can not be referenced from a nonisolated context
2026-08-10T23:45:25.5765030Z 1464 |   static let _protobuf_nameMap: SwiftProtobuf._NameMap = [
2026-08-10T23:45:25.5890190Z 1465 |     1: .standard(proto: "request_id"),
2026-08-10T23:45:25.6049310Z 
2026-08-10T23:45:25.6160840Z /Users/runner/work/vvterm/vvterm/VVTerm/Features/Teleport/Infrastructure/iotest_mfa.pb.swift:1464:58: warning: 'init(dictionaryLiteral:)' is deprecated: Please regenerate your .pb.swift files with the current version of the SwiftProtobuf protoc plugin. [#DeprecatedDeclaration]
2026-08-10T23:45:25.6324120Z 1462 | nonisolated extension Proto_BrowserMFAChallenge: SwiftProtobuf.Message, SwiftProtobuf._MessageImplementationBase, SwiftProtobuf._ProtoNameProviding {
2026-08-10T23:45:25.6431980Z 1463 |   static let protoMessageName: String = _protobuf_package + ".BrowserMFAChallenge"
2026-08-10T23:45:25.6461230Z 1464 |   static let _protobuf_nameMap: SwiftProtobuf._NameMap = [
2026-08-10T23:45:25.6589770Z      |                                                          `- warning: 'init(dictionaryLiteral:)' is deprecated: Please regenerate your .pb.swift files with the current version of the SwiftProtobuf protoc plugin. [#DeprecatedDeclaration]
2026-08-10T23:45:25.6708170Z 1465 |     1: .standard(proto: "request_id"),
2026-08-10T23:45:25.6843210Z 1466 |   ]
2026-08-10T23:45:25.6959190Z 
2026-08-10T23:45:25.7067730Z /Users/runner/work/vvterm/vvterm/VVTerm/Features/Teleport/Infrastructure/iotest_mfa.pb.swift:1495:41: warning: main actor-isolated let '_protobuf_package' can not be referenced from a nonisolated context
2026-08-10T23:45:25.7170890Z  775 | // MARK: - Code below here is support for the SwiftProtobuf runtime.
2026-08-10T23:45:25.7324150Z  776 | 
2026-08-10T23:45:25.7460250Z  777 | fileprivate let _protobuf_package = "proto"
2026-08-10T23:45:25.7575080Z      |                 `- note: let declared here
2026-08-10T23:45:25.7676430Z  778 | 
2026-08-10T23:45:25.7778210Z  779 | extension Proto_ChallengeScope: SwiftProtobuf._ProtoNameProviding {
2026-08-10T23:45:25.7898470Z      :
2026-08-10T23:45:25.7999820Z 1493 | 
2026-08-10T23:45:25.8101940Z 1494 | nonisolated extension Proto_BrowserMFAResponse: SwiftProtobuf.Message, SwiftProtobuf._MessageImplementationBase, SwiftProtobuf._ProtoNameProviding {
2026-08-10T23:45:25.8204430Z 1495 |   static let protoMessageName: String = _protobuf_package + ".BrowserMFAResponse"
2026-08-10T23:45:25.8314790Z      |                                         `- warning: main actor-isolated let '_protobuf_package' can not be referenced from a nonisolated context
2026-08-10T23:45:25.8425590Z 1496 |   static let _protobuf_nameMap: SwiftProtobuf._NameMap = [
2026-08-10T23:45:25.8530700Z 1497 |     1: .standard(proto: "request_id"),
2026-08-10T23:45:25.8636990Z 
2026-08-10T23:45:25.8744120Z /Users/runner/work/vvterm/vvterm/VVTerm/Features/Teleport/Infrastructure/iotest_mfa.pb.swift:1496:58: warning: 'init(dictionaryLiteral:)' is deprecated: Please regenerate your .pb.swift files with the current version of the SwiftProtobuf protoc plugin. [#DeprecatedDeclaration]
2026-08-10T23:45:25.8867620Z 1494 | nonisolated extension Proto_BrowserMFAResponse: SwiftProtobuf.Message, SwiftProtobuf._MessageImplementationBase, SwiftProtobuf._ProtoNameProviding {
2026-08-10T23:45:25.8978420Z 1495 |   static let protoMessageName: String = _protobuf_package + ".BrowserMFAResponse"
2026-08-10T23:45:25.9084940Z 1496 |   static let _protobuf_nameMap: SwiftProtobuf._NameMap = [
2026-08-10T23:45:25.9206120Z      |                                                          `- warning: 'init(dictionaryLiteral:)' is deprecated: Please regenerate your .pb.swift files with the current version of the SwiftProtobuf protoc plugin. [#DeprecatedDeclaration]
2026-08-10T23:45:25.9314450Z 1497 |     1: .standard(proto: "request_id"),
2026-08-10T23:45:25.9427000Z 1498 |     2: .standard(proto: "webauthn_response"),
2026-08-10T23:45:25.9556850Z 
2026-08-10T23:45:25.9668980Z /Users/runner/work/vvterm/vvterm/VVTerm/Features/Teleport/Infrastructure/iotest_mfa.pb.swift:1537:41: warning: main actor-isolated let '_protobuf_package' can not be referenced from a nonisolated context
2026-08-10T23:45:25.9821870Z  775 | // MARK: - Code below here is support for the SwiftProtobuf runtime.
2026-08-10T23:45:25.9964650Z  776 | 
2026-08-10T23:45:26.0071570Z  777 | fileprivate let _protobuf_package = "proto"
2026-08-10T23:45:26.0193030Z      |                 `- note: let declared here
2026-08-10T23:45:26.0314950Z  778 | 
2026-08-10T23:45:26.0443250Z  779 | extension Proto_ChallengeScope: SwiftProtobuf._ProtoNameProviding {
2026-08-10T23:45:26.0586700Z      :
2026-08-10T23:45:26.0696250Z 1535 | 
2026-08-10T23:45:26.0820420Z 1536 | nonisolated extension Proto_MFAAuthenticateResponse: SwiftProtobuf.Message, SwiftProtobuf._MessageImplementationBase, SwiftProtobuf._ProtoNameProviding {
2026-08-10T23:45:26.0891370Z 1537 |   static let protoMessageName: String = _protobuf_package + ".MFAAuthenticateResponse"
2026-08-10T23:45:26.1005050Z      |                                         `- warning: main actor-isolated let '_protobuf_package' can not be referenced from a nonisolated context
2026-08-10T23:45:26.1118540Z 1538 |   static let _protobuf_nameMap: SwiftProtobuf._NameMap = [
2026-08-10T23:45:26.1226910Z 1539 |     2: .same(proto: "totp"),
2026-08-10T23:45:26.1332710Z 
2026-08-10T23:45:26.1444400Z /Users/runner/work/vvterm/vvterm/VVTerm/Features/Teleport/Infrastructure/iotest_mfa.pb.swift:1538:58: warning: 'init(dictionaryLiteral:)' is deprecated: Please regenerate your .pb.swift files with the current version of the SwiftProtobuf protoc plugin. [#DeprecatedDeclaration]
2026-08-10T23:45:26.1556740Z 1536 | nonisolated extension Proto_MFAAuthenticateResponse: SwiftProtobuf.Message, SwiftProtobuf._MessageImplementationBase, SwiftProtobuf._ProtoNameProviding {
2026-08-10T23:45:26.1689990Z 1537 |   static let protoMessageName: String = _protobuf_package + ".MFAAuthenticateResponse"
2026-08-10T23:45:26.1810320Z 1538 |   static let _protobuf_nameMap: SwiftProtobuf._NameMap = [
2026-08-10T23:45:26.1975820Z      |                                                          `- warning: 'init(dictionaryLiteral:)' is deprecated: Please regenerate your .pb.swift files with the current version of the SwiftProtobuf protoc plugin. [#DeprecatedDeclaration]
2026-08-10T23:45:26.2109580Z 1539 |     2: .same(proto: "totp"),
2026-08-10T23:45:26.2248770Z 1540 |     3: .same(proto: "webauthn"),
2026-08-10T23:45:26.2366700Z 
2026-08-10T23:45:26.2498790Z /Users/runner/work/vvterm/vvterm/VVTerm/Features/Teleport/Infrastructure/iotest_mfa.pb.swift:1625:41: warning: main actor-isolated let '_protobuf_package' can not be referenced from a nonisolated context
2026-08-10T23:45:26.2500270Z  775 | // MARK: - Code below here is support for the SwiftProtobuf runtime.
2026-08-10T23:45:26.2632970Z  776 | 
2026-08-10T23:45:26.2733910Z  777 | fileprivate let _protobuf_package = "proto"
2026-08-10T23:45:26.2835510Z      |                 `- note: let declared here
2026-08-10T23:45:26.2956200Z  778 | 
2026-08-10T23:45:26.3073680Z  779 | extension Proto_ChallengeScope: SwiftProtobuf._ProtoNameProviding {
2026-08-10T23:45:26.3174600Z      :
2026-08-10T23:45:26.3275300Z 1623 | 
2026-08-10T23:45:26.3376440Z 1624 | nonisolated extension Proto_TOTPResponse: SwiftProtobuf.Message, SwiftProtobuf._MessageImplementationBase, SwiftProtobuf._ProtoNameProviding {
2026-08-10T23:45:26.3478000Z 1625 |   static let protoMessageName: String = _protobuf_package + ".TOTPResponse"
2026-08-10T23:45:26.3579690Z      |                                         `- warning: main actor-isolated let '_protobuf_package' can not be referenced from a nonisolated context
2026-08-10T23:45:26.3687470Z 1626 |   static let _protobuf_nameMap: SwiftProtobuf._NameMap = [
2026-08-10T23:45:26.3790020Z 1627 |     1: .same(proto: "code"),
2026-08-10T23:45:26.3898860Z 
2026-08-10T23:45:26.4013670Z /Users/runner/work/vvterm/vvterm/VVTerm/Features/Teleport/Infrastructure/iotest_mfa.pb.swift:1626:58: warning: 'init(dictionaryLiteral:)' is deprecated: Please regenerate your .pb.swift files with the current version of the SwiftProtobuf protoc plugin. [#DeprecatedDeclaration]
2026-08-10T23:45:26.4288040Z 1624 | nonisolated extension Proto_TOTPResponse: SwiftProtobuf.Message, SwiftProtobuf._MessageImplementationBase, SwiftProtobuf._ProtoNameProviding {
2026-08-10T23:45:26.4405780Z 1625 |   static let protoMessageName: String = _protobuf_package + ".TOTPResponse"
2026-08-10T23:45:26.4551620Z 1626 |   static let _protobuf_nameMap: SwiftProtobuf._NameMap = [
2026-08-10T23:45:26.4684140Z      |                                                          `- warning: 'init(dictionaryLiteral:)' is deprecated: Please regenerate your .pb.swift files with the current version of the SwiftProtobuf protoc plugin. [#DeprecatedDeclaration]
2026-08-10T23:45:26.4811490Z 1627 |     1: .same(proto: "code"),
2026-08-10T23:45:26.4934610Z 1628 |   ]
2026-08-10T23:45:26.5047420Z 
2026-08-10T23:45:26.5149530Z /Users/runner/work/vvterm/vvterm/VVTerm/Features/Teleport/Infrastructure/iotest_mfa.pb.swift:1657:41: warning: main actor-isolated let '_protobuf_package' can not be referenced from a nonisolated context
2026-08-10T23:45:26.5151810Z  775 | // MARK: - Code below here is support for the SwiftProtobuf runtime.
2026-08-10T23:45:26.5252770Z  776 | 
2026-08-10T23:45:26.5353710Z  777 | fileprivate let _protobuf_package = "proto"
2026-08-10T23:45:26.5485580Z      |                 `- note: let declared here
2026-08-10T23:45:26.5603430Z  778 | 
2026-08-10T23:45:26.5720710Z  779 | extension Proto_ChallengeScope: SwiftProtobuf._ProtoNameProviding {
2026-08-10T23:45:26.5829830Z      :
2026-08-10T23:45:26.5954030Z 1655 | 
2026-08-10T23:45:26.6093700Z 1656 | nonisolated extension Proto_CreateAuthenticateChallengeRequest: SwiftProtobuf.Message, SwiftProtobuf._MessageImplementationBase, SwiftProtobuf._ProtoNameProviding {
2026-08-10T23:45:26.6197010Z 1657 |   static let protoMessageName: String = _protobuf_package + ".CreateAuthenticateChallengeRequest"
2026-08-10T23:45:26.6306370Z      |                                         `- warning: main actor-isolated let '_protobuf_package' can not be referenced from a nonisolated context
2026-08-10T23:45:26.6477190Z 1658 |   static let _protobuf_nameMap: SwiftProtobuf._NameMap = [
2026-08-10T23:45:26.6580740Z 1659 |     3: .standard(proto: "context_user"),
2026-08-10T23:45:26.6702100Z 
2026-08-10T23:45:26.6831960Z /Users/runner/work/vvterm/vvterm/VVTerm/Features/Teleport/Infrastructure/iotest_mfa.pb.swift:1658:58: warning: 'init(dictionaryLiteral:)' is deprecated: Please regenerate your .pb.swift files with the current version of the SwiftProtobuf protoc plugin. [#DeprecatedDeclaration]
2026-08-10T23:45:26.6937440Z 1656 | nonisolated extension Proto_CreateAuthenticateChallengeRequest: SwiftProtobuf.Message, SwiftProtobuf._MessageImplementationBase, SwiftProtobuf._ProtoNameProviding {
2026-08-10T23:45:26.7044610Z 1657 |   static let protoMessageName: String = _protobuf_package + ".CreateAuthenticateChallengeRequest"
2026-08-10T23:45:26.7154930Z 1658 |   static let _protobuf_nameMap: SwiftProtobuf._NameMap = [
2026-08-10T23:45:26.7290960Z      |                                                          `- warning: 'init(dictionaryLiteral:)' is deprecated: Please regenerate your .pb.swift files with the current version of the SwiftProtobuf protoc plugin. [#DeprecatedDeclaration]
2026-08-10T23:45:26.7404430Z 1659 |     3: .standard(proto: "context_user"),
2026-08-10T23:45:26.7506420Z 1660 |     4: .same(proto: "passwordless"),
2026-08-10T23:45:26.7625840Z 
2026-08-10T23:45:26.7737820Z /Users/runner/work/vvterm/vvterm/VVTerm/Features/Teleport/Infrastructure/iotest_mfa.pb.swift:1739:41: warning: main actor-isolated let '_protobuf_package' can not be referenced from a nonisolated context
2026-08-10T23:45:26.7978680Z  775 | // MARK: - Code below here is support for the SwiftProtobuf runtime.
2026-08-10T23:45:26.7979470Z  776 | 
2026-08-10T23:45:26.8100090Z  777 | fileprivate let _protobuf_package = "proto"
2026-08-10T23:45:26.8220120Z      |                 `- note: let declared here
2026-08-10T23:45:26.8367170Z  778 | 
2026-08-10T23:45:26.8490090Z  779 | extension Proto_ChallengeScope: SwiftProtobuf._ProtoNameProviding {
2026-08-10T23:45:26.8595270Z      :
2026-08-10T23:45:26.8717540Z 1737 | 
2026-08-10T23:45:26.8830800Z 1738 | nonisolated extension Proto_CreateRegisterChallengeRequest: SwiftProtobuf.Message, SwiftProtobuf._MessageImplementationBase, SwiftProtobuf._ProtoNameProviding {
2026-08-10T23:45:26.8946940Z 1739 |   static let protoMessageName: String = _protobuf_package + ".CreateRegisterChallengeRequest"
2026-08-10T23:45:26.9054530Z      |                                         `- warning: main actor-isolated let '_protobuf_package' can not be referenced from a nonisolated context
2026-08-10T23:45:26.9167500Z 1740 |   static let _protobuf_nameMap: SwiftProtobuf._NameMap = [
2026-08-10T23:45:26.9286430Z 1741 |     1: .standard(proto: "token_id"),
2026-08-10T23:45:26.9387170Z 
2026-08-10T23:45:26.9493310Z /Users/runner/work/vvterm/vvterm/VVTerm/Features/Teleport/Infrastructure/iotest_mfa.pb.swift:1740:58: warning: 'init(dictionaryLiteral:)' is deprecated: Please regenerate your .pb.swift files with the current version of the SwiftProtobuf protoc plugin. [#DeprecatedDeclaration]
2026-08-10T23:45:26.9596310Z 1738 | nonisolated extension Proto_CreateRegisterChallengeRequest: SwiftProtobuf.Message, SwiftProtobuf._MessageImplementationBase, SwiftProtobuf._ProtoNameProviding {
2026-08-10T23:45:26.9698040Z 1739 |   static let protoMessageName: String = _protobuf_package + ".CreateRegisterChallengeRequest"
2026-08-10T23:45:26.9799650Z 1740 |   static let _protobuf_nameMap: SwiftProtobuf._NameMap = [
2026-08-10T23:45:26.9901770Z      |                                                          `- warning: 'init(dictionaryLiteral:)' is deprecated: Please regenerate your .pb.swift files with the current version of the SwiftProtobuf protoc plugin. [#DeprecatedDeclaration]
2026-08-10T23:45:27.0003540Z 1741 |     1: .standard(proto: "token_id"),
2026-08-10T23:45:27.0104460Z 1742 |     4: .standard(proto: "existing_mfa_response"),
2026-08-10T23:45:27.0231470Z 
2026-08-10T23:45:27.0365660Z /Users/runner/work/vvterm/vvterm/VVTerm/Features/Teleport/Infrastructure/iotest_mfa.pb.swift:1793:41: warning: main actor-isolated let '_protobuf_package' can not be referenced from a nonisolated context
2026-08-10T23:45:27.0508890Z  775 | // MARK: - Code below here is support for the SwiftProtobuf runtime.
2026-08-10T23:45:27.0635330Z  776 | 
2026-08-10T23:45:27.0767000Z  777 | fileprivate let _protobuf_package = "proto"
2026-08-10T23:45:27.0918230Z      |                 `- note: let declared here
2026-08-10T23:45:27.1069510Z  778 | 
2026-08-10T23:45:27.1206090Z  779 | extension Proto_ChallengeScope: SwiftProtobuf._ProtoNameProviding {
2026-08-10T23:45:27.1328800Z      :
2026-08-10T23:45:27.1448730Z 1791 | 
2026-08-10T23:45:27.1589840Z 1792 | nonisolated extension Proto_MFARegisterChallenge: SwiftProtobuf.Message, SwiftProtobuf._MessageImplementationBase, SwiftProtobuf._ProtoNameProviding {
2026-08-10T23:45:27.1727560Z 1793 |   static let protoMessageName: String = _protobuf_package + ".MFARegisterChallenge"
2026-08-10T23:45:27.1852490Z      |                                         `- warning: main actor-isolated let '_protobuf_package' can not be referenced from a nonisolated context
2026-08-10T23:45:27.1973130Z 1794 |   static let _protobuf_nameMap: SwiftProtobuf._NameMap = [
2026-08-10T23:45:27.2098650Z 1795 |     3: .same(proto: "webauthn"),
2026-08-10T23:45:27.2098980Z 
2026-08-10T23:45:27.2232740Z /Users/runner/work/vvterm/vvterm/VVTerm/Features/Teleport/Infrastructure/iotest_mfa.pb.swift:1794:58: warning: 'init(dictionaryLiteral:)' is deprecated: Please regenerate your .pb.swift files with the current version of the SwiftProtobuf protoc plugin. [#DeprecatedDeclaration]
2026-08-10T23:45:27.2357370Z 1792 | nonisolated extension Proto_MFARegisterChallenge: SwiftProtobuf.Message, SwiftProtobuf._MessageImplementationBase, SwiftProtobuf._ProtoNameProviding {
2026-08-10T23:45:27.2464310Z 1793 |   static let protoMessageName: String = _protobuf_package + ".MFARegisterChallenge"
2026-08-10T23:45:27.2578660Z 1794 |   static let _protobuf_nameMap: SwiftProtobuf._NameMap = [
2026-08-10T23:45:27.2688310Z      |                                                          `- warning: 'init(dictionaryLiteral:)' is deprecated: Please regenerate your .pb.swift files with the current version of the SwiftProtobuf protoc plugin. [#DeprecatedDeclaration]
2026-08-10T23:45:27.2807170Z 1795 |     3: .same(proto: "webauthn"),
2026-08-10T23:45:27.2947350Z 1796 |   ]
2026-08-10T23:45:27.3148020Z 
2026-08-10T23:45:27.3254950Z /Users/runner/work/vvterm/vvterm/VVTerm/Features/Teleport/Infrastructure/iotest_mfa.pb.swift:1841:41: warning: main actor-isolated let '_protobuf_package' can not be referenced from a nonisolated context
2026-08-10T23:45:27.3398600Z  775 | // MARK: - Code below here is support for the SwiftProtobuf runtime.
2026-08-10T23:45:27.3531980Z  776 | 
2026-08-10T23:45:27.3641510Z  777 | fileprivate let _protobuf_package = "proto"
2026-08-10T23:45:27.3767550Z      |                 `- note: let declared here
2026-08-10T23:45:27.3872440Z  778 | 
2026-08-10T23:45:27.3998950Z  779 | extension Proto_ChallengeScope: SwiftProtobuf._ProtoNameProviding {
2026-08-10T23:45:27.4178250Z      :
2026-08-10T23:45:27.4306420Z 1839 | 
2026-08-10T23:45:27.4421800Z 1840 | nonisolated extension Proto_MFARegisterResponse: SwiftProtobuf.Message, SwiftProtobuf._MessageImplementationBase, SwiftProtobuf._ProtoNameProviding {
2026-08-10T23:45:27.4545580Z 1841 |   static let protoMessageName: String = _protobuf_package + ".MFARegisterResponse"
2026-08-10T23:45:27.4695910Z      |                                         `- warning: main actor-isolated let '_protobuf_package' can not be referenced from a nonisolated context
2026-08-10T23:45:27.4811340Z 1842 |   static let _protobuf_nameMap: SwiftProtobuf._NameMap = [
2026-08-10T23:45:27.4958530Z 1843 |     3: .same(proto: "webauthn"),
2026-08-10T23:45:27.5099830Z 
2026-08-10T23:45:27.5208250Z /Users/runner/work/vvterm/vvterm/VVTerm/Features/Teleport/Infrastructure/iotest_mfa.pb.swift:1842:58: warning: 'init(dictionaryLiteral:)' is deprecated: Please regenerate your .pb.swift files with the current version of the SwiftProtobuf protoc plugin. [#DeprecatedDeclaration]
2026-08-10T23:45:27.5321600Z 1840 | nonisolated extension Proto_MFARegisterResponse: SwiftProtobuf.Message, SwiftProtobuf._MessageImplementationBase, SwiftProtobuf._ProtoNameProviding {
2026-08-10T23:45:27.5426120Z 1841 |   static let protoMessageName: String = _protobuf_package + ".MFARegisterResponse"
2026-08-10T23:45:27.5539090Z 1842 |   static let _protobuf_nameMap: SwiftProtobuf._NameMap = [
2026-08-10T23:45:27.5641360Z      |                                                          `- warning: 'init(dictionaryLiteral:)' is deprecated: Please regenerate your .pb.swift files with the current version of the SwiftProtobuf protoc plugin. [#DeprecatedDeclaration]
2026-08-10T23:45:27.5751660Z 1843 |     3: .same(proto: "webauthn"),
2026-08-10T23:45:27.5853350Z 1844 |   ]
2026-08-10T23:45:27.5954400Z 
2026-08-10T23:45:33.7001650Z 
2026-08-10T23:45:33.7113150Z SwiftCompile normal arm64 (in target 'VVTerm' from project 'VVTerm')
2026-08-10T23:45:33.7217290Z     cd /Users/runner/work/vvterm/vvterm
2026-08-10T23:45:33.7323550Z     
2026-08-10T23:45:33.7758560Z 
2026-08-10T23:45:33.7860300Z /Users/runner/work/vvterm/vvterm/VVTerm/Features/Teleport/Infrastructure/iotest_mfa.pb.swift:1889:41: warning: main actor-isolated let '_protobuf_package' can not be referenced from a nonisolated context
2026-08-10T23:45:33.7960880Z  775 | // MARK: - Code below here is support for the SwiftProtobuf runtime.
2026-08-10T23:45:33.8062780Z  776 | 
2026-08-10T23:45:33.8163400Z  777 | fileprivate let _protobuf_package = "proto"
2026-08-10T23:45:33.8274960Z      |                 `- note: let declared here
2026-08-10T23:45:33.8370110Z  778 | 
2026-08-10T23:45:33.8473550Z  779 | extension Proto_ChallengeScope: SwiftProtobuf._ProtoNameProviding {
2026-08-10T23:45:33.8576970Z      :
2026-08-10T23:45:33.8680470Z 1887 | 
2026-08-10T23:45:33.8788000Z 1888 | nonisolated extension Proto_AddMFADeviceSyncRequest: SwiftProtobuf.Message, SwiftProtobuf._MessageImplementationBase, SwiftProtobuf._ProtoNameProviding {
2026-08-10T23:45:33.8890240Z 1889 |   static let protoMessageName: String = _protobuf_package + ".AddMFADeviceSyncRequest"
2026-08-10T23:45:33.8991820Z      |                                         `- warning: main actor-isolated let '_protobuf_package' can not be referenced from a nonisolated context
2026-08-10T23:45:33.9096810Z 1890 |   static let _protobuf_nameMap: SwiftProtobuf._NameMap = [
2026-08-10T23:45:33.9202930Z 1891 |     1: .standard(proto: "token_id"),
2026-08-10T23:45:33.9304520Z 
2026-08-10T23:45:33.9409150Z /Users/runner/work/vvterm/vvterm/VVTerm/Features/Teleport/Infrastructure/iotest_mfa.pb.swift:1890:58: warning: 'init(dictionaryLiteral:)' is deprecated: Please regenerate your .pb.swift files with the current version of the SwiftProtobuf protoc plugin. [#DeprecatedDeclaration]
2026-08-10T23:45:33.9507840Z 1888 | nonisolated extension Proto_AddMFADeviceSyncRequest: SwiftProtobuf.Message, SwiftProtobuf._MessageImplementationBase, SwiftProtobuf._ProtoNameProviding {
2026-08-10T23:45:33.9610710Z 1889 |   static let protoMessageName: String = _protobuf_package + ".AddMFADeviceSyncRequest"
2026-08-10T23:45:33.9715840Z 1890 |   static let _protobuf_nameMap: SwiftProtobuf._NameMap = [
2026-08-10T23:45:33.9822010Z      |                                                          `- warning: 'init(dictionaryLiteral:)' is deprecated: Please regenerate your .pb.swift files with the current version of the SwiftProtobuf protoc plugin. [#DeprecatedDeclaration]
2026-08-10T23:45:33.9923420Z 1891 |     1: .standard(proto: "token_id"),
2026-08-10T23:45:34.0036970Z 1892 |     5: .standard(proto: "context_user"),
2026-08-10T23:45:34.0138950Z 
2026-08-10T23:45:34.0246860Z /Users/runner/work/vvterm/vvterm/VVTerm/Features/Teleport/Infrastructure/iotest_mfa.pb.swift:1949:41: warning: main actor-isolated let '_protobuf_package' can not be referenced from a nonisolated context
2026-08-10T23:45:34.0350650Z  775 | // MARK: - Code below here is support for the SwiftProtobuf runtime.
2026-08-10T23:45:34.0451880Z  776 | 
2026-08-10T23:45:34.0553530Z  777 | fileprivate let _protobuf_package = "proto"
2026-08-10T23:45:34.0655220Z      |                 `- note: let declared here
2026-08-10T23:45:34.0760090Z  778 | 
2026-08-10T23:45:34.0861780Z  779 | extension Proto_ChallengeScope: SwiftProtobuf._ProtoNameProviding {
2026-08-10T23:45:34.0963280Z      :
2026-08-10T23:45:34.1065440Z 1947 | 
2026-08-10T23:45:34.1168080Z 1948 | nonisolated extension Proto_AddMFADeviceSyncResponse: SwiftProtobuf.Message, SwiftProtobuf._MessageImplementationBase, SwiftProtobuf._ProtoNameProviding {
2026-08-10T23:45:34.1272690Z 1949 |   static let protoMessageName: String = _protobuf_package + ".AddMFADeviceSyncResponse"
2026-08-10T23:45:34.1389030Z      |                                         `- warning: main actor-isolated let '_protobuf_package' can not be referenced from a nonisolated context
2026-08-10T23:45:34.1492430Z 1950 |   static let _protobuf_nameMap: SwiftProtobuf._NameMap = [
2026-08-10T23:45:34.1593900Z 1951 |     1: .same(proto: "device"),
2026-08-10T23:45:34.1695160Z 
2026-08-10T23:45:34.1798720Z /Users/runner/work/vvterm/vvterm/VVTerm/Features/Teleport/Infrastructure/iotest_mfa.pb.swift:1950:58: warning: 'init(dictionaryLiteral:)' is deprecated: Please regenerate your .pb.swift files with the current version of the SwiftProtobuf protoc plugin. [#DeprecatedDeclaration]
2026-08-10T23:45:34.1904420Z 1948 | nonisolated extension Proto_AddMFADeviceSyncResponse: SwiftProtobuf.Message, SwiftProtobuf._MessageImplementationBase, SwiftProtobuf._ProtoNameProviding {
2026-08-10T23:45:34.2011390Z 1949 |   static let protoMessageName: String = _protobuf_package + ".AddMFADeviceSyncResponse"
2026-08-10T23:45:34.2120920Z 1950 |   static let _protobuf_nameMap: SwiftProtobuf._NameMap = [
2026-08-10T23:45:34.2230020Z      |                                                          `- warning: 'init(dictionaryLiteral:)' is deprecated: Please regenerate your .pb.swift files with the current version of the SwiftProtobuf protoc plugin. [#DeprecatedDeclaration]
2026-08-10T23:45:34.2306190Z 1951 |     1: .same(proto: "device"),
2026-08-10T23:45:34.2427540Z 1952 |   ]
2026-08-10T23:45:34.2559270Z 
2026-08-10T23:45:34.2664140Z [#ActorIsolatedCall]: <https://docs.swift.org/compiler/documentation/diagnostics/actor-isolated-call>
2026-08-10T23:45:34.2768220Z [#DeprecatedDeclaration]: <https://docs.swift.org/compiler/documentation/diagnostics/deprecated-declaration>
2026-08-10T23:45:34.2870750Z SwiftCompile normal arm64 Compiling\ SSHClient.swift /Users/runner/work/vvterm/vvterm/VVTerm/Core/SSH/SSHClient.swift (in target 'VVTerm' from project 'VVTerm')
2026-08-10T23:45:34.2974710Z /Users/runner/work/vvterm/vvterm/VVTerm/Core/SSH/SSHClient.swift:118:1: warning: 'nonisolated(unsafe)' has no effect on enum 'SSHClientUITestDebug', consider using 'nonisolated'
2026-08-10T23:45:34.3101060Z  116 | /// channel/socket rejected it. DEBUG-only cross-actor telemetry; benign
2026-08-10T23:45:34.3237650Z  117 | /// data race.
2026-08-10T23:45:34.3339950Z  118 | nonisolated(unsafe) enum SSHClientUITestDebug {
2026-08-10T23:45:34.3441610Z      | `- warning: 'nonisolated(unsafe)' has no effect on enum 'SSHClientUITestDebug', consider using 'nonisolated'
2026-08-10T23:45:34.3542480Z  119 |     static var writeCount = 0
2026-08-10T23:45:34.3644280Z  120 |     static var writeTail = ""
2026-08-10T23:45:34.3745050Z 
2026-08-10T23:45:34.3849720Z /Users/runner/work/vvterm/vvterm/VVTerm/Core/SSH/SSHClient.swift:245:22: warning: main actor-isolated initializer 'init(host:port:dialHost:dialPort:hostKeyHost:hostKeyPort:username:connectionMode:authMethod:credentials:teleportNodeName:connectionTimeout:keepAliveInterval:)' cannot be called from outside of the actor; this is an error in the Swift 6 language mode
2026-08-10T23:45:34.3954360Z  243 |         startupTrace.end(transportToken, detail: server.connectionMode.rawValue)
2026-08-10T23:45:34.4059610Z  244 | 
2026-08-10T23:45:34.4160710Z  245 |         let config = SSHSessionConfig(
2026-08-10T23:45:34.4263070Z      |                      `- warning: main actor-isolated initializer 'init(host:port:dialHost:dialPort:hostKeyHost:hostKeyPort:username:connectionMode:authMethod:credentials:teleportNodeName:connectionTimeout:keepAliveInterval:)' cannot be called from outside of the actor; this is an error in the Swift 6 language mode
2026-08-10T23:45:34.4372950Z  246 |             host: server.host,
2026-08-10T23:45:34.4482290Z  247 |             port: server.port,
2026-08-10T23:45:34.4584280Z 
2026-08-10T23:45:34.4693890Z /Users/runner/work/vvterm/vvterm/VVTerm/Core/SSH/SSHClient.swift:382:20: warning: main actor-isolated instance method 'diagInfo' cannot be called from outside of the actor; this is an error in the Swift 6 language mode
2026-08-10T23:45:34.4794600Z  380 |             )
2026-08-10T23:45:34.4895560Z  381 |             self.finishDisconnect(operationID: operationID)
2026-08-10T23:45:34.4996920Z  382 |             logger.diagInfo("SSHSession", "Disconnected (graceful)")
2026-08-10T23:45:34.5100750Z      |                    `- warning: main actor-isolated instance method 'diagInfo' cannot be called from outside of the actor; this is an error in the Swift 6 language mode
2026-08-10T23:45:34.5225010Z  383 |         }
2026-08-10T23:45:34.5351030Z  384 |         disconnectOperation = DisconnectOperation(id: operationID, task: task)
2026-08-10T23:45:34.5458310Z 
2026-08-10T23:45:34.5567240Z /Users/runner/work/vvterm/vvterm/VVTerm/Core/SSH/SSHClient.swift:1736:28: warning: main actor-isolated static method 'ensureInitialized()' cannot be called from outside of the actor; this is an error in the Swift 6 language mode
2026-08-10T23:45:34.5683770Z 1734 |     func connect() async throws {
2026-08-10T23:45:34.5786700Z 1735 |         try Task.checkCancellation()
2026-08-10T23:45:34.5891560Z 1736 |         try LibSSH2Runtime.ensureInitialized()
2026-08-10T23:45:34.5983190Z      |                            `- warning: main actor-isolated static method 'ensureInitialized()' cannot be called from outside of the actor; this is an error in the Swift 6 language mode
2026-08-10T23:45:34.6092280Z 1737 |         socket = -1
2026-08-10T23:45:34.6200690Z 1738 |         connectedPeerAddress = nil
2026-08-10T23:45:34.6303330Z 
2026-08-10T23:45:34.6404760Z /Users/runner/work/vvterm/vvterm/VVTerm/Core/SSH/SSHClient.swift:1789:90: warning: main actor-isolated static property 'kex' cannot be accessed from outside of the actor; this is an error in the Swift 6 language mode
2026-08-10T23:45:34.6520340Z 1787 |         // failure (LIBSSH2_ERROR_KEX_FAILURE / -5). Order the preferences so
2026-08-10T23:45:34.6627090Z 1788 |         // modern, SHA-2 based algorithms are tried before legacy `ssh-rsa`.
2026-08-10T23:45:34.6756220Z 1789 |         applyMethodPref(session, method: LIBSSH2_METHOD_KEX, prefs: SSHMethodPreferences.kex, label: "kex")
2026-08-10T23:45:34.6859060Z      |                                                                                          `- warning: main actor-isolated static property 'kex' cannot be accessed from outside of the actor; this is an error in the Swift 6 language mode
2026-08-10T23:45:34.6963600Z 1790 |         applyMethodPref(session, method: LIBSSH2_METHOD_HOSTKEY, prefs: SSHMethodPreferences.hostkey, label: "hostkey")
2026-08-10T23:45:34.7067310Z 1791 | 
2026-08-10T23:45:34.7170530Z 
2026-08-10T23:45:34.7274580Z /Users/runner/work/vvterm/vvterm/VVTerm/Core/SSH/SSHClient.swift:1790:94: warning: main actor-isolated static property 'hostkey' cannot be accessed from outside of the actor; this is an error in the Swift 6 language mode
2026-08-10T23:45:34.7379070Z 1788 |         // modern, SHA-2 based algorithms are tried before legacy `ssh-rsa`.
2026-08-10T23:45:34.7485340Z 1789 |         applyMethodPref(session, method: LIBSSH2_METHOD_KEX, prefs: SSHMethodPreferences.kex, label: "kex")
2026-08-10T23:45:34.7591290Z 1790 |         applyMethodPref(session, method: LIBSSH2_METHOD_HOSTKEY, prefs: SSHMethodPreferences.hostkey, label: "hostkey")
2026-08-10T23:45:34.7735940Z      |                                                                                              `- warning: main actor-isolated static property 'hostkey' cannot be accessed from outside of the actor; this is an error in the Swift 6 language mode
2026-08-10T23:45:34.7851060Z 1791 | 
2026-08-10T23:45:34.7977070Z 1792 |         // Set blocking mode for handshake
2026-08-10T23:45:34.8102690Z 
2026-08-10T23:45:34.8213890Z /Users/runner/work/vvterm/vvterm/VVTerm/Core/SSH/SSHClient.swift:1826:24: warning: main actor-isolated initializer 'init()' cannot be called from outside of the actor; this is an error in the Swift 6 language mode
2026-08-10T23:45:34.8318070Z 1824 |             // loop suspends between attempts, releasing the thread to the
2026-08-10T23:45:34.8430260Z 1825 |             // pumps.
2026-08-10T23:45:34.8541030Z 1826 |             let diag = SyncDiag()
2026-08-10T23:45:34.8670360Z      |                        `- warning: main actor-isolated initializer 'init()' cannot be called from outside of the actor; this is an error in the Swift 6 language mode
2026-08-10T23:45:34.8672750Z 1827 |             diag.mark("outer_handshake_begin fd=\(fd) dial=\(dialHost):\(dialPort)")
2026-08-10T23:45:34.8816680Z 1828 |             do {
2026-08-10T23:45:34.8917590Z 
2026-08-10T23:45:34.9053290Z /Users/runner/work/vvterm/vvterm/VVTerm/Core/SSH/SSHClient.swift:1827:18: warning: main actor-isolated instance method 'mark' cannot be called from outside of the actor; this is an error in the Swift 6 language mode
2026-08-10T23:45:34.9182940Z 1825 |             // pumps.
2026-08-10T23:45:34.9284310Z 1826 |             let diag = SyncDiag()
2026-08-10T23:45:34.9496860Z 1827 |             diag.mark("outer_handshake_begin fd=\(fd) dial=\(dialHost):\(dialPort)")
2026-08-10T23:45:34.9599990Z      |                  `- warning: main actor-isolated instance method 'mark' cannot be called from outside of the actor; this is an error in the Swift 6 language mode
2026-08-10T23:45:34.9701840Z 1828 |             do {
2026-08-10T23:45:34.9702310Z 1829 |                 handshakeResult = try await performNonBlockingHandshake(
2026-08-10T23:45:34.9805600Z 
2026-08-10T23:45:34.9914860Z /Users/runner/work/vvterm/vvterm/VVTerm/Core/SSH/SSHClient.swift:1835:22: warning: main actor-isolated instance method 'mark' cannot be called from outside of the actor; this is an error in the Swift 6 language mode
2026-08-10T23:45:35.0031580Z 1833 |                 )
2026-08-10T23:45:35.0132750Z 1834 |             } catch {
2026-08-10T23:45:35.0236420Z 1835 |                 diag.mark("outer_handshake_cancelled")
2026-08-10T23:45:35.0338480Z      |                      `- warning: main actor-isolated instance method 'mark' cannot be called from outside of the actor; this is an error in the Swift 6 language mode
2026-08-10T23:45:35.0442990Z 1836 |                 if let handshakeToken {
2026-08-10T23:45:35.0544860Z 1837 |                     startupTrace?.end(handshakeToken, outcome: "failed", detail: "cancelled")
2026-08-10T23:45:35.0648110Z 
2026-08-10T23:45:35.0753280Z /Users/runner/work/vvterm/vvterm/VVTerm/Core/SSH/SSHClient.swift:1842:18: warning: main actor-isolated instance method 'mark' cannot be called from outside of the actor; this is an error in the Swift 6 language mode
2026-08-10T23:45:35.0855750Z 1840 |                 throw error
2026-08-10T23:45:35.0964390Z 1841 |             }
2026-08-10T23:45:35.1066170Z 1842 |             diag.mark("outer_handshake_returned \(handshakeResult)")
2026-08-10T23:45:35.1168670Z      |                  `- warning: main actor-isolated instance method 'mark' cannot be called from outside of the actor; this is an error in the Swift 6 language mode
2026-08-10T23:45:35.1272180Z 1843 |             // Host-key verification + auth run in blocking mode (as before).
2026-08-10T23:45:35.1374290Z 1844 |             libssh2_session_set_blocking(session, 1)
2026-08-10T23:45:35.1478470Z 
2026-08-10T23:45:35.1585300Z /Users/runner/work/vvterm/vvterm/VVTerm/Core/SSH/SSHClient.swift:1936:39: warning: main actor-isolated static property 'shared' cannot be accessed from outside of the actor; this is an error in the Swift 6 language mode
2026-08-10T23:45:35.1715250Z 1934 |     private func connectTeleportTLS() async throws -> Int32 {
2026-08-10T23:45:35.1821320Z 1935 |         let clusterId = config.credentials.serverId
2026-08-10T23:45:35.1955260Z 1936 |         let keyRing = TeleportKeyRing.shared
2026-08-10T23:45:35.2086410Z      |                                       `- warning: main actor-isolated static property 'shared' cannot be accessed from outside of the actor; this is an error in the Swift 6 language mode
2026-08-10T23:45:35.2195890Z 1937 |         guard let tlsState = await keyRing.clusterTLSState(for: clusterId) else {
2026-08-10T23:45:35.2321490Z 1938 |             logger.error(
2026-08-10T23:45:35.2424620Z 
2026-08-10T23:45:35.2542110Z /Users/runner/work/vvterm/vvterm/VVTerm/Core/SSH/SSHClient.swift:2046:43: warning: main actor-isolated static property 'shared' cannot be accessed from outside of the actor; this is an error in the Swift 6 language mode
2026-08-10T23:45:35.2645320Z 2044 |             // `TeleportLoginCoordinator` flow.
2026-08-10T23:45:35.2747610Z 2045 |             let clusterId = config.credentials.serverId
2026-08-10T23:45:35.2849170Z 2046 |             let keyRing = TeleportKeyRing.shared
2026-08-10T23:45:35.2951410Z      |                                           `- warning: main actor-isolated static property 'shared' cannot be accessed from outside of the actor; this is an error in the Swift 6 language mode
2026-08-10T23:45:35.3053670Z 2047 |             guard let certPEM = await keyRing.liveCertPEM(for: clusterId),
2026-08-10T23:45:35.3161490Z 2048 |                   let certData = certPEM.data(using: .utf8),
2026-08-10T23:45:35.3262880Z 
2026-08-10T23:45:35.3367830Z /Users/runner/work/vvterm/vvterm/VVTerm/Core/SSH/SSHClient.swift:2209:49: warning: call to main actor-isolated instance method 'entry(for:port:)' in a synchronous actor-isolated context [#ActorIsolatedCall]
2026-08-10T23:45:35.3480800Z 2207 |         let port = config.hostKeyPort
2026-08-10T23:45:35.3583310Z 2208 | 
2026-08-10T23:45:35.3685260Z 2209 |         if let entry = KnownHostsManager.shared.entry(for: host, port: port) {
2026-08-10T23:45:35.3808270Z      |                                                 `- warning: call to main actor-isolated instance method 'entry(for:port:)' in a synchronous actor-isolated context [#ActorIsolatedCall]
2026-08-10T23:45:35.3911170Z 2210 |             if entry.fingerprint != fingerprint {
2026-08-10T23:45:35.4013010Z 2211 |                 logger.error(
2026-08-10T23:45:35.4113920Z 
2026-08-10T23:45:35.4215290Z /Users/runner/work/vvterm/vvterm/VVTerm/Core/SSH/KnownHostsManager.swift:24:10: note: calls to instance method 'entry(for:port:)' from outside of its actor context are implicitly asynchronous
2026-08-10T23:45:35.4317200Z 22 |     private init() {}
2026-08-10T23:45:35.4418720Z 23 | 
2026-08-10T23:45:35.4520380Z 24 |     func entry(for host: String, port: Int) -> Entry? {
2026-08-10T23:45:35.4623200Z    |          `- note: calls to instance method 'entry(for:port:)' from outside of its actor context are implicitly asynchronous
2026-08-10T23:45:35.4725480Z 25 |         lock.lock()
2026-08-10T23:45:35.4834840Z 26 |         defer { lock.unlock() }
2026-08-10T23:45:35.4937500Z 
2026-08-10T23:45:35.5039380Z /Users/runner/work/vvterm/vvterm/VVTerm/Core/SSH/SSHClient.swift:2209:42: warning: main actor-isolated static property 'shared' can not be referenced on a nonisolated actor instance
2026-08-10T23:45:35.5040720Z 2207 |         let port = config.hostKeyPort
2026-08-10T23:45:35.5141690Z 2208 | 
2026-08-10T23:45:35.5242750Z 2209 |         if let entry = KnownHostsManager.shared.entry(for: host, port: port) {
2026-08-10T23:45:35.5344340Z      |                                          `- warning: main actor-isolated static property 'shared' can not be referenced on a nonisolated actor instance
2026-08-10T23:45:35.5446460Z 2210 |             if entry.fingerprint != fingerprint {
2026-08-10T23:45:35.5554550Z 2211 |                 logger.error(
2026-08-10T23:45:35.5655390Z 
2026-08-10T23:45:35.5759360Z /Users/runner/work/vvterm/vvterm/VVTerm/Core/SSH/KnownHostsManager.swift:5:16: note: static property declared here
2026-08-10T23:45:35.5866220Z  3 | 
2026-08-10T23:45:35.5967970Z  4 | final class KnownHostsManager: @unchecked Sendable {
2026-08-10T23:45:35.6070930Z  5 |     static let shared = KnownHostsManager()
2026-08-10T23:45:35.6172120Z    |                `- note: static property declared here
2026-08-10T23:45:35.6273680Z  6 | 
2026-08-10T23:45:35.6387200Z  7 |     struct Entry: Codable {
2026-08-10T23:45:35.6487930Z 
2026-08-10T23:45:35.6590300Z /Users/runner/work/vvterm/vvterm/VVTerm/Core/SSH/SSHClient.swift:2216:38: warning: call to main actor-isolated instance method 'updateSeen(host:port:)' in a synchronous actor-isolated context [#ActorIsolatedCall]
2026-08-10T23:45:35.6697160Z 2214 |                 throw SSHError.hostKeyVerificationFailed
2026-08-10T23:45:35.6798270Z 2215 |             }
2026-08-10T23:45:35.6900970Z 2216 |             KnownHostsManager.shared.updateSeen(host: host, port: port)
2026-08-10T23:45:35.7005960Z      |                                      `- warning: call to main actor-isolated instance method 'updateSeen(host:port:)' in a synchronous actor-isolated context [#ActorIsolatedCall]
2026-08-10T23:45:35.7108830Z 2217 |             logger.info("Host key verified for \(host, privacy: .private(mask: .hash)):\(port)")
2026-08-10T23:45:35.7210150Z 2218 |             return
2026-08-10T23:45:35.7311130Z 
2026-08-10T23:45:35.7413460Z /Users/runner/work/vvterm/vvterm/VVTerm/Core/SSH/KnownHostsManager.swift:30:10: note: calls to instance method 'updateSeen(host:port:)' from outside of its actor context are implicitly asynchronous
2026-08-10T23:45:35.7515880Z 28 |     }
2026-08-10T23:45:35.7617680Z 29 | 
2026-08-10T23:45:35.7762350Z 30 |     func updateSeen(host: String, port: Int) {
2026-08-10T23:45:35.7933400Z    |          `- note: calls to instance method 'updateSeen(host:port:)' from outside of its actor context are implicitly asynchronous
2026-08-10T23:45:35.8055840Z 31 |         lock.lock()
2026-08-10T23:45:35.8199240Z 32 |         defer { lock.unlock() }
2026-08-10T23:45:35.8330660Z 
2026-08-10T23:45:35.8436800Z /Users/runner/work/vvterm/vvterm/VVTerm/Core/SSH/SSHClient.swift:2216:31: warning: main actor-isolated static property 'shared' can not be referenced on a nonisolated actor instance
2026-08-10T23:45:35.8585500Z 2214 |                 throw SSHError.hostKeyVerificationFailed
2026-08-10T23:45:35.8749660Z 2215 |             }
2026-08-10T23:45:35.8879870Z 2216 |             KnownHostsManager.shared.updateSeen(host: host, port: port)
2026-08-10T23:45:35.8997310Z      |                               `- warning: main actor-isolated static property 'shared' can not be referenced on a nonisolated actor instance
2026-08-10T23:45:35.8999010Z 2217 |             logger.info("Host key verified for \(host, privacy: .private(mask: .hash)):\(port)")
2026-08-10T23:45:35.9136810Z 2218 |             return
2026-08-10T23:45:35.9238440Z 
2026-08-10T23:45:35.9343290Z /Users/runner/work/vvterm/vvterm/VVTerm/Core/SSH/KnownHostsManager.swift:5:16: note: static property declared here
2026-08-10T23:45:35.9444890Z  3 | 
2026-08-10T23:45:35.9547580Z  4 | final class KnownHostsManager: @unchecked Sendable {
2026-08-10T23:45:35.9651300Z  5 |     static let shared = KnownHostsManager()
2026-08-10T23:45:35.9755600Z    |                `- note: static property declared here
2026-08-10T23:45:35.9857750Z  6 | 
2026-08-10T23:45:35.9962350Z  7 |     struct Entry: Codable {
2026-08-10T23:45:36.0064130Z 
2026-08-10T23:45:36.0166800Z /Users/runner/work/vvterm/vvterm/VVTerm/Core/SSH/SSHClient.swift:2229:34: warning: call to main actor-isolated instance method 'save(entry:)' in a synchronous actor-isolated context [#ActorIsolatedCall]
2026-08-10T23:45:36.0268700Z 2227 |             lastSeenAt: Date()
2026-08-10T23:45:36.0370300Z 2228 |         )
2026-08-10T23:45:36.0472020Z 2229 |         KnownHostsManager.shared.save(entry: entry)
2026-08-10T23:45:36.0574500Z      |                                  `- warning: call to main actor-isolated instance method 'save(entry:)' in a synchronous actor-isolated context [#ActorIsolatedCall]
2026-08-10T23:45:36.0677690Z 2230 |         logger.info(
2026-08-10T23:45:36.0779240Z 2231 |             "Trusted new host key for \(host, privacy: .private(mask: .hash)):\(port) (\(fingerprint, privacy: .private(mask: .hash)))"
2026-08-10T23:45:36.0881010Z 
2026-08-10T23:45:36.0982720Z /Users/runner/work/vvterm/vvterm/VVTerm/Core/SSH/KnownHostsManager.swift:42:10: note: calls to instance method 'save(entry:)' from outside of its actor context are implicitly asynchronous
2026-08-10T23:45:36.1085070Z 40 |     }
2026-08-10T23:45:36.1186510Z 41 | 
2026-08-10T23:45:36.1287580Z 42 |     func save(entry: Entry) {
2026-08-10T23:45:36.1389260Z    |          `- note: calls to instance method 'save(entry:)' from outside of its actor context are implicitly asynchronous
2026-08-10T23:45:36.1495580Z 43 |         lock.lock()
2026-08-10T23:45:36.1616410Z 44 |         defer { lock.unlock() }
2026-08-10T23:45:36.1723980Z 
2026-08-10T23:45:36.1826690Z /Users/runner/work/vvterm/vvterm/VVTerm/Core/SSH/SSHClient.swift:2229:27: warning: main actor-isolated static property 'shared' can not be referenced on a nonisolated actor instance
2026-08-10T23:45:36.1929240Z 2227 |             lastSeenAt: Date()
2026-08-10T23:45:36.2055080Z 2228 |         )
2026-08-10T23:45:36.2158310Z 2229 |         KnownHostsManager.shared.save(entry: entry)
2026-08-10T23:45:36.2262340Z      |                           `- warning: main actor-isolated static property 'shared' can not be referenced on a nonisolated actor instance
2026-08-10T23:45:36.2364060Z 2230 |         logger.info(
2026-08-10T23:45:36.2465880Z 2231 |             "Trusted new host key for \(host, privacy: .private(mask: .hash)):\(port) (\(fingerprint, privacy: .private(mask: .hash)))"
2026-08-10T23:45:36.2567620Z 
2026-08-10T23:45:36.2669060Z /Users/runner/work/vvterm/vvterm/VVTerm/Core/SSH/KnownHostsManager.swift:5:16: note: static property declared here
2026-08-10T23:45:36.2772330Z  3 | 
2026-08-10T23:45:36.2887520Z  4 | final class KnownHostsManager: @unchecked Sendable {
2026-08-10T23:45:36.2990800Z  5 |     static let shared = KnownHostsManager()
2026-08-10T23:45:36.3094930Z    |                `- note: static property declared here
2026-08-10T23:45:36.3198760Z  6 | 
2026-08-10T23:45:36.3301250Z  7 |     struct Entry: Codable {
2026-08-10T23:45:36.3404810Z 
2026-08-10T23:45:36.3507110Z /Users/runner/work/vvterm/vvterm/VVTerm/Core/SSH/SSHClient.swift:2255:16: warning: main actor-isolated instance method 'diagInfo' cannot be called from outside of the actor; this is an error in the Swift 6 language mode
2026-08-10T23:45:36.3610220Z 2253 |         cleanupLibssh2()
2026-08-10T23:45:36.3610680Z 2254 | 
2026-08-10T23:45:36.3611430Z 2255 |         logger.diagInfo("SSHSession", "Disconnected")
2026-08-10T23:45:36.3712900Z      |                `- warning: main actor-isolated instance method 'diagInfo' cannot be called from outside of the actor; this is an error in the Swift 6 language mode
2026-08-10T23:45:36.3814980Z 2256 |     }
2026-08-10T23:45:36.3916140Z 2257 | 
2026-08-10T23:45:36.4016920Z 
2026-08-10T23:45:36.4138860Z /Users/runner/work/vvterm/vvterm/VVTerm/Core/SSH/SSHClient.swift:2402:45: warning: main actor-isolated static method 'normalize(_:relativeTo:)' cannot be called from outside of the actor; this is an error in the Swift 6 language mode
2026-08-10T23:45:36.4241370Z 2400 |     func listDirectory(at path: String, maxEntries: Int? = nil) async throws -> [RemoteFileEntry] {
2026-08-10T23:45:36.4343330Z 2401 |         let sftp = try await ensureSFTPSession()
2026-08-10T23:45:36.4447880Z 2402 |         let normalizedPath = RemoteFilePath.normalize(path)
2026-08-10T23:45:36.4550070Z      |                                             `- warning: main actor-isolated static method 'normalize(_:relativeTo:)' cannot be called from outside of the actor; this is an error in the Swift 6 language mode
2026-08-10T23:45:36.4652730Z 2403 |         let handle = try await openDirectoryHandle(at: normalizedPath, sftp: sftp)
2026-08-10T23:45:36.4754460Z 2404 |         defer { libssh2_sftp_close_handle(handle) }
2026-08-10T23:45:36.4855290Z 
2026-08-10T23:45:36.4957570Z /Users/runner/work/vvterm/vvterm/VVTerm/Core/SSH/SSHClient.swift:2435:48: warning: main actor-isolated static method 'appending(_:to:)' cannot be called from outside of the actor; this is an error in the Swift 6 language mode
2026-08-10T23:45:36.5060510Z 2433 |                 guard name != "." && name != ".." else { continue }
2026-08-10T23:45:36.5174580Z 2434 | 
2026-08-10T23:45:36.5308930Z 2435 |                 let entryPath = RemoteFilePath.appending(name, to: normalizedPath)
2026-08-10T23:45:36.5419560Z      |                                                `- warning: main actor-isolated static method 'appending(_:to:)' cannot be called from outside of the actor; this is an error in the Swift 6 language mode
2026-08-10T23:45:36.5545610Z 2436 |                 let baseEntry = RemoteFileEntry.from(
2026-08-10T23:45:36.5679890Z 2437 |                     name: name,
2026-08-10T23:45:36.5784220Z 
2026-08-10T23:45:36.5891150Z /Users/runner/work/vvterm/vvterm/VVTerm/Core/SSH/SSHClient.swift:2436:49: warning: main actor-isolated static method 'from(name:path:attributes:symlinkTarget:)' cannot be called from outside of the actor; this is an error in the Swift 6 language mode
2026-08-10T23:45:36.6032800Z 2434 | 
2026-08-10T23:45:36.6168840Z 2435 |                 let entryPath = RemoteFilePath.appending(name, to: normalizedPath)
2026-08-10T23:45:36.6297250Z 2436 |                 let baseEntry = RemoteFileEntry.from(
2026-08-10T23:45:36.6399870Z      |                                                 `- warning: main actor-isolated static method 'from(name:path:attributes:symlinkTarget:)' cannot be called from outside of the actor; this is an error in the Swift 6 language mode
2026-08-10T23:45:36.6503020Z 2437 |                     name: name,
2026-08-10T23:45:36.6629130Z 2438 |                     path: entryPath,
2026-08-10T23:45:36.6730190Z 
2026-08-10T23:45:36.6832970Z /Users/runner/work/vvterm/vvterm/VVTerm/Core/SSH/SSHClient.swift:2443:37: warning: main actor-isolated static method 'from(name:path:attributes:symlinkTarget:)' cannot be called from outside of the actor; this is an error in the Swift 6 language mode
2026-08-10T23:45:36.6939180Z 2441 |                 let symlinkTarget = baseEntry.type == .symlink ? (try? await readlink(at: entryPath)) : nil
2026-08-10T23:45:36.7048170Z 2442 |                 entries.append(
2026-08-10T23:45:36.7150650Z 2443 |                     RemoteFileEntry.from(
2026-08-10T23:45:36.7267830Z      |                                     `- warning: main actor-isolated static method 'from(name:path:attributes:symlinkTarget:)' cannot be called from outside of the actor; this is an error in the Swift 6 language mode
2026-08-10T23:45:36.7387190Z 2444 |                         name: name,
2026-08-10T23:45:36.7491860Z 2445 |                         path: entryPath,
2026-08-10T23:45:36.7593180Z 
2026-08-10T23:45:36.7695890Z /Users/runner/work/vvterm/vvterm/VVTerm/Core/SSH/SSHClient.swift:2485:45: warning: main actor-isolated static method 'normalize(_:relativeTo:)' cannot be called from outside of the actor; this is an error in the Swift 6 language mode
2026-08-10T23:45:36.7800710Z 2483 | 
2026-08-10T23:45:36.7905520Z 2484 |         let sftp = try await ensureSFTPSession()
2026-08-10T23:45:36.8009930Z 2485 |         let normalizedPath = RemoteFilePath.normalize(path)
2026-08-10T23:45:36.8112660Z      |                                             `- warning: main actor-isolated static method 'normalize(_:relativeTo:)' cannot be called from outside of the actor; this is an error in the Swift 6 language mode
2026-08-10T23:45:36.8214510Z 2486 |         let handle = try await openFileHandle(
2026-08-10T23:45:36.8215070Z 2487 |             at: normalizedPath,
2026-08-10T23:45:36.8316390Z 
2026-08-10T23:45:36.8418750Z /Users/runner/work/vvterm/vvterm/VVTerm/Core/SSH/SSHClient.swift:2539:45: warning: main actor-isolated static method 'normalize(_:relativeTo:)' cannot be called from outside of the actor; this is an error in the Swift 6 language mode
2026-08-10T23:45:36.8522460Z 2537 |     func downloadFile(at path: String, to localURL: URL) async throws {
2026-08-10T23:45:36.8623930Z 2538 |         let sftp = try await ensureSFTPSession()
2026-08-10T23:45:36.8727850Z 2539 |         let normalizedPath = RemoteFilePath.normalize(path)
2026-08-10T23:45:36.8831020Z      |                                             `- warning: main actor-isolated static method 'normalize(_:relativeTo:)' cannot be called from outside of the actor; this is an error in the Swift 6 language mode
2026-08-10T23:45:36.8934730Z 2540 |         let handle = try await openFileHandle(
2026-08-10T23:45:36.9038170Z 2541 |             at: normalizedPath,
2026-08-10T23:45:36.9139300Z 
2026-08-10T23:45:36.9242140Z /Users/runner/work/vvterm/vvterm/VVTerm/Core/SSH/SSHClient.swift:2604:45: warning: main actor-isolated static method 'normalize(_:relativeTo:)' cannot be called from outside of the actor; this is an error in the Swift 6 language mode
2026-08-10T23:45:36.9344640Z 2602 |     func writeFile(_ data: Data, to path: String, permissions: Int32 = 0o644) async throws {
2026-08-10T23:45:36.9445580Z 2603 |         let sftp = try await ensureSFTPSession()
2026-08-10T23:45:36.9554310Z 2604 |         let normalizedPath = RemoteFilePath.normalize(path)
2026-08-10T23:45:36.9657760Z      |                                             `- warning: main actor-isolated static method 'normalize(_:relativeTo:)' cannot be called from outside of the actor; this is an error in the Swift 6 language mode
2026-08-10T23:45:36.9763560Z 2605 |         let handle = try await openFileHandle(
2026-08-10T23:45:36.9864820Z 2606 |             at: normalizedPath,
2026-08-10T23:45:36.9965840Z 
2026-08-10T23:45:37.0067390Z /Users/runner/work/vvterm/vvterm/VVTerm/Core/SSH/SSHClient.swift:2649:45: warning: main actor-isolated static method 'normalize(_:relativeTo:)' cannot be called from outside of the actor; this is an error in the Swift 6 language mode
2026-08-10T23:45:37.0169800Z 2647 |     func fileSystemStatus(at path: String) async throws -> RemoteFileFilesystemStatus {
2026-08-10T23:45:37.0271820Z 2648 |         let sftp = try await ensureSFTPSession()
2026-08-10T23:45:37.0373270Z 2649 |         let normalizedPath = RemoteFilePath.normalize(path)
2026-08-10T23:45:37.0474660Z      |                                             `- warning: main actor-isolated static method 'normalize(_:relativeTo:)' cannot be called from outside of the actor; this is an error in the Swift 6 language mode
2026-08-10T23:45:37.0576110Z 2650 |         var status = LIBSSH2_SFTP_STATVFS()
2026-08-10T23:45:37.0677850Z 2651 | 
2026-08-10T23:45:37.0778330Z 
2026-08-10T23:45:37.0880950Z /Users/runner/work/vvterm/vvterm/VVTerm/Core/SSH/SSHClient.swift:2686:45: warning: main actor-isolated static method 'normalize(_:relativeTo:)' cannot be called from outside of the actor; this is an error in the Swift 6 language mode
2026-08-10T23:45:37.0983990Z 2684 |     func createDirectory(at path: String, permissions: Int32 = 0o755) async throws {
2026-08-10T23:45:37.1085490Z 2685 |         let sftp = try await ensureSFTPSession()
2026-08-10T23:45:37.1186420Z 2686 |         let normalizedPath = RemoteFilePath.normalize(path)
2026-08-10T23:45:37.1287860Z      |                                             `- warning: main actor-isolated static method 'normalize(_:relativeTo:)' cannot be called from outside of the actor; this is an error in the Swift 6 language mode
2026-08-10T23:45:37.1389600Z 2687 |         try await performSFTPMutation(
2026-08-10T23:45:37.1490510Z 2688 |             at: normalizedPath,
2026-08-10T23:45:37.1591000Z 
2026-08-10T23:45:37.1692440Z /Users/runner/work/vvterm/vvterm/VVTerm/Core/SSH/SSHClient.swift:2705:45: warning: main actor-isolated static method 'normalize(_:relativeTo:)' cannot be called from outside of the actor; this is an error in the Swift 6 language mode
2026-08-10T23:45:37.1794490Z 2703 |     func setPermissions(at path: String, permissions: UInt32) async throws {
2026-08-10T23:45:37.1895780Z 2704 |         let sftp = try await ensureSFTPSession()
2026-08-10T23:45:37.1996990Z 2705 |         let normalizedPath = RemoteFilePath.normalize(path)
2026-08-10T23:45:37.2098450Z      |                                             `- warning: main actor-isolated static method 'normalize(_:relativeTo:)' cannot be called from outside of the actor; this is an error in the Swift 6 language mode
2026-08-10T23:45:37.2199620Z 2706 |         var attributes = LIBSSH2_SFTP_ATTRIBUTES()
2026-08-10T23:45:37.2300470Z 2707 |         attributes.flags = UInt(LIBSSH2_SFTP_ATTR_PERMISSIONS)
2026-08-10T23:45:37.2406830Z 
2026-08-10T23:45:37.2508450Z /Users/runner/work/vvterm/vvterm/VVTerm/Core/SSH/SSHClient.swift:2738:47: warning: main actor-isolated static method 'normalize(_:relativeTo:)' cannot be called from outside of the actor; this is an error in the Swift 6 language mode
2026-08-10T23:45:37.2610470Z 2736 |     func renameItem(at sourcePath: String, to destinationPath: String) async throws {
2026-08-10T23:45:37.2764560Z 2737 |         let sftp = try await ensureSFTPSession()
2026-08-10T23:45:37.2923860Z 2738 |         let normalizedSource = RemoteFilePath.normalize(sourcePath)
2026-08-10T23:45:37.3059060Z      |                                               `- warning: main actor-isolated static method 'normalize(_:relativeTo:)' cannot be called from outside of the actor; this is an error in the Swift 6 language mode
2026-08-10T23:45:37.3296330Z 2739 |         let normalizedDestination = RemoteFilePath.normalize(destinationPath)
2026-08-10T23:45:37.3297580Z 2740 |         let renameFlagCandidates: [Int] = [
2026-08-10T23:45:37.3445280Z 
2026-08-10T23:45:37.3589510Z /Users/runner/work/vvterm/vvterm/VVTerm/Core/SSH/SSHClient.swift:2739:52: warning: main actor-isolated static method 'normalize(_:relativeTo:)' cannot be called from outside of the actor; this is an error in the Swift 6 language mode
2026-08-10T23:45:37.3754010Z 2737 |         let sftp = try await ensureSFTPSession()
2026-08-10T23:45:37.3892190Z 2738 |         let normalizedSource = RemoteFilePath.normalize(sourcePath)
2026-08-10T23:45:37.3994380Z 2739 |         let normalizedDestination = RemoteFilePath.normalize(destinationPath)
2026-08-10T23:45:37.4100720Z      |                                                    `- warning: main actor-isolated static method 'normalize(_:relativeTo:)' cannot be called from outside of the actor; this is an error in the Swift 6 language mode
2026-08-10T23:45:37.4202060Z 2740 |         let renameFlagCandidates: [Int] = [
2026-08-10T23:45:37.4303020Z 2741 |             Int(LIBSSH2_SFTP_RENAME_OVERWRITE) |
2026-08-10T23:45:37.4404330Z 
2026-08-10T23:45:37.4507460Z /Users/runner/work/vvterm/vvterm/VVTerm/Core/SSH/SSHClient.swift:2783:45: warning: main actor-isolated static method 'normalize(_:relativeTo:)' cannot be called from outside of the actor; this is an error in the Swift 6 language mode
2026-08-10T23:45:37.4610270Z 2781 |     func deleteFile(at path: String) async throws {
2026-08-10T23:45:37.4712120Z 2782 |         let sftp = try await ensureSFTPSession()
2026-08-10T23:45:37.4813830Z 2783 |         let normalizedPath = RemoteFilePath.normalize(path)
2026-08-10T23:45:37.4920980Z      |                                             `- warning: main actor-isolated static method 'normalize(_:relativeTo:)' cannot be called from outside of the actor; this is an error in the Swift 6 language mode
2026-08-10T23:45:37.4922260Z 2784 |         try await performSFTPMutation(
2026-08-10T23:45:37.5025260Z 2785 |             at: normalizedPath,
2026-08-10T23:45:37.5131170Z 
2026-08-10T23:45:37.5309260Z /Users/runner/work/vvterm/vvterm/VVTerm/Core/SSH/SSHClient.swift:2801:45: warning: main actor-isolated static method 'normalize(_:relativeTo:)' cannot be called from outside of the actor; this is an error in the Swift 6 language mode
2026-08-10T23:45:37.5438890Z 2799 |     func deleteDirectory(at path: String) async throws {
2026-08-10T23:45:37.5546130Z 2800 |         let sftp = try await ensureSFTPSession()
2026-08-10T23:45:37.5649680Z 2801 |         let normalizedPath = RemoteFilePath.normalize(path)
2026-08-10T23:45:37.5770900Z      |                                             `- warning: main actor-isolated static method 'normalize(_:relativeTo:)' cannot be called from outside of the actor; this is an error in the Swift 6 language mode
2026-08-10T23:45:37.5891370Z 2802 |         try await performSFTPMutation(
2026-08-10T23:45:37.6015310Z 2803 |             at: normalizedPath,
2026-08-10T23:45:37.6131590Z 
2026-08-10T23:45:37.6268080Z /Users/runner/work/vvterm/vvterm/VVTerm/Core/SSH/SSHClient.swift:3112:48: warning: main actor-isolated static method 'request(for:port:cluster:)' cannot be called from outside of the actor; this is an error in the Swift 6 language mode
2026-08-10T23:45:37.6374420Z 3110 |         //    servers, the display name IS the node name (e.g. "pcad-dev").
2026-08-10T23:45:37.6522200Z 3111 |         let nodeName = config.teleportNodeName ?? config.host
2026-08-10T23:45:37.6628310Z 3112 |         let subsystem = TeleportProxySubsystem.request(for: nodeName)
2026-08-10T23:45:37.6745000Z      |                                                `- warning: main actor-isolated static method 'request(for:port:cluster:)' cannot be called from outside of the actor; this is an error in the Swift 6 language mode
2026-08-10T23:45:37.6883690Z 3113 |         let subsystemResult: Int32
2026-08-10T23:45:37.7018930Z 3114 |         do {
2026-08-10T23:45:37.7127220Z 
2026-08-10T23:45:37.7329690Z /Users/runner/work/vvterm/vvterm/VVTerm/Core/SSH/SSHClient.swift:3215:20: warning: main actor-isolated initializer 'init()' cannot be called from outside of the actor; this is an error in the Swift 6 language mode
2026-08-10T23:45:37.7412050Z 3213 |         // Sync file-marker diagnostics (bypasses os_log) so we can trace
2026-08-10T23:45:37.7545610Z 3214 |         // progress even if the sim's os_log pipeline wedges.
2026-08-10T23:45:37.7678240Z 3215 |         let diag = SyncDiag()
2026-08-10T23:45:37.7790280Z      |                    `- warning: main actor-isolated initializer 'init()' cannot be called from outside of the actor; this is an error in the Swift 6 language mode
2026-08-10T23:45:37.7923120Z 3216 |         diag.mark("after inner_mac_sc")
2026-08-10T23:45:37.8040950Z 3217 | 
2026-08-10T23:45:37.8163380Z 
2026-08-10T23:45:37.8267910Z /Users/runner/work/vvterm/vvterm/VVTerm/Core/SSH/SSHClient.swift:3216:14: warning: main actor-isolated instance method 'mark' cannot be called from outside of the actor; this is an error in the Swift 6 language mode
2026-08-10T23:45:37.8382660Z 3214 |         // progress even if the sim's os_log pipeline wedges.
2026-08-10T23:45:37.8489620Z 3215 |         let diag = SyncDiag()
2026-08-10T23:45:37.8633330Z 3216 |         diag.mark("after inner_mac_sc")
2026-08-10T23:45:37.8754550Z      |              `- warning: main actor-isolated instance method 'mark' cannot be called from outside of the actor; this is an error in the Swift 6 language mode
2026-08-10T23:45:37.8901900Z 3217 | 
2026-08-10T23:45:37.9012830Z 3218 |         // Non-blocking EAGAIN-loop handshake (see performNonBlockingHandshake):
2026-08-10T23:45:37.9120210Z 
2026-08-10T23:45:37.9329500Z /Users/runner/work/vvterm/vvterm/VVTerm/Core/SSH/SSHClient.swift:3224:14: warning: main actor-isolated instance method 'mark' cannot be called from outside of the actor; this is an error in the Swift 6 language mode
2026-08-10T23:45:37.9431210Z 3222 |         // attempts; host-key verification + cert auth below run in blocking
2026-08-10T23:45:37.9534060Z 3223 |         // mode (restored after the loop), matching the pre-stall behavior.
2026-08-10T23:45:37.9643510Z 3224 |         diag.mark("inner_handshake_call_start")
2026-08-10T23:45:37.9745630Z      |              `- warning: main actor-isolated instance method 'mark' cannot be called from outside of the actor; this is an error in the Swift 6 language mode
2026-08-10T23:45:37.9845470Z 3225 |         let handshakeResult: Int32
2026-08-10T23:45:37.9947060Z 3226 |         do {
2026-08-10T23:45:38.0047910Z 
2026-08-10T23:45:38.0153550Z /Users/runner/work/vvterm/vvterm/VVTerm/Core/SSH/SSHClient.swift:3233:18: warning: main actor-isolated instance method 'mark' cannot be called from outside of the actor; this is an error in the Swift 6 language mode
2026-08-10T23:45:38.0261120Z 3231 |             )
2026-08-10T23:45:38.0366690Z 3232 |         } catch {
2026-08-10T23:45:38.0472770Z 3233 |             diag.mark("inner_handshake_cancelled")
2026-08-10T23:45:38.0576520Z      |                  `- warning: main actor-isolated instance method 'mark' cannot be called from outside of the actor; this is an error in the Swift 6 language mode
2026-08-10T23:45:38.0681880Z 3234 |             shouldInvalidateTransport = true
2026-08-10T23:45:38.0802880Z 3235 |             throw error
2026-08-10T23:45:38.0919070Z 
2026-08-10T23:45:38.1023850Z /Users/runner/work/vvterm/vvterm/VVTerm/Core/SSH/SSHClient.swift:3237:14: warning: main actor-isolated instance method 'mark' cannot be called from outside of the actor; this is an error in the Swift 6 language mode
2026-08-10T23:45:38.1141690Z 3235 |             throw error
2026-08-10T23:45:38.1243320Z 3236 |         }
2026-08-10T23:45:38.1348160Z 3237 |         diag.mark("handshake returned \(handshakeResult)")
2026-08-10T23:45:38.1449820Z      |              `- warning: main actor-isolated instance method 'mark' cannot be called from outside of the actor; this is an error in the Swift 6 language mode
2026-08-10T23:45:38.1552040Z 3238 |         // Host-key verification + cert auth run in blocking mode (as before).
2026-08-10T23:45:38.1653310Z 3239 |         libssh2_session_set_blocking(innerSession, 1)
2026-08-10T23:45:38.1754260Z 
2026-08-10T23:45:38.1855900Z /Users/runner/work/vvterm/vvterm/VVTerm/Core/SSH/SSHClient.swift:3470:16: warning: main actor-isolated instance method 'diagInfo' cannot be called from outside of the actor; this is an error in the Swift 6 language mode
2026-08-10T23:45:38.1957820Z 3468 |         }
2026-08-10T23:45:38.2059280Z 3469 |         if let innerShellToken { startupTrace?.end(innerShellToken) }
2026-08-10T23:45:38.2162230Z 3470 |         logger.diagInfo("SSHSession", "Teleport inner shell started (\(cols)x\(rows))")
2026-08-10T23:45:38.2263940Z      |                `- warning: main actor-isolated instance method 'diagInfo' cannot be called from outside of the actor; this is an error in the Swift 6 language mode
2026-08-10T23:45:38.2365510Z 3471 | 
2026-08-10T23:45:38.2466700Z 3472 |         // 10. Wrap the inner channel in a ShellHandle. The inner channel is
2026-08-10T23:45:38.2567480Z 
2026-08-10T23:45:38.2669210Z /Users/runner/work/vvterm/vvterm/VVTerm/Core/SSH/SSHClient.swift:3502:49: warning: call to main actor-isolated instance method 'entry(for:port:)' in a synchronous actor-isolated context [#ActorIsolatedCall]
2026-08-10T23:45:38.2774950Z 3500 |     ) throws {
2026-08-10T23:45:38.2889320Z 3501 |         let (fingerprint, keyType) = try innerHostKeyFingerprint(for: session)
2026-08-10T23:45:38.2991130Z 3502 |         if let entry = KnownHostsManager.shared.entry(for: host, port: port) {
2026-08-10T23:45:38.3092770Z      |                                                 `- warning: call to main actor-isolated instance method 'entry(for:port:)' in a synchronous actor-isolated context [#ActorIsolatedCall]
2026-08-10T23:45:38.3194250Z 3503 |             if entry.fingerprint != fingerprint {
2026-08-10T23:45:38.3295410Z 3504 |                 logger.error(
2026-08-10T23:45:38.3397880Z 
2026-08-10T23:45:38.3499570Z /Users/runner/work/vvterm/vvterm/VVTerm/Core/SSH/KnownHostsManager.swift:24:10: note: calls to instance method 'entry(for:port:)' from outside of its actor context are implicitly asynchronous
2026-08-10T23:45:38.3601340Z 22 |     private init() {}
2026-08-10T23:45:38.3702340Z 23 | 
2026-08-10T23:45:38.3804270Z 24 |     func entry(for host: String, port: Int) -> Entry? {
2026-08-10T23:45:38.3932960Z    |          `- note: calls to instance method 'entry(for:port:)' from outside of its actor context are implicitly asynchronous
2026-08-10T23:45:38.4048280Z 25 |         lock.lock()
2026-08-10T23:45:38.4172250Z 26 |         defer { lock.unlock() }
2026-08-10T23:45:38.4310140Z 
2026-08-10T23:45:38.4450640Z /Users/runner/work/vvterm/vvterm/VVTerm/Core/SSH/SSHClient.swift:3502:42: warning: main actor-isolated static property 'shared' can not be referenced on a nonisolated actor instance
2026-08-10T23:45:38.4580930Z 3500 |     ) throws {
2026-08-10T23:45:38.4714050Z 3501 |         let (fingerprint, keyType) = try innerHostKeyFingerprint(for: session)
2026-08-10T23:45:38.4826590Z 3502 |         if let entry = KnownHostsManager.shared.entry(for: host, port: port) {
2026-08-10T23:45:38.4970270Z      |                                          `- warning: main actor-isolated static property 'shared' can not be referenced on a nonisolated actor instance
2026-08-10T23:45:38.5131490Z 3503 |             if entry.fingerprint != fingerprint {
2026-08-10T23:45:38.5235130Z 3504 |                 logger.error(
2026-08-10T23:45:38.5335890Z 
2026-08-10T23:45:38.5436910Z /Users/runner/work/vvterm/vvterm/VVTerm/Core/SSH/KnownHostsManager.swift:5:16: note: static property declared here
2026-08-10T23:45:38.5437760Z  3 | 
2026-08-10T23:45:38.5538580Z  4 | final class KnownHostsManager: @unchecked Sendable {
2026-08-10T23:45:38.5639590Z  5 |     static let shared = KnownHostsManager()
2026-08-10T23:45:38.5740670Z    |                `- note: static property declared here
2026-08-10T23:45:38.5841720Z  6 | 
2026-08-10T23:45:38.5942600Z  7 |     struct Entry: Codable {
2026-08-10T23:45:38.6043300Z 
2026-08-10T23:45:38.6146330Z /Users/runner/work/vvterm/vvterm/VVTerm/Core/SSH/SSHClient.swift:3509:38: warning: call to main actor-isolated instance method 'updateSeen(host:port:)' in a synchronous actor-isolated context [#ActorIsolatedCall]
2026-08-10T23:45:38.6249110Z 3507 |                 throw SSHError.hostKeyVerificationFailed
2026-08-10T23:45:38.6349980Z 3508 |             }
2026-08-10T23:45:38.6582060Z 3509 |             KnownHostsManager.shared.updateSeen(host: host, port: port)
2026-08-10T23:45:38.6686140Z      |                                      `- warning: call to main actor-isolated instance method 'updateSeen(host:port:)' in a synchronous actor-isolated context [#ActorIsolatedCall]
2026-08-10T23:45:38.6790890Z 3510 |             logger.info("Inner host key verified for \(host, privacy: .private(mask: .hash)):\(port)")
2026-08-10T23:45:38.6919800Z 3511 |             return
2026-08-10T23:45:38.7021040Z 
2026-08-10T23:45:38.7128570Z /Users/runner/work/vvterm/vvterm/VVTerm/Core/SSH/KnownHostsManager.swift:30:10: note: calls to instance method 'updateSeen(host:port:)' from outside of its actor context are implicitly asynchronous
2026-08-10T23:45:38.7240490Z 28 |     }
2026-08-10T23:45:38.7341150Z 29 | 
2026-08-10T23:45:38.7447560Z 30 |     func updateSeen(host: String, port: Int) {
2026-08-10T23:45:38.7549420Z    |          `- note: calls to instance method 'updateSeen(host:port:)' from outside of its actor context are implicitly asynchronous
2026-08-10T23:45:38.7650840Z 31 |         lock.lock()
2026-08-10T23:45:38.7752640Z 32 |         defer { lock.unlock() }
2026-08-10T23:45:38.7890920Z 
2026-08-10T23:45:38.7993630Z /Users/runner/work/vvterm/vvterm/VVTerm/Core/SSH/SSHClient.swift:3509:31: warning: main actor-isolated static property 'shared' can not be referenced on a nonisolated actor instance
2026-08-10T23:45:38.8104710Z 3507 |                 throw SSHError.hostKeyVerificationFailed
2026-08-10T23:45:38.8220190Z 3508 |             }
2026-08-10T23:45:38.8345940Z 3509 |             KnownHostsManager.shared.updateSeen(host: host, port: port)
2026-08-10T23:45:38.8448160Z      |                               `- warning: main actor-isolated static property 'shared' can not be referenced on a nonisolated actor instance
2026-08-10T23:45:38.8549600Z 3510 |             logger.info("Inner host key verified for \(host, privacy: .private(mask: .hash)):\(port)")
2026-08-10T23:45:38.8651030Z 3511 |             return
2026-08-10T23:45:38.8751710Z 
2026-08-10T23:45:38.8852920Z /Users/runner/work/vvterm/vvterm/VVTerm/Core/SSH/KnownHostsManager.swift:5:16: note: static property declared here
2026-08-10T23:45:38.8967090Z  3 | 
2026-08-10T23:45:38.9070260Z  4 | final class KnownHostsManager: @unchecked Sendable {
2026-08-10T23:45:38.9173390Z  5 |     static let shared = KnownHostsManager()
2026-08-10T23:45:38.9278950Z    |                `- note: static property declared here
2026-08-10T23:45:38.9383410Z  6 | 
2026-08-10T23:45:38.9490360Z  7 |     struct Entry: Codable {
2026-08-10T23:45:38.9591490Z 
2026-08-10T23:45:38.9694970Z /Users/runner/work/vvterm/vvterm/VVTerm/Core/SSH/SSHClient.swift:3521:34: warning: call to main actor-isolated instance method 'save(entry:)' in a synchronous actor-isolated context [#ActorIsolatedCall]
2026-08-10T23:45:38.9797360Z 3519 |             lastSeenAt: Date()
2026-08-10T23:45:38.9913050Z 3520 |         )
2026-08-10T23:45:39.0017370Z 3521 |         KnownHostsManager.shared.save(entry: entry)
2026-08-10T23:45:39.0136060Z      |                                  `- warning: call to main actor-isolated instance method 'save(entry:)' in a synchronous actor-isolated context [#ActorIsolatedCall]
2026-08-10T23:45:39.0247250Z 3522 |         logger.info(
2026-08-10T23:45:39.0334740Z 3523 |             "Trusted new inner host key for \(host, privacy: .private(mask: .hash)):\(port) (\(fingerprint, privacy: .private(mask: .hash)))"
2026-08-10T23:45:39.0441520Z 
2026-08-10T23:45:39.0547970Z /Users/runner/work/vvterm/vvterm/VVTerm/Core/SSH/KnownHostsManager.swift:42:10: note: calls to instance method 'save(entry:)' from outside of its actor context are implicitly asynchronous
2026-08-10T23:45:39.0676060Z 40 |     }
2026-08-10T23:45:39.0784580Z 41 | 
2026-08-10T23:45:39.0887890Z 42 |     func save(entry: Entry) {
2026-08-10T23:45:39.1009570Z    |          `- note: calls to instance method 'save(entry:)' from outside of its actor context are implicitly asynchronous
2026-08-10T23:45:39.1126840Z 43 |         lock.lock()
2026-08-10T23:45:39.1291280Z 44 |         defer { lock.unlock() }
2026-08-10T23:45:39.1392550Z 
2026-08-10T23:45:39.1494320Z /Users/runner/work/vvterm/vvterm/VVTerm/Core/SSH/SSHClient.swift:3521:27: warning: main actor-isolated static property 'shared' can not be referenced on a nonisolated actor instance
2026-08-10T23:45:39.1596090Z 3519 |             lastSeenAt: Date()
2026-08-10T23:45:39.1718030Z 3520 |         )
2026-08-10T23:45:39.1823750Z 3521 |         KnownHostsManager.shared.save(entry: entry)
2026-08-10T23:45:39.1930210Z      |                           `- warning: main actor-isolated static property 'shared' can not be referenced on a nonisolated actor instance
2026-08-10T23:45:39.2034610Z 3522 |         logger.info(
2026-08-10T23:45:39.2135860Z 3523 |             "Trusted new inner host key for \(host, privacy: .private(mask: .hash)):\(port) (\(fingerprint, privacy: .private(mask: .hash)))"
2026-08-10T23:45:39.2238070Z 
2026-08-10T23:45:39.2339250Z /Users/runner/work/vvterm/vvterm/VVTerm/Core/SSH/KnownHostsManager.swift:5:16: note: static property declared here
2026-08-10T23:45:39.2440480Z  3 | 
2026-08-10T23:45:39.2544190Z  4 | final class KnownHostsManager: @unchecked Sendable {
2026-08-10T23:45:39.2645800Z  5 |     static let shared = KnownHostsManager()
2026-08-10T23:45:39.2746910Z    |                `- note: static property declared here
2026-08-10T23:45:39.2847840Z  6 | 
2026-08-10T23:45:39.2949660Z  7 |     struct Entry: Codable {
2026-08-10T23:45:39.3053240Z 
2026-08-10T23:45:39.3154580Z /Users/runner/work/vvterm/vvterm/VVTerm/Core/SSH/SSHClient.swift:3554:39: warning: main actor-isolated static property 'shared' cannot be accessed from outside of the actor; this is an error in the Swift 6 language mode
2026-08-10T23:45:39.3263290Z 3552 |     private func authenticateInner(session: OpaquePointer) async throws {
2026-08-10T23:45:39.3364150Z 3553 |         let clusterId = config.credentials.serverId
2026-08-10T23:45:39.3465320Z 3554 |         let keyRing = TeleportKeyRing.shared
2026-08-10T23:45:39.3578120Z      |                                       `- warning: main actor-isolated static property 'shared' cannot be accessed from outside of the actor; this is an error in the Swift 6 language mode
2026-08-10T23:45:39.3679970Z 3555 |         guard let certPEM = await keyRing.liveCertPEM(for: clusterId),
2026-08-10T23:45:39.3782370Z 3556 |               let certData = certPEM.data(using: .utf8),
2026-08-10T23:45:39.3949050Z 
2026-08-10T23:45:39.4051290Z /Users/runner/work/vvterm/vvterm/VVTerm/Core/SSH/SSHClient.swift:4329:16: warning: call to main actor-isolated instance method 'diagError' in a synchronous actor-isolated context [#ActorIsolatedCall]
2026-08-10T23:45:39.4153740Z 4327 |         libssh2_channel_free(state.channel)
2026-08-10T23:45:39.4274910Z 4328 |         state.continuation.finish()
2026-08-10T23:45:39.4390310Z 4329 |         logger.diagError(
2026-08-10T23:45:39.4492110Z      |                `- warning: call to main actor-isolated instance method 'diagError' in a synchronous actor-isolated context [#ActorIsolatedCall]
2026-08-10T23:45:39.4595870Z 4330 |             "SSHSession",
2026-08-10T23:45:39.4698370Z 4331 |             "ssh_diag shell_closed shell=\(shellId.uuidString) reason=\(reason.diagDescription) event=\(nextDiagEventCounter())"
2026-08-10T23:45:39.4811400Z 
2026-08-10T23:45:39.4937750Z /Users/runner/work/vvterm/vvterm/VVTerm/Core/Logging/LoggerExtension.swift:36:10: note: calls to instance method 'diagError' from outside of its actor context are implicitly asynchronous
2026-08-10T23:45:39.5045130Z  34 |     /// be sanitized (see `SSHError.diagnosticsMessage`) — never credentials,
2026-08-10T23:45:39.5177560Z  35 |     /// raw hosts, or terminal content.
2026-08-10T23:45:39.5315930Z  36 |     func diagError(_ category: String, _ message: @autoclosure () -> String) {
2026-08-10T23:45:39.5316930Z     |          `- note: calls to instance method 'diagError' from outside of its actor context are implicitly asynchronous
2026-08-10T23:45:39.5317770Z  37 |         let text = message()
2026-08-10T23:45:39.5564700Z  38 |         error("\(text, privacy: .public)")
2026-08-10T23:45:39.5675750Z 
2026-08-10T23:45:39.5788870Z /Users/runner/work/vvterm/vvterm/VVTerm/Core/SSH/SSHClient.swift:4345:20: warning: call to main actor-isolated instance method 'diagError' in a synchronous actor-isolated context [#ActorIsolatedCall]
2026-08-10T23:45:39.5921880Z 4343 |             libssh2_channel_free(state.channel)
2026-08-10T23:45:39.6089880Z 4344 |             state.continuation.finish()
2026-08-10T23:45:39.6225960Z 4345 |             logger.diagError(
2026-08-10T23:45:39.6396120Z      |                    `- warning: call to main actor-isolated instance method 'diagError' in a synchronous actor-isolated context [#ActorIsolatedCall]
2026-08-10T23:45:39.6514210Z 4346 |                 "SSHSession",
2026-08-10T23:45:39.6620060Z 4347 |                 "ssh_diag shell_closed shell=\(state.id.uuidString) reason=loop_exit event=\(nextDiagEventCounter())"
2026-08-10T23:45:39.6721250Z 
2026-08-10T23:45:39.6824870Z /Users/runner/work/vvterm/vvterm/VVTerm/Core/Logging/LoggerExtension.swift:36:10: note: calls to instance method 'diagError' from outside of its actor context are implicitly asynchronous
2026-08-10T23:45:39.6930470Z  34 |     /// be sanitized (see `SSHError.diagnosticsMessage`) — never credentials,
2026-08-10T23:45:39.7033250Z  35 |     /// raw hosts, or terminal content.
2026-08-10T23:45:39.7134800Z  36 |     func diagError(_ category: String, _ message: @autoclosure () -> String) {
2026-08-10T23:45:39.7244220Z     |          `- note: calls to instance method 'diagError' from outside of its actor context are implicitly asynchronous
2026-08-10T23:45:39.7346680Z  37 |         let text = message()
2026-08-10T23:45:39.7532450Z  38 |         error("\(text, privacy: .public)")
2026-08-10T23:45:39.7641750Z 
2026-08-10T23:45:39.7920710Z /Users/runner/work/vvterm/vvterm/VVTerm/Core/SSH/SSHClient.swift:4360:20: warning: call to main actor-isolated instance method 'diagError' in a synchronous actor-isolated context [#ActorIsolatedCall]
2026-08-10T23:45:39.7923650Z 4358 |             }
2026-08-10T23:45:39.8029500Z 4359 |             state.continuation.finish()
2026-08-10T23:45:39.8159900Z 4360 |             logger.diagError(
2026-08-10T23:45:39.8339080Z      |                    `- warning: call to main actor-isolated instance method 'diagError' in a synchronous actor-isolated context [#ActorIsolatedCall]
2026-08-10T23:45:39.8441400Z 4361 |                 "SSHSession",
2026-08-10T23:45:39.8548620Z 4362 |                 "ssh_diag shell_closed shell=\(state.id.uuidString) reason=transport_invalidated event=\(nextDiagEventCounter())"
2026-08-10T23:45:39.8651950Z 
2026-08-10T23:45:39.8652940Z /Users/runner/work/vvterm/vvterm/VVTerm/Core/Logging/LoggerExtension.swift:36:10: note: calls to instance method 'diagError' from outside of its actor context are implicitly asynchronous
2026-08-10T23:45:39.8657520Z  34 |     /// be sanitized (see `SSHError.diagnosticsMessage`) — never credentials,
2026-08-10T23:45:39.8658010Z  35 |     /// raw hosts, or terminal content.
2026-08-10T23:45:39.8768510Z  36 |     func diagError(_ category: String, _ message: @autoclosure () -> String) {
2026-08-10T23:45:39.8775650Z     |          `- note: calls to instance method 'diagError' from outside of its actor context are implicitly asynchronous
2026-08-10T23:45:39.8894190Z  37 |         let text = message()
2026-08-10T23:45:39.8997590Z  38 |         error("\(text, privacy: .public)")
2026-08-10T23:45:39.9099200Z 
2026-08-10T23:45:39.9243760Z /Users/runner/work/vvterm/vvterm/VVTerm/Core/SSH/SSHClient.swift:4408:16: warning: call to main actor-isolated instance method 'diagError' in a synchronous actor-isolated context [#ActorIsolatedCall]
2026-08-10T23:45:39.9354160Z 4406 |             }
2026-08-10T23:45:39.9461510Z 4407 |         }
2026-08-10T23:45:39.9564370Z 4408 |         logger.diagError(
2026-08-10T23:45:39.9675870Z      |                `- warning: call to main actor-isolated instance method 'diagError' in a synchronous actor-isolated context [#ActorIsolatedCall]
2026-08-10T23:45:39.9780130Z 4409 |             "SSHSession",
2026-08-10T23:45:39.9889010Z 4410 |             "ssh_diag \(kind) id=\(channelId.uuidString) code=\(code) errno=\(lastErrno) libssh2=\(lastError) event=\(nextDiagEventCounter()) loop=\(loop)"
2026-08-10T23:45:40.0038850Z 
2026-08-10T23:45:40.0142470Z /Users/runner/work/vvterm/vvterm/VVTerm/Core/Logging/LoggerExtension.swift:36:10: note: calls to instance method 'diagError' from outside of its actor context are implicitly asynchronous
2026-08-10T23:45:40.0249840Z  34 |     /// be sanitized (see `SSHError.diagnosticsMessage`) — never credentials,
2026-08-10T23:45:40.0411910Z  35 |     /// raw hosts, or terminal content.
2026-08-10T23:45:40.0422580Z  36 |     func diagError(_ category: String, _ message: @autoclosure () -> String) {
2026-08-10T23:45:40.0524900Z     |          `- note: calls to instance method 'diagError' from outside of its actor context are implicitly asynchronous
2026-08-10T23:45:40.0631660Z  37 |         let text = message()
2026-08-10T23:45:40.0759050Z  38 |         error("\(text, privacy: .public)")
2026-08-10T23:45:40.0868080Z 
2026-08-10T23:45:40.0979840Z /Users/runner/work/vvterm/vvterm/VVTerm/Core/SSH/SSHClient.swift:4728:21: warning: main actor-isolated conformance of 'SSHUploadStrategy' to 'Equatable' cannot be used in actor-isolated context; this is an error in the Swift 6 language mode [#IsolatedConformances]
2026-08-10T23:45:40.1092080Z 4726 |         }
2026-08-10T23:45:40.1193350Z 4727 | 
2026-08-10T23:45:40.1360990Z 4728 |         if strategy == .execPreferred {
2026-08-10T23:45:40.1574710Z      |                     `- warning: main actor-isolated conformance of 'SSHUploadStrategy' to 'Equatable' cannot be used in actor-isolated context; this is an error in the Swift 6 language mode [#IsolatedConformances]
2026-08-10T23:45:40.1721420Z 4729 |             logger.info("Using exec-preferred upload strategy [path: \(remotePath, privacy: .public)]")
2026-08-10T23:45:40.1853990Z 4730 |             try await uploadViaExec(data, to: remotePath)
2026-08-10T23:45:40.2013350Z 
2026-08-10T23:45:40.2150600Z /Users/runner/work/vvterm/vvterm/VVTerm/Core/SSH/SSHClient.swift:5059:23: warning: immutable value 'inner' was never used; consider replacing with '_' or removing it [#NoUsage]
2026-08-10T23:45:40.2305640Z 5057 |         )
2026-08-10T23:45:40.2436640Z 5058 |         if routeToInner {
2026-08-10T23:45:40.2593400Z 5059 |             guard let inner = innerLibssh2Session,
2026-08-10T23:45:40.2872240Z      |                       `- warning: immutable value 'inner' was never used; consider replacing with '_' or removing it [#NoUsage]
2026-08-10T23:45:40.3223910Z 5060 |                   innerSocket >= 0,
2026-08-10T23:45:40.3227010Z 5061 |                   innerAtomicSocket.isUsable,
2026-08-10T23:45:40.3434740Z 
2026-08-10T23:45:40.3588710Z /Users/runner/work/vvterm/vvterm/VVTerm/Core/SSH/SSHClient.swift:5191:27: warning: result of call to 'withLock' is unused [#NoUsage]
2026-08-10T23:45:40.3762260Z 5189 |         // (the `remainbuf >= 0` assertion). No-op when the pump isn't active
2026-08-10T23:45:40.4001120Z 5190 |         // (non-Teleport path) — the lock is uncontended.
2026-08-10T23:45:40.4003040Z 5191 |         outerSessionMutex.withLock {
2026-08-10T23:45:40.4104410Z      |                           `- warning: result of call to 'withLock' is unused [#NoUsage]
2026-08-10T23:45:40.4206570Z 5192 |             libssh2_keepalive_send(session, &secondsToNext)
2026-08-10T23:45:40.4308520Z 5193 |         }
2026-08-10T23:45:40.4411380Z 
2026-08-10T23:45:40.4518200Z /Users/runner/work/vvterm/vvterm/VVTerm/Core/SSH/SSHClient.swift:5391:45: warning: main actor-isolated static method 'normalize(_:relativeTo:)' cannot be called from outside of the actor; this is an error in the Swift 6 language mode
2026-08-10T23:45:40.4624970Z 5389 |     private func stat(at path: String, statType: Int32) async throws -> RemoteFileEntry {
2026-08-10T23:45:40.4775360Z 5390 |         let sftp = try await ensureSFTPSession()
2026-08-10T23:45:40.4881150Z 5391 |         let normalizedPath = RemoteFilePath.normalize(path)
2026-08-10T23:45:40.4997720Z      |                                             `- warning: main actor-isolated static method 'normalize(_:relativeTo:)' cannot be called from outside of the actor; this is an error in the Swift 6 language mode
2026-08-10T23:45:40.5107720Z 5392 |         var attributes = LIBSSH2_SFTP_ATTRIBUTES()
2026-08-10T23:45:40.5307330Z 5393 | 
2026-08-10T23:45:40.5479600Z 
2026-08-10T23:45:40.5649660Z /Users/runner/work/vvterm/vvterm/VVTerm/Core/SSH/SSHClient.swift:5410:45: warning: main actor-isolated static method 'from(name:path:attributes:symlinkTarget:)' cannot be called from outside of the actor; this is an error in the Swift 6 language mode
2026-08-10T23:45:40.5925770Z 5408 |                 let entryName = Self.fileName(for: normalizedPath)
2026-08-10T23:45:40.6081650Z 5409 |                 var symlinkTarget: String?
2026-08-10T23:45:40.6254370Z 5410 |                 let entry = RemoteFileEntry.from(name: entryName, path: normalizedPath, attributes: attributes)
2026-08-10T23:45:40.6398210Z      |                                             `- warning: main actor-isolated static method 'from(name:path:attributes:symlinkTarget:)' cannot be called from outside of the actor; this is an error in the Swift 6 language mode
2026-08-10T23:45:40.6502690Z 5411 |                 if statType == Int32(LIBSSH2_SFTP_LSTAT), entry.type == .symlink {
2026-08-10T23:45:40.6606070Z 5412 |                     symlinkTarget = try? await readlink(at: normalizedPath)
2026-08-10T23:45:40.6707880Z 
2026-08-10T23:45:40.6820240Z /Users/runner/work/vvterm/vvterm/VVTerm/Core/SSH/SSHClient.swift:5414:40: warning: main actor-isolated static method 'from(name:path:attributes:symlinkTarget:)' cannot be called from outside of the actor; this is an error in the Swift 6 language mode
2026-08-10T23:45:40.6930630Z 5412 |                     symlinkTarget = try? await readlink(at: normalizedPath)
2026-08-10T23:45:40.7033910Z 5413 |                 }
2026-08-10T23:45:40.7203950Z 5414 |                 return RemoteFileEntry.from(
2026-08-10T23:45:40.7321050Z      |                                        `- warning: main actor-isolated static method 'from(name:path:attributes:symlinkTarget:)' cannot be called from outside of the actor; this is an error in the Swift 6 language mode
2026-08-10T23:45:40.7441210Z 5415 |                     name: entryName,
2026-08-10T23:45:40.7536100Z 5416 |                     path: normalizedPath,
2026-08-10T23:45:40.7643560Z 
2026-08-10T23:45:40.7747700Z /Users/runner/work/vvterm/vvterm/VVTerm/Core/SSH/SSHClient.swift:5493:41: warning: call to main actor-isolated static method 'normalize(_:relativeTo:)' in a synchronous nonisolated context [#ActorIsolatedCall]
2026-08-10T23:45:40.7859810Z 5490 |     }
2026-08-10T23:45:40.7968110Z 5491 | 
2026-08-10T23:45:40.8073460Z 5492 |     private static func fileName(for path: String) -> String {
2026-08-10T23:45:40.8175980Z      |                         `- note: add '@MainActor' to make static method 'fileName(for:)' part of global actor 'MainActor'
2026-08-10T23:45:40.8344230Z 5493 |         let normalized = RemoteFilePath.normalize(path)
2026-08-10T23:45:40.8458280Z      |                                         `- warning: call to main actor-isolated static method 'normalize(_:relativeTo:)' in a synchronous nonisolated context [#ActorIsolatedCall]
2026-08-10T23:45:40.8571960Z 5494 |         guard normalized != "/" else { return "/" }
2026-08-10T23:45:40.8683710Z 5495 |         return normalized.split(separator: "/").last.map(String.init) ?? normalized
2026-08-10T23:45:40.8795450Z 
2026-08-10T23:45:40.9009920Z /Users/runner/work/vvterm/vvterm/VVTerm/Features/RemoteFiles/Domain/RemoteFilePath.swift:11:17: note: calls to static method 'normalize(_:relativeTo:)' from outside of its actor context are implicitly asynchronous
2026-08-10T23:45:40.9187630Z  9 | 
2026-08-10T23:45:40.9436850Z 10 | enum RemoteFilePath {
2026-08-10T23:45:40.9602030Z 11 |     static func normalize(_ path: String, relativeTo currentPath: String? = nil) -> String {
2026-08-10T23:45:40.9792550Z    |                 `- note: calls to static method 'normalize(_:relativeTo:)' from outside of its actor context are implicitly asynchronous
2026-08-10T23:45:40.9935080Z 12 |         let trimmed = path.trimmingCharacters(in: .whitespacesAndNewlines)
2026-08-10T23:45:41.0063100Z 13 |         guard !trimmed.isEmpty else {
2026-08-10T23:45:41.0253880Z 
2026-08-10T23:45:41.0406020Z /Users/runner/work/vvterm/vvterm/VVTerm/Core/SSH/SSHClient.swift:5819:11: warning: result of call to 'withCString' is unused [#NoUsage]
2026-08-10T23:45:41.0698400Z 5817 |     func mark(_ s: String) {
2026-08-10T23:45:41.0802280Z 5818 |         guard fd >= 0 else { return }
2026-08-10T23:45:41.0948810Z 5819 |         s.withCString { Darwin.write(fd, $0, strlen($0)) }
2026-08-10T23:45:41.1150700Z      |           `- warning: result of call to 'withCString' is unused [#NoUsage]
2026-08-10T23:45:41.1364600Z 5820 |         _ = Darwin.write(fd, "\n", 1)
2026-08-10T23:45:41.1468460Z 5821 |     }
2026-08-10T23:45:41.1574060Z 
2026-08-10T23:45:41.1740480Z [#ActorIsolatedCall]: <https://docs.swift.org/compiler/documentation/diagnostics/actor-isolated-call>
2026-08-10T23:45:41.1854070Z [#IsolatedConformances]: <https://docs.swift.org/compiler/documentation/diagnostics/isolated-conformances>
2026-08-10T23:45:41.1955870Z [#NoUsage]: <https://docs.swift.org/compiler/documentation/diagnostics/no-usage>
2026-08-10T23:45:41.2063320Z 
2026-08-10T23:45:41.2166430Z SwiftCompile normal arm64 /Users/runner/work/vvterm/vvterm/VVTerm/Core/SSH/SSHClient.swift (in target 'VVTerm' from project 'VVTerm')
2026-08-10T23:45:41.2321310Z     cd /Users/runner/work/vvterm/vvterm
2026-08-10T23:45:41.2330560Z     builtin-SwiftPerFileCompile SSHClient.swift
2026-08-10T23:45:41.2476770Z 
2026-08-10T23:45:41.2680430Z SwiftCompile normal arm64 Compiling\ TerminalReconnectUITestHarness+iOS.swift /Users/runner/work/vvterm/vvterm/VVTerm/App/iOS/TerminalReconnectUITestHarness+iOS.swift (in target 'VVTerm' from project 'VVTerm')
2026-08-10T23:46:20.1314340Z /Users/runner/work/vvterm/vvterm/VVTerm/App/iOS/TerminalReconnectUITestHarness+iOS.swift:570:32: error: operator function '+' requires the types 'String.Element' (aka 'Character') and 'String' be equivalent
2026-08-10T23:46:20.1523600Z 568 |                 "connectionAttempts=\(connectionAttemptCount)",
2026-08-10T23:46:20.1663140Z 569 |                 "shell=\(shellId != nil)",
2026-08-10T23:46:20.1778920Z 570 |             ] + sshDiagnostics + [
2026-08-10T23:46:20.1883580Z     |                                `- error: operator function '+' requires the types 'String.Element' (aka 'Character') and 'String' be equivalent
2026-08-10T23:46:20.1988290Z 571 |                 "shellId=\(shellId?.uuidString ?? "none")",
2026-08-10T23:46:20.2092100Z 572 |                 terminalDiagnostics,
2026-08-10T23:46:20.2195030Z 
2026-08-10T23:46:20.2297550Z Swift.RangeReplaceableCollection.+:2:31: note: where 'Self.Element' = 'String.Element' (aka 'Character'), 'Other.Element' = 'String'
2026-08-10T23:46:20.2298870Z 1 | protocol RangeReplaceableCollection {
2026-08-10T23:46:20.2400780Z 2 | @inlinable public static func + <Other>(lhs: Other, rhs: Self) -> Self where Other : Sequence, Self.Element == Other.Element}
2026-08-10T23:46:20.2504460Z   |                               `- note: where 'Self.Element' = 'String.Element' (aka 'Character'), 'Other.Element' = 'String'
2026-08-10T23:46:20.2607990Z 3 | 
2026-08-10T23:46:20.2711230Z Failed frontend command:
2026-08-10T23:46:20.2839700Z 
2026-08-10T23:46:20.2903830Z SwiftCompile normal arm64 /Users/runner/work/vvterm/vvterm/VVTerm/App/iOS/TerminalReconnectUITestHarness+iOS.swift (in target 'VVTerm' from project 'VVTerm')
2026-08-10T23:46:20.2904730Z     cd /Users/runner/work/vvterm/vvterm
2026-08-10T23:46:20.2905200Z     builtin-SwiftPerFileCompile TerminalReconnectUITestHarness+iOS.swift
2026-08-10T23:46:20.2905650Z 
2026-08-10T23:46:20.3030160Z /Applications/Xcode_27_beta_4.app/Contents/Developer/Toolchains/XcodeDefault.xctoolchain/usr/bin/swift-frontend -frontend -c -filelist /Users/runner/work/_temp/DerivedData/Build/Intermediates.noindex/VVTerm.build/Debug-iphonesimulator/VVTerm.build/Objects-normal/arm64/sources-1 -primary-file /Users/runner/work/vvterm/vvterm/VVTerm/App/iOS/TerminalReconnectUITestHarness+iOS.swift -emit-dependencies-path /Users/runner/work/_temp/DerivedData/Build/Intermediates.noindex/VVTerm.build/Debug-iphonesimulator/VVTerm.build/Objects-normal/arm64/TerminalReconnectUITestHarness+iOS.d -emit-const-values-path /Users/runner/work/_temp/DerivedData/Build/Intermediates.noindex/VVTerm.build/Debug-iphonesimulator/VVTerm.build/Objects-normal/arm64/TerminalReconnectUITestHarness+iOS.swiftconstvalues -emit-reference-dependencies-path /Users/runner/work/_temp/DerivedData/Build/Intermediates.noindex/VVTerm.build/Debug-iphonesimulator/VVTerm.build/Objects-normal/arm64/TerminalReconnectUITestHarness+iOS.swiftdeps -serialize-diagnostics-path /Users/runner/work/_temp/DerivedData/Build/Intermediates.noindex/VVTerm.build/Debug-iphonesimulator/VVTerm.build/Objects-normal/arm64/TerminalReconnectUITestHarness+iOS.dia -emit-localized-strings -emit-localized-strings-path /Users/runner/work/_temp/DerivedData/Build/Intermediates.noindex/VVTerm.build/Debug-iphonesimulator/VVTerm.build/Objects-normal/arm64 -target arm64-apple-ios16.1-simulator -module-can-import-version AuthenticationServices 7625.1.24.10 625.1.24 -module-can-import-version Darwin 428.0.4 0 -module-can-import-version DeveloperToolsSupport 24.0.24 24.0.24 -module-can-import-version Network 5000.0.33 6681.0.255 -module-can-import-version SwiftUI 8.0.79.1 8.0.79 -module-can-import-version UIKit 9127.0.79.1 9127.0.79 -disable-cross-import-overlay-search -swift-module-cross-import AVKit /Applications/Xcode_27_beta_4.app/Contents/Developer/Platforms/iPhoneSimulator.platform/Developer/SDKs/iPhoneSimulator.sdk/System/Library/Frameworks/AVKit.framework/Modules/AVKit.swiftcrossimport/SwiftUI.swiftoverlay -swift-module-cross-import AVKit /Applications/Xcode_27_beta_4.app/Contents/Developer/Platforms/iPhoneSimulator.platform/Developer/SDKs/iPhoneSimulator27.0.sdk/System/Library/Frameworks/AVKit.framework/Modules/AVKit.swiftcrossimport/SwiftUI.swiftoverlay -swift-module-cross-import AuthenticationServices /Applications/Xcode_27_beta_4.app/Contents/Developer/Platforms/iPhoneSimulator.platform/Developer/SDKs/iPhoneSimulator.sdk/System/Cryptexes/OS/System/Library/Frameworks/AuthenticationServices.framework/Modules/AuthenticationServices.swiftcrossimport/SwiftUI.swiftoverlay -swift-module-cross-import AuthenticationServices /Applications/Xcode_27_beta_4.app/Contents/Developer/Platforms/iPhoneSimulator.platform/Developer/SDKs/iPhoneSimulator27.0.sdk/System/Library/Frameworks/AuthenticationServices.framework/Modules/AuthenticationServices.swiftcrossimport/SwiftUI.swiftoverlay -swift-module-cross-import Darwin /Applications/Xcode_27_beta_4.app/Contents/Developer/Platforms/iPhoneSimulator.platform/Developer/SDKs/iPhoneSimulator.sdk/usr/include/Darwin.swiftcrossimport/xlocale.swiftoverlay -swift-module-cross-import GameController /Applications/Xcode_27_beta_4.app/Contents/Developer/Platforms/iPhoneSimulator.platform/Developer/SDKs/iPhoneSimulator.sdk/System/Library/Frameworks/GameController.framework/Modules/GameController.swiftcrossimport/SwiftUI.swiftoverlay -swift-module-cross-import GameController /Applications/Xcode_27_beta_4.app/Contents/Developer/Platforms/iPhoneSimulator.platform/Developer/SDKs/iPhoneSimulator27.0.sdk/System/Library/Frameworks/GameController.framework/Modules/GameController.swiftcrossimport/SwiftUI.swiftoverlay -swift-module-cross-import StoreKit /Applications/Xcode_27_beta_4.app/Contents/Developer/Platforms/iPhoneSimulator.platform/Developer/SDKs/iPhoneSimulator.sdk/System/Library/Frameworks/StoreKit.framework/Modules/StoreKit.swiftcrossimport/SwiftUI.swiftoverlay -swift-module-cross-import StoreKit /Applications/Xcode_27_beta_4.app/Contents/Developer/Platforms/iPhoneSimulator.platform/Developer/SDKs/iPhoneSimulator27.0.sdk/System/Library/Frameworks/StoreKit.framework/Modules/StoreKit.swiftcrossimport/SwiftUI.swiftoverlay -load-resolved-plugin /Applications/Xcode_27_beta_4.app/Contents/Developer/Platforms/iPhoneOS.platform/Developer/usr/lib/swift/host/plugins/libAppIntentsMacros.dylib\#/Applications/Xcode_27_beta_4.app/Contents/Developer/Platforms/iPhoneOS.platform/Developer/usr/bin/swift-plugin-server\#AppIntentsMacros -load-resolved-plugin /Applications/Xcode_27_beta_4.app/Contents/Developer/Platforms/iPhoneOS.platform/Developer/usr/lib/swift/host/plugins/libFoundationMacros.dylib\#/Applications/Xcode_27_beta_4.app/Contents/Developer/Platforms/iPhoneOS.platform/Developer/usr/bin/swift-plugin-server\#FoundationMacros -load-resolved-plugin /Applications/Xcode_27_beta_4.app/Contents/Developer/Platforms/iPhoneOS.platform/Developer/usr/lib/swift/host/plugins/libObservationMacros.dylib\#/Applications/Xcode_27_beta_4.app/Contents/Developer/Platforms/iPhoneOS.platform/Developer/usr/bin/swift-plugin-server\#ObservationMacros -load-resolved-plugin /Applications/Xcode_27_beta_4.app/Contents/Developer/Platforms/iPhoneOS.platform/Developer/usr/lib/swift/host/plugins/libPreviewsMacros.dylib\#/Applications/Xcode_27_beta_4.app/Contents/Developer/Platforms/iPhoneOS.platform/Developer/usr/bin/swift-plugin-server\#PreviewsMacros -load-resolved-plugin /Applications/Xcode_27_beta_4.app/Contents/Developer/Platforms/iPhoneOS.platform/Developer/usr/lib/swift/host/plugins/libSwiftMacros.dylib\#/Applications/Xcode_27_beta_4.app/Contents/Developer/Platforms/iPhoneOS.platform/Developer/usr/bin/swift-plugin-server\#SwiftMacros -load-resolved-plugin /Applications/Xcode_27_beta_4.app/Contents/Developer/Platforms/iPhoneOS.platform/Developer/usr/lib/swift/host/plugins/libSwiftUIMacros.dylib\#/Applications/Xcode_27_beta_4.app/Contents/Developer/Platforms/iPhoneOS.platform/Developer/usr/bin/swift-plugin-server\#SwiftUIMacros -load-resolved-plugin /Applications/Xcode_27_beta_4.app/Contents/Developer/Platforms/iPhoneOS.platform/Developer/usr/lib/swift/host/plugins/libTipKitMacros.dylib\#/Applications/Xcode_27_beta_4.app/Contents/Developer/Platforms/iPhoneOS.platform/Developer/usr/bin/swift-plugin-server\#TipKitMacros -disable-implicit-swift-modules -Xcc -fno-implicit-modules -Xcc -fno-implicit-module-maps -explicit-swift-module-map-file /Users/runner/work/_temp/DerivedData/Build/Intermediates.noindex/VVTerm.build/Debug-iphonesimulator/VVTerm.build/Objects-normal/arm64/VVTerm-dependencies-1.json -Xllvm -aarch64-use-tbi -enable-objc-interop -sdk /Applications/Xcode_27_beta_4.app/Contents/Developer/Platforms/iPhoneSimulator.platform/Developer/SDKs/iPhoneSimulator27.0.sdk -I /Users/runner/work/_temp/DerivedData/Build/Products/Debug-iphonesimulator -F /Users/runner/work/_temp/DerivedData/Build/Products/Debug-iphonesimulator/PackageFrameworks -F /Users/runner/work/_temp/DerivedData/Build/Products/Debug-iphonesimulator -module-cache-path /Users/runner/work/_temp/DerivedData/Build/Intermediates.noindex/SwiftExplicitPrecompiledModules -no-color-diagnostics -Xcc -fno-color-diagnostics -enable-testing -g -debug-info-format\=dwarf -dwarf-version\=4 -profile-generate -profile-coverage-mapping -swift-version 5 -Onone -D DEBUG -D FORCE_PRO_ENABLED -serialize-debugging-options -enable-upcoming-feature DisableOutwardActorInference -enable-upcoming-feature InferSendableFromCaptures -enable-upcoming-feature GlobalActorIsolatedTypesUsability -enable-upcoming-feature MemberImportVisibility -enable-upcoming-feature InferIsolatedConformances -enable-upcoming-feature NonisolatedNonsendingByDefault -enable-experimental-feature DebugDescriptionMacro -enable-bare-slash-regex -default-isolation\=MainActor -empty-abi-descriptor -validate-clang-modules-once -clang-build-session-file /Users/runner/work/_temp/DerivedData/ModuleCache.noindex/Session.modulevalidation -Xcc -working-directory -Xcc /Users/runner/work/vvterm/vvterm -enable-anonymous-context-mangled-names -file-compilation-dir /Users/runner/work/vvterm/vvterm -Xcc -fmodule-map-file\=/Users/runner/work/_temp/DerivedData/SourcePackages/checkouts/swift-numerics/Sources/_NumericsShims/include/module.modulemap -Xcc -fmodule-map-file\=/Users/runner/work/_temp/DerivedData/SourcePackages/checkouts/mlx-swift/Source/Cmlx/include/module.modulemap -Xcc -fmodule-map-file\=/Users/runner/work/_temp/DerivedData/Build/Intermediates.noindex/GeneratedModuleMaps-iphonesimulator/CTweetNacl.modulemap -Xcc -fmodule-map-file\=/Users/runner/work/_temp/DerivedData/Build/Intermediates.noindex/GeneratedModuleMaps-iphonesimulator/CNIOLLHTTP.modulemap -Xcc -fmodule-map-file\=/Users/runner/work/_temp/DerivedData/Build/Intermediates.noindex/GeneratedModuleMaps-iphonesimulator/CNIOPosix.modulemap -Xcc -fmodule-map-file\=/Users/runner/work/_temp/DerivedData/Build/Intermediates.noindex/GeneratedModuleMaps-iphonesimulator/CNIOWASI.modulemap -Xcc -fmodule-map-file\=/Users/runner/work/_temp/DerivedData/SourcePackages/checkouts/swift-nio/Sources/CNIOWindows/include/module.modulemap -Xcc -fmodule-map-file\=/Users/runner/work/_temp/DerivedData/Build/Intermediates.noindex/GeneratedModuleMaps-iphonesimulator/CNIOLinux.modulemap -Xcc -fmodule-map-file\=/Users/runner/work/_temp/DerivedData/Build/Intermediates.noindex/GeneratedModuleMaps-iphonesimulator/CNIODarwin.modulemap -Xcc -fmodule-map-file\=/Users/runner/work/_temp/DerivedData/Build/Intermediates.noindex/GeneratedModuleMaps-iphonesimulator/CNIOFreeBSD.modulemap -Xcc -fmodule-map-file\=/Users/runner/work/_temp/DerivedData/Build/Intermediates.noindex/GeneratedModuleMaps-iphonesimulator/CNIOOpenBSD.modulemap -Xcc -fmodule-map-file\=/Users/runner/work/_temp/DerivedData/Build/Intermediates.noindex/GeneratedModuleMaps-iphonesimulator/CNIOAtomics.modulemap -Xcc -fmodule-map-file\=/Users/runner/work/_temp/DerivedData/SourcePackages/checkouts/swift-atomics/Sources/_AtomicsShims/include/module.modulemap -Xcc -D_LIBCPP_HARDENING_MODE\=_LIBCPP_HARDENING_MODE_DEBUG -Xcc -ivfsstatcache -Xcc /Users/runner/work/_temp/DerivedData/SDKStatCaches.noindex/iphonesimulator27.0-24A5390e-e43fee13dd4b37625cdebfde7abd7d2e442fb7f1c3b8580cc81a86a0492dbf21.sdkstatcache -Xcc -fmodules-prune-interval\=86400 -Xcc -fmodules-prune-after\=345600 -Xcc -iquote -Xcc /Users/runner/work/_temp/DerivedData/Build/Intermediates.noindex/VVTerm.build/Debug-iphonesimulator/VVTerm.build/VVTerm-generated-files.hmap -Xcc -I/Users/runner/work/_temp/DerivedData/Build/Intermediates.noindex/VVTerm.build/Debug-iphonesimulator/VVTerm.build/VVTerm-own-target-headers.hmap -Xcc -I/Users/runner/work/_temp/DerivedData/Build/Intermediates.noindex/VVTerm.build/Debug-iphonesimulator/VVTerm.build/VVTerm-all-non-framework-target-headers.hmap -Xcc -ivfsoverlay -Xcc /Users/runner/work/_temp/DerivedData/Build/Intermediates.noindex/VVTerm.build/Debug-iphonesimulator/VVTerm-6a35e7673de302a64f61488d7ee1e65a-VFS-iphonesimulator/all-product-headers.yaml -Xcc -iquote -Xcc /Users/runner/work/_temp/DerivedData/Build/Intermediates.noindex/VVTerm.build/Debug-iphonesimulator/VVTerm.build/VVTerm-project-headers.hmap -Xcc -I/Users/runner/work/_temp/DerivedData/SourcePackages/checkouts/swift-numerics/Sources/_NumericsShims/include -Xcc -I/Users/runner/work/_temp/DerivedData/SourcePackages/checkouts/mlx-swift/Source/Cmlx/include -Xcc -I/Users/runner/work/_temp/DerivedData/SourcePackages/checkouts/tweetnacl-swiftwrap/Sources/CTweetNacl/include -Xcc -I/Users/runner/work/_temp/DerivedData/SourcePackages/checkouts/swift-nio/Sources/CNIOLLHTTP/include -Xcc -I/Users/runner/work/_temp/DerivedData/SourcePackages/checkouts/swift-nio/Sources/CNIOPosix/include -Xcc -I/Users/runner/work/_temp/DerivedData/SourcePackages/checkouts/swift-nio/Sources/CNIOWASI/include -Xcc -I/Users/runner/work/_temp/DerivedData/SourcePackages/checkouts/swift-nio/Sources/CNIOWindows/include -Xcc -I/Users/runner/work/_temp/DerivedData/SourcePackages/checkouts/swift-nio/Sources/CNIOLinux/include -Xcc -I/Users/runner/work/_temp/DerivedData/SourcePackages/checkouts/swift-nio/Sources/CNIODarwin/include -Xcc -I/Users/runner/work/_temp/DerivedData/SourcePackages/checkouts/swift-nio/Sources/CNIOFreeBSD/include -Xcc -I/Users/runner/work/_temp/DerivedData/SourcePackages/checkouts/swift-nio/Sources/CNIOOpenBSD/include -Xcc -I/Users/runner/work/_temp/DerivedData/SourcePackages/checkouts/swift-nio/Sources/CNIOAtomics/include -Xcc -I/Users/runner/work/_temp/DerivedData/SourcePackages/checkouts/swift-atomics/Sources/_AtomicsShims/include -Xcc -I/Users/runner/work/_temp/DerivedData/Build/Products/Debug-iphonesimulator/include -Xcc -I/Users/runner/work/vvterm/vvterm/Vendor/libghostty/ios-simulator/include -Xcc -I/Users/runner/work/vvterm/vvterm/Vendor/libssh2/include -Xcc -I/Users/runner/work/_temp/DerivedData/Build/Intermediates.noindex/VVTerm.build/Debug-iphonesimulator/VVTerm.build/DerivedSources-normal/arm64 -Xcc -I/Users/runner/work/_temp/DerivedData/Build/Intermediates.noindex/VVTerm.build/Debug-iphonesimulator/VVTerm.build/DerivedSources/arm64 -Xcc -I/Users/runner/work/_temp/DerivedData/Build/Intermediates.noindex/VVTerm.build/Debug-iphonesimulator/VVTerm.build/DerivedSources -Xcc -DDEBUG\=1 -import-objc-header /Users/runner/work/_temp/DerivedData/Build/Intermediates.noindex/VVTerm.build/Debug-iphonesimulator/VVTerm.build/Objects-normal/arm64/VVTerm-primary-Bridging-header.pch -no-auto-bridging-header-chaining -module-name VVTerm -const-gather-protocols-file /Users/runner/work/_temp/DerivedData/Build/Intermediates.noindex/VVTerm.build/Debug-iphonesimulator/VVTerm.build/Objects-normal/arm64/VVTerm_const_extract_protocols.json -disable-clang-spi -clang-target arm64-apple-ios27.0-simulator -target-sdk-version 27.0 -target-sdk-name iphonesimulator27.0 -in-process-plugin-server-path /Applications/Xcode_27_beta_4.app/Contents/Developer/Toolchains/XcodeDefault.xctoolchain/usr/lib/swift/host/libSwiftInProcPluginServer.dylib -o /Users/runner/work/_temp/DerivedData/Build/Intermediates.noindex/VVTerm.build/Debug-iphonesimulator/VVTerm.build/Objects-normal/arm64/TerminalReconnectUITestHarness+iOS.o -debug-module-path /Users/runner/work/_temp/DerivedData/Build/Intermediates.noindex/VVTerm.build/Debug-iphonesimulator/VVTerm.build/Objects-normal/arm64/VVTerm.swiftmodule -index-unit-output-path /VVTerm.build/Debug-iphonesimulator/VVTerm.build/Objects-normal/arm64/TerminalReconnectUITestHarness+iOS.o -index-store-path /Users/runner/work/_temp/DerivedData/Index.noindex/DataStore -index-system-modules
2026-08-10T23:46:20.3130750Z SwiftDriverJobDiscovery normal arm64 Compiling SSHClient.swift (in target 'VVTerm' from project 'VVTerm')
2026-08-10T23:46:20.3131470Z 
2026-08-10T23:46:20.3147970Z SwiftCompile normal arm64 Compiling\ RemoteFileTransferCoordinator.swift,\ RemoteFileConflictResolver.swift,\ RemoteFileService.swift,\ SFTPRemoteFileService.swift,\ SSHSFTPAdapter.swift,\ ServerFormSheet.swift,\ ServerSidebarView.swift,\ ServerStatsCollector.swift,\ DarwinStatsCollector.swift,\ FreeBSDStatsCollector.swift,\ LinuxStatsCollector.swift,\ NetBSDStatsCollector.swift,\ OpenBSDStatsCollector.swift,\ PlatformStatsCollector.swift,\ UnixProcessTelemetry.swift,\ WindowsStatsCollector.swift,\ DockerStatsCollector.swift /Users/runner/work/vvterm/vvterm/VVTerm/Features/RemoteFiles/Application/RemoteFileTransferCoordinator.swift /Users/runner/work/vvterm/vvterm/VVTerm/Features/RemoteFiles/Infrastructure/RemoteFileConflictResolver.swift /Users/runner/work/vvterm/vvterm/VVTerm/Features/RemoteFiles/Infrastructure/RemoteFileService.swift /Users/runner/work/vvterm/vvterm/VVTerm/Features/RemoteFiles/Infrastructure/SFTPRemoteFileService.swift /Users/runner/work/vvterm/vvterm/VVTerm/Features/RemoteFiles/Infrastructure/SSHSFTPAdapter.swift /Users/runner/work/vvterm/vvterm/VVTerm/Features/Servers/UI/ServerDetail/ServerFormSheet.swift /Users/runner/work/vvterm/vvterm/VVTerm/Features/Servers/UI/Sidebar/ServerSidebarView.swift /Users/runner/work/vvterm/vvterm/VVTerm/Features/Stats/Application/ServerStatsCollector.swift /Users/runner/work/vvterm/vvterm/VVTerm/Features/Stats/Infrastructure/Platforms/DarwinStatsCollector.swift /Users/runner/work/vvterm/vvterm/VVTerm/Features/Stats/Infrastructure/Platforms/FreeBSDStatsCollector.swift /Users/runner/work/vvterm/vvterm/VVTerm/Features/Stats/Infrastructure/Platforms/LinuxStatsCollector.swift /Users/runner/work/vvterm/vvterm/VVTerm/Features/Stats/Infrastructure/Platforms/NetBSDStatsCollector.swift /Users/runner/work/vvterm/vvterm/VVTerm/Features/Stats/Infrastructure/Platforms/OpenBSDStatsCollector.swift /Users/runner/work/vvterm/vvterm/VVTerm/Features/Stats/Infrastructure/Platforms/PlatformStatsCollector.swift /Users/runner/work/vvterm/vvterm/VVTerm/Features/Stats/Infrastructure/Platforms/UnixProcessTelemetry.swift /Users/runner/work/vvterm/vvterm/VVTerm/Features/Stats/Infrastructure/Platforms/WindowsStatsCollector.swift /Users/runner/work/vvterm/vvterm/VVTerm/Features/Stats/Infrastructure/DockerStatsCollector.swift (in target 'VVTerm' from project 'VVTerm')
2026-08-10T23:46:20.3167470Z 
2026-08-10T23:46:20.3168750Z SwiftCompile normal arm64 /Users/runner/work/vvterm/vvterm/VVTerm/Features/RemoteFiles/Application/RemoteFileTransferCoordinator.swift (in target 'VVTerm' from project 'VVTerm')
2026-08-10T23:46:20.3169660Z     cd /Users/runner/work/vvterm/vvterm
2026-08-10T23:46:20.3170250Z     builtin-SwiftPerFileCompile RemoteFileTransferCoordinator.swift
2026-08-10T23:46:20.3170600Z 
2026-08-10T23:46:20.3171270Z SwiftCompile normal arm64 /Users/runner/work/vvterm/vvterm/VVTerm/Features/RemoteFiles/Infrastructure/RemoteFileConflictResolver.swift (in target 'VVTerm' from project 'VVTerm')
2026-08-10T23:46:20.3172310Z     cd /Users/runner/work/vvterm/vvterm
2026-08-10T23:46:20.3172780Z     builtin-SwiftPerFileCompile RemoteFileConflictResolver.swift
2026-08-10T23:46:20.3173170Z 
2026-08-10T23:46:20.3173820Z SwiftCompile normal arm64 /Users/runner/work/vvterm/vvterm/VVTerm/Features/RemoteFiles/Infrastructure/RemoteFileService.swift (in target 'VVTerm' from project 'VVTerm')
2026-08-10T23:46:20.3177620Z     cd /Users/runner/work/vvterm/vvterm
2026-08-10T23:46:20.3180090Z     builtin-SwiftPerFileCompile RemoteFileService.swift
2026-08-10T23:46:20.3180630Z 
2026-08-10T23:46:20.3181460Z SwiftCompile normal arm64 /Users/runner/work/vvterm/vvterm/VVTerm/Features/RemoteFiles/Infrastructure/SFTPRemoteFileService.swift (in target 'VVTerm' from project 'VVTerm')
2026-08-10T23:46:20.3182570Z     cd /Users/runner/work/vvterm/vvterm
2026-08-10T23:46:20.3183120Z     builtin-SwiftPerFileCompile SFTPRemoteFileService.swift
2026-08-10T23:46:20.3183370Z 
2026-08-10T23:46:20.3183990Z SwiftCompile normal arm64 /Users/runner/work/vvterm/vvterm/VVTerm/Features/RemoteFiles/Infrastructure/SSHSFTPAdapter.swift (in target 'VVTerm' from project 'VVTerm')
2026-08-10T23:46:20.3184900Z     cd /Users/runner/work/vvterm/vvterm
2026-08-10T23:46:20.3185250Z     builtin-SwiftPerFileCompile SSHSFTPAdapter.swift
2026-08-10T23:46:20.3185600Z 
2026-08-10T23:46:20.3186230Z SwiftCompile normal arm64 /Users/runner/work/vvterm/vvterm/VVTerm/Features/Servers/UI/ServerDetail/ServerFormSheet.swift (in target 'VVTerm' from project 'VVTerm')
2026-08-10T23:46:20.3187070Z     cd /Users/runner/work/vvterm/vvterm
2026-08-10T23:46:20.3188630Z     builtin-SwiftPerFileCompile ServerFormSheet.swift
2026-08-10T23:46:20.3188900Z 
2026-08-10T23:46:20.3190140Z SwiftCompile normal arm64 /Users/runner/work/vvterm/vvterm/VVTerm/Features/Servers/UI/Sidebar/ServerSidebarView.swift (in target 'VVTerm' from project 'VVTerm')
2026-08-10T23:46:20.3192250Z     cd /Users/runner/work/vvterm/vvterm
2026-08-10T23:46:20.3192990Z     builtin-SwiftPerFileCompile ServerSidebarView.swift
2026-08-10T23:46:20.3193390Z 
2026-08-10T23:46:20.3194310Z SwiftCompile normal arm64 /Users/runner/work/vvterm/vvterm/VVTerm/Features/Stats/Application/ServerStatsCollector.swift (in target 'VVTerm' from project 'VVTerm')
2026-08-10T23:46:20.3196870Z     cd /Users/runner/work/vvterm/vvterm
2026-08-10T23:46:20.3198170Z     builtin-SwiftPerFileCompile ServerStatsCollector.swift
2026-08-10T23:46:20.3199500Z 
2026-08-10T23:46:20.3200290Z SwiftCompile normal arm64 /Users/runner/work/vvterm/vvterm/VVTerm/Features/Stats/Infrastructure/Platforms/DarwinStatsCollector.swift (in target 'VVTerm' from project 'VVTerm')
2026-08-10T23:46:20.3201420Z     cd /Users/runner/work/vvterm/vvterm
2026-08-10T23:46:20.3202650Z     builtin-SwiftPerFileCompile DarwinStatsCollector.swift
2026-08-10T23:46:20.3203090Z 
2026-08-10T23:46:20.3203990Z SwiftCompile normal arm64 /Users/runner/work/vvterm/vvterm/VVTerm/Features/Stats/Infrastructure/Platforms/FreeBSDStatsCollector.swift (in target 'VVTerm' from project 'VVTerm')
2026-08-10T23:46:20.3206100Z     cd /Users/runner/work/vvterm/vvterm
2026-08-10T23:46:20.3206680Z     builtin-SwiftPerFileCompile FreeBSDStatsCollector.swift
2026-08-10T23:46:20.3207040Z 
2026-08-10T23:46:20.3207860Z SwiftCompile normal arm64 /Users/runner/work/vvterm/vvterm/VVTerm/Features/Stats/Infrastructure/Platforms/LinuxStatsCollector.swift (in target 'VVTerm' from project 'VVTerm')
2026-08-10T23:46:20.3209160Z     cd /Users/runner/work/vvterm/vvterm
2026-08-10T23:46:20.3210010Z     builtin-SwiftPerFileCompile LinuxStatsCollector.swift
2026-08-10T23:46:20.3210290Z 
2026-08-10T23:46:20.3211120Z SwiftCompile normal arm64 /Users/runner/work/vvterm/vvterm/VVTerm/Features/Stats/Infrastructure/Platforms/NetBSDStatsCollector.swift (in target 'VVTerm' from project 'VVTerm')
2026-08-10T23:46:20.3211990Z     cd /Users/runner/work/vvterm/vvterm
2026-08-10T23:46:20.3212510Z     builtin-SwiftPerFileCompile NetBSDStatsCollector.swift
2026-08-10T23:46:20.3212800Z 
2026-08-10T23:46:20.3213420Z SwiftCompile normal arm64 /Users/runner/work/vvterm/vvterm/VVTerm/Features/Stats/Infrastructure/Platforms/OpenBSDStatsCollector.swift (in target 'VVTerm' from project 'VVTerm')
2026-08-10T23:46:20.3214430Z     cd /Users/runner/work/vvterm/vvterm
2026-08-10T23:46:20.3214910Z     builtin-SwiftPerFileCompile OpenBSDStatsCollector.swift
2026-08-10T23:46:20.3215160Z 
2026-08-10T23:46:20.3215860Z SwiftCompile normal arm64 /Users/runner/work/vvterm/vvterm/VVTerm/Features/Stats/Infrastructure/Platforms/PlatformStatsCollector.swift (in target 'VVTerm' from project 'VVTerm')
2026-08-10T23:46:20.3217640Z     cd /Users/runner/work/vvterm/vvterm
2026-08-10T23:46:20.3218280Z     builtin-SwiftPerFileCompile PlatformStatsCollector.swift
2026-08-10T23:46:20.3218630Z 
2026-08-10T23:46:20.3219300Z SwiftCompile normal arm64 /Users/runner/work/vvterm/vvterm/VVTerm/Features/Stats/Infrastructure/Platforms/UnixProcessTelemetry.swift (in target 'VVTerm' from project 'VVTerm')
2026-08-10T23:46:20.3220210Z     cd /Users/runner/work/vvterm/vvterm
2026-08-10T23:46:20.3221200Z     builtin-SwiftPerFileCompile UnixProcessTelemetry.swift
2026-08-10T23:46:20.3221560Z 
2026-08-10T23:46:20.3223170Z SwiftCompile normal arm64 /Users/runner/work/vvterm/vvterm/VVTerm/Features/Stats/Infrastructure/Platforms/WindowsStatsCollector.swift (in target 'VVTerm' from project 'VVTerm')
2026-08-10T23:46:20.3224260Z     cd /Users/runner/work/vvterm/vvterm
2026-08-10T23:46:20.3224920Z     builtin-SwiftPerFileCompile WindowsStatsCollector.swift
2026-08-10T23:46:20.3225440Z 
2026-08-10T23:46:20.3226360Z SwiftCompile normal arm64 /Users/runner/work/vvterm/vvterm/VVTerm/Features/Stats/Infrastructure/DockerStatsCollector.swift (in target 'VVTerm' from project 'VVTerm')
2026-08-10T23:46:20.3227410Z     cd /Users/runner/work/vvterm/vvterm
2026-08-10T23:46:20.3228030Z     builtin-SwiftPerFileCompile DockerStatsCollector.swift
2026-08-10T23:46:20.3228490Z 
2026-08-10T23:46:20.3242540Z SwiftCompile normal arm64 Compiling\ StorageHealthProbe.swift,\ StorageHealthTargetResolver.swift,\ ServerStatsDashboard.swift,\ ServerStatsView.swift,\ EternalTerminalRuntime.swift,\ SSHShellRegistry.swift,\ TerminalTabManager.swift,\ TmuxAttachResolver.swift,\ SSHETBootstrapExecutor.swift,\ TerminalView.swift,\ TerminalView+iOS.swift,\ ConnectionTabsView.swift,\ ConnectionTabsView+iOS.swift,\ SSHConnectionRunner.swift,\ TerminalPaneConnectionCoordinator.swift,\ TerminalPaneSSHCoordinator.swift,\ TerminalRichPasteSupport.swift /Users/runner/work/vvterm/vvterm/VVTerm/Features/Stats/Infrastructure/StorageHealthProbe.swift /Users/runner/work/vvterm/vvterm/VVTerm/Features/Stats/Infrastructure/StorageHealthTargetResolver.swift /Users/runner/work/vvterm/vvterm/VVTerm/Features/Stats/UI/ServerStatsDashboard.swift /Users/runner/work/vvterm/vvterm/VVTerm/Features/Stats/UI/ServerStatsView.swift /Users/runner/work/vvterm/vvterm/VVTerm/Features/TerminalSessions/Application/EternalTerminalRuntime.swift /Users/runner/work/vvterm/vvterm/VVTerm/Features/TerminalSessions/Application/SSHShellRegistry.swift /Users/runner/work/vvterm/vvterm/VVTerm/Features/TerminalSessions/Application/TerminalTabManager.swift /Users/runner/work/vvterm/vvterm/VVTerm/Features/TerminalSessions/Application/TmuxAttachResolver.swift /Users/runner/work/vvterm/vvterm/VVTerm/Features/TerminalSessions/Infrastructure/SSHETBootstrapExecutor.swift /Users/runner/work/vvterm/vvterm/VVTerm/Features/TerminalSessions/UI/Splits/TerminalView.swift /Users/runner/work/vvterm/vvterm/VVTerm/Features/TerminalSessions/UI/Splits/TerminalView+iOS.swift /Users/runner/work/vvterm/vvterm/VVTerm/Features/TerminalSessions/UI/Tabs/ConnectionTabsView.swift /Users/runner/work/vvterm/vvterm/VVTerm/Features/TerminalSessions/UI/Tabs/ConnectionTabsView+iOS.swift /Users/runner/work/vvterm/vvterm/VVTerm/Features/TerminalSessions/UI/Terminal/SSHConnectionRunner.swift /Users/runner/work/vvterm/vvterm/VVTerm/Features/TerminalSessions/UI/Terminal/TerminalPaneConnectionCoordinator.swift /Users/runner/work/vvterm/vvterm/VVTerm/Features/TerminalSessions/UI/Terminal/TerminalPaneSSHCoordinator.swift /Users/runner/work/vvterm/vvterm/VVTerm/Features/TerminalSessions/UI/Terminal/TerminalRichPasteSupport.swift (in target 'VVTerm' from project 'VVTerm')
2026-08-10T23:46:20.3260730Z /Users/runner/work/vvterm/vvterm/VVTerm/Core/Logging/Diagnostics/DiagnosticsExporter.swift:64:51: warning: call to main actor-isolated initializer 'init(subsystem:)' in a synchronous nonisolated context [#ActorIsolatedCall]
2026-08-10T23:46:20.3261980Z  18 |     let subsystem: String
2026-08-10T23:46:20.3262400Z  19 | 
2026-08-10T23:46:20.3262940Z  20 |     init(subsystem: String = Bundle.main.bundleIdentifier ?? "it.pcad.vvterm") {
2026-08-10T23:46:20.3264890Z     |     |- note: calls to initializer 'init(subsystem:)' from outside of its actor context are implicitly asynchronous
2026-08-10T23:46:20.3269000Z     |     `- note: main actor isolation inferred from conformance to protocol 'DiagnosticsLogCollecting'
2026-08-10T23:46:20.3278390Z  21 |         self.subsystem = subsystem
2026-08-10T23:46:20.3279030Z  22 |     }
2026-08-10T23:46:20.3279410Z     :
2026-08-10T23:46:20.3280010Z  62 |     /// throwing, so the user always gets a shareable file.
2026-08-10T23:46:20.3281050Z  63 |     static func export(
2026-08-10T23:46:20.3281760Z  64 |         collector: any DiagnosticsLogCollecting = OSLogDiagnosticsCollector(),
2026-08-10T23:46:20.3282990Z     |                                                   `- warning: call to main actor-isolated initializer 'init(subsystem:)' in a synchronous nonisolated context [#ActorIsolatedCall]
2026-08-10T23:46:20.3284010Z  65 |         recorder: DiagnosticsRecorder = .shared,
2026-08-10T23:46:20.3284580Z  66 |         subsystem: String = Bundle.main.bundleIdentifier ?? "it.pcad.vvterm",
2026-08-10T23:46:20.3285350Z 
2026-08-10T23:46:20.3286570Z /Users/runner/work/vvterm/vvterm/VVTerm/Core/Logging/Diagnostics/DiagnosticsExporter.swift:65:42: warning: main actor-isolated static property 'shared' can not be referenced from a nonisolated context
2026-08-10T23:46:20.3288070Z  63 |     static func export(
2026-08-10T23:46:20.3288820Z  64 |         collector: any DiagnosticsLogCollecting = OSLogDiagnosticsCollector(),
2026-08-10T23:46:20.3289970Z  65 |         recorder: DiagnosticsRecorder = .shared,
2026-08-10T23:46:20.3292960Z     |                                          `- warning: main actor-isolated static property 'shared' can not be referenced from a nonisolated context
2026-08-10T23:46:20.3294490Z  66 |         subsystem: String = Bundle.main.bundleIdentifier ?? "it.pcad.vvterm",
2026-08-10T23:46:20.3295340Z  67 |         exportDate: Date = Date(),
2026-08-10T23:46:20.3296020Z 
2026-08-10T23:46:20.3297050Z /Users/runner/work/vvterm/vvterm/VVTerm/Core/Logging/Diagnostics/DiagnosticsRecorder.swift:20:16: note: static property declared here
2026-08-10T23:46:20.3298600Z 18 | /// outcomes). Never record credentials, raw hosts, or terminal content.
2026-08-10T23:46:20.3299880Z 19 | final class DiagnosticsRecorder: @unchecked Sendable {
2026-08-10T23:46:20.3300760Z 20 |     static let shared = DiagnosticsRecorder()
2026-08-10T23:46:20.3301760Z    |                `- note: static property declared here
2026-08-10T23:46:20.3302430Z 21 | 
2026-08-10T23:46:20.3303010Z 22 |     private let queue = DispatchQueue(label: "vvterm.diagnostics-recorder")
2026-08-10T23:46:20.3303960Z 
2026-08-10T23:46:20.3305150Z [#ActorIsolatedCall]: <https://docs.swift.org/compiler/documentation/diagnostics/actor-isolated-call>
2026-08-10T23:46:20.3305960Z 
2026-08-10T23:46:20.3307500Z SwiftCompile normal arm64 /Users/runner/work/vvterm/vvterm/VVTerm/Features/Stats/Infrastructure/StorageHealthProbe.swift (in target 'VVTerm' from project 'VVTerm')
2026-08-10T23:46:20.3309010Z     cd /Users/runner/work/vvterm/vvterm
2026-08-10T23:46:20.3310160Z     builtin-SwiftPerFileCompile StorageHealthProbe.swift
2026-08-10T23:46:20.3370210Z 
2026-08-10T23:46:20.3373100Z SwiftCompile normal arm64 /Users/runner/work/vvterm/vvterm/VVTerm/Features/Stats/Infrastructure/StorageHealthTargetResolver.swift (in target 'VVTerm' from project 'VVTerm')
2026-08-10T23:46:20.3374590Z     cd /Users/runner/work/vvterm/vvterm
2026-08-10T23:46:20.3376170Z     builtin-SwiftPerFileCompile StorageHealthTargetResolver.swift
2026-08-10T23:46:20.3377830Z 
2026-08-10T23:46:20.3378820Z SwiftCompile normal arm64 /Users/runner/work/vvterm/vvterm/VVTerm/Features/Stats/UI/ServerStatsDashboard.swift (in target 'VVTerm' from project 'VVTerm')
2026-08-10T23:46:20.3380950Z     cd /Users/runner/work/vvterm/vvterm
2026-08-10T23:46:20.3383480Z     builtin-SwiftPerFileCompile ServerStatsDashboard.swift
2026-08-10T23:46:20.3385280Z 
2026-08-10T23:46:20.3389380Z SwiftCompile normal arm64 /Users/runner/work/vvterm/vvterm/VVTerm/Features/Stats/UI/ServerStatsView.swift (in target 'VVTerm' from project 'VVTerm')
2026-08-10T23:46:20.3393210Z     cd /Users/runner/work/vvterm/vvterm
2026-08-10T23:46:20.3393630Z     builtin-SwiftPerFileCompile ServerStatsView.swift
2026-08-10T23:46:20.3394460Z 
2026-08-10T23:46:20.3396360Z SwiftCompile normal arm64 /Users/runner/work/vvterm/vvterm/VVTerm/Features/TerminalSessions/Application/EternalTerminalRuntime.swift (in target 'VVTerm' from project 'VVTerm')
2026-08-10T23:46:20.3398600Z     cd /Users/runner/work/vvterm/vvterm
2026-08-10T23:46:20.3399570Z     builtin-SwiftPerFileCompile EternalTerminalRuntime.swift
2026-08-10T23:46:20.3399950Z 
2026-08-10T23:46:20.3401070Z SwiftCompile normal arm64 /Users/runner/work/vvterm/vvterm/VVTerm/Features/TerminalSessions/Application/SSHShellRegistry.swift (in target 'VVTerm' from project 'VVTerm')
2026-08-10T23:46:20.3403390Z     cd /Users/runner/work/vvterm/vvterm
2026-08-10T23:46:20.3403840Z     builtin-SwiftPerFileCompile SSHShellRegistry.swift
2026-08-10T23:46:20.3405050Z 
2026-08-10T23:46:20.3414780Z SwiftCompile normal arm64 /Users/runner/work/vvterm/vvterm/VVTerm/Features/TerminalSessions/Application/TerminalTabManager.swift (in target 'VVTerm' from project 'VVTerm')
2026-08-10T23:46:20.3415880Z     cd /Users/runner/work/vvterm/vvterm
2026-08-10T23:46:20.3416850Z     builtin-SwiftPerFileCompile TerminalTabManager.swift
2026-08-10T23:46:20.3417360Z 
2026-08-10T23:46:20.3418950Z SwiftCompile normal arm64 /Users/runner/work/vvterm/vvterm/VVTerm/Features/TerminalSessions/Application/TmuxAttachResolver.swift (in target 'VVTerm' from project 'VVTerm')
2026-08-10T23:46:20.3420590Z     cd /Users/runner/work/vvterm/vvterm
2026-08-10T23:46:20.3422220Z     builtin-SwiftPerFileCompile TmuxAttachResolver.swift
2026-08-10T23:46:20.3422480Z 
2026-08-10T23:46:20.3423670Z SwiftCompile normal arm64 /Users/runner/work/vvterm/vvterm/VVTerm/Features/TerminalSessions/Infrastructure/SSHETBootstrapExecutor.swift (in target 'VVTerm' from project 'VVTerm')
2026-08-10T23:46:20.3425080Z     cd /Users/runner/work/vvterm/vvterm
2026-08-10T23:46:20.3425500Z     builtin-SwiftPerFileCompile SSHETBootstrapExecutor.swift
2026-08-10T23:46:20.3426190Z 
2026-08-10T23:46:20.3428470Z SwiftCompile normal arm64 /Users/runner/work/vvterm/vvterm/VVTerm/Features/TerminalSessions/UI/Splits/TerminalView.swift (in target 'VVTerm' from project 'VVTerm')
2026-08-10T23:46:20.3430420Z     cd /Users/runner/work/vvterm/vvterm
2026-08-10T23:46:20.3430850Z     builtin-SwiftPerFileCompile TerminalView.swift
2026-08-10T23:46:20.3431330Z 
2026-08-10T23:46:20.3432180Z SwiftCompile normal arm64 /Users/runner/work/vvterm/vvterm/VVTerm/Features/TerminalSessions/UI/Splits/TerminalView+iOS.swift (in target 'VVTerm' from project 'VVTerm')
2026-08-10T23:46:20.3433170Z     cd /Users/runner/work/vvterm/vvterm
2026-08-10T23:46:20.3434730Z     builtin-SwiftPerFileCompile TerminalView+iOS.swift
2026-08-10T23:46:20.3436460Z 
2026-08-10T23:46:20.3437150Z SwiftCompile normal arm64 /Users/runner/work/vvterm/vvterm/VVTerm/Features/TerminalSessions/UI/Tabs/ConnectionTabsView.swift (in target 'VVTerm' from project 'VVTerm')
2026-08-10T23:46:20.3439110Z     cd /Users/runner/work/vvterm/vvterm
2026-08-10T23:46:20.3439530Z     builtin-SwiftPerFileCompile ConnectionTabsView.swift
2026-08-10T23:46:20.3439950Z 
2026-08-10T23:46:20.3440530Z SwiftCompile normal arm64 /Users/runner/work/vvterm/vvterm/VVTerm/Features/TerminalSessions/UI/Tabs/ConnectionTabsView+iOS.swift (in target 'VVTerm' from project 'VVTerm')
2026-08-10T23:46:20.3443250Z     cd /Users/runner/work/vvterm/vvterm
2026-08-10T23:46:20.3444910Z     builtin-SwiftPerFileCompile ConnectionTabsView+iOS.swift
2026-08-10T23:46:20.3445530Z 
2026-08-10T23:46:20.3446930Z SwiftCompile normal arm64 /Users/runner/work/vvterm/vvterm/VVTerm/Features/TerminalSessions/UI/Terminal/SSHConnectionRunner.swift (in target 'VVTerm' from project 'VVTerm')
2026-08-10T23:46:20.3449250Z     cd /Users/runner/work/vvterm/vvterm
2026-08-10T23:46:20.3449890Z     builtin-SwiftPerFileCompile SSHConnectionRunner.swift
2026-08-10T23:46:20.3450260Z 
2026-08-10T23:46:20.3450920Z SwiftCompile normal arm64 /Users/runner/work/vvterm/vvterm/VVTerm/Features/TerminalSessions/UI/Terminal/TerminalPaneConnectionCoordinator.swift (in target 'VVTerm' from project 'VVTerm')
2026-08-10T23:46:20.3451860Z     cd /Users/runner/work/vvterm/vvterm
2026-08-10T23:46:20.3452370Z     builtin-SwiftPerFileCompile TerminalPaneConnectionCoordinator.swift
2026-08-10T23:46:20.3453580Z 
2026-08-10T23:46:20.3455480Z SwiftCompile normal arm64 /Users/runner/work/vvterm/vvterm/VVTerm/Features/TerminalSessions/UI/Terminal/TerminalPaneSSHCoordinator.swift (in target 'VVTerm' from project 'VVTerm')
2026-08-10T23:46:20.3456410Z     cd /Users/runner/work/vvterm/vvterm
2026-08-10T23:46:20.3457050Z     builtin-SwiftPerFileCompile TerminalPaneSSHCoordinator.swift
2026-08-10T23:46:20.3457470Z 
2026-08-10T23:46:20.3458280Z SwiftCompile normal arm64 /Users/runner/work/vvterm/vvterm/VVTerm/Features/TerminalSessions/UI/Terminal/TerminalRichPasteSupport.swift (in target 'VVTerm' from project 'VVTerm')
2026-08-10T23:46:20.3459570Z     cd /Users/runner/work/vvterm/vvterm
2026-08-10T23:46:20.3461070Z     builtin-SwiftPerFileCompile TerminalRichPasteSupport.swift
2026-08-10T23:46:20.3461770Z 
2026-08-10T23:46:20.3462700Z SwiftDriverJobDiscovery normal arm64 Emitting module for VVTerm (in target 'VVTerm' from project 'VVTerm')
2026-08-10T23:46:20.3463120Z 
2026-08-10T23:46:20.3464200Z SwiftDriver\ Compilation\ Requirements VVTerm normal arm64 com.apple.xcode.tools.swift.compiler (in target 'VVTerm' from project 'VVTerm')
2026-08-10T23:46:20.3465000Z     cd /Users/runner/work/vvterm/vvterm
2026-08-10T23:46:20.3519630Z     builtin-Swift-Compilation-Requirements -- /Applications/Xcode_27_beta_4.app/Contents/Developer/Toolchains/XcodeDefault.xctoolchain/usr/bin/swiftc -module-name VVTerm -Onone @/Users/runner/work/_temp/DerivedData/Build/Intermediates.noindex/VVTerm.build/Debug-iphonesimulator/VVTerm.build/Objects-normal/arm64/VVTerm.SwiftFileList -DDEBUG -DFORCE_PRO_ENABLED -Xcc -fmodule-map-file\=/Users/runner/work/_temp/DerivedData/SourcePackages/checkouts/swift-numerics/Sources/_NumericsShims/include/module.modulemap -Xcc -fmodule-map-file\=/Users/runner/work/_temp/DerivedData/SourcePackages/checkouts/mlx-swift/Source/Cmlx/include/module.modulemap -Xcc -fmodule-map-file\=/Users/runner/work/_temp/DerivedData/Build/Intermediates.noindex/GeneratedModuleMaps-iphonesimulator/CTweetNacl.modulemap -Xcc -fmodule-map-file\=/Users/runner/work/_temp/DerivedData/Build/Intermediates.noindex/GeneratedModuleMaps-iphonesimulator/CNIOLLHTTP.modulemap -Xcc -fmodule-map-file\=/Users/runner/work/_temp/DerivedData/Build/Intermediates.noindex/GeneratedModuleMaps-iphonesimulator/CNIOPosix.modulemap -Xcc -fmodule-map-file\=/Users/runner/work/_temp/DerivedData/Build/Intermediates.noindex/GeneratedModuleMaps-iphonesimulator/CNIOWASI.modulemap -Xcc -fmodule-map-file\=/Users/runner/work/_temp/DerivedData/SourcePackages/checkouts/swift-nio/Sources/CNIOWindows/include/module.modulemap -Xcc -fmodule-map-file\=/Users/runner/work/_temp/DerivedData/Build/Intermediates.noindex/GeneratedModuleMaps-iphonesimulator/CNIOLinux.modulemap -Xcc -fmodule-map-file\=/Users/runner/work/_temp/DerivedData/Build/Intermediates.noindex/GeneratedModuleMaps-iphonesimulator/CNIODarwin.modulemap -Xcc -fmodule-map-file\=/Users/runner/work/_temp/DerivedData/Build/Intermediates.noindex/GeneratedModuleMaps-iphonesimulator/CNIOFreeBSD.modulemap -Xcc -fmodule-map-file\=/Users/runner/work/_temp/DerivedData/Build/Intermediates.noindex/GeneratedModuleMaps-iphonesimulator/CNIOOpenBSD.modulemap -Xcc -fmodule-map-file\=/Users/runner/work/_temp/DerivedData/Build/Intermediates.noindex/GeneratedModuleMaps-iphonesimulator/CNIOAtomics.modulemap -Xcc -fmodule-map-file\=/Users/runner/work/_temp/DerivedData/SourcePackages/checkouts/swift-atomics/Sources/_AtomicsShims/include/module.modulemap -default-isolation\=MainActor -enable-bare-slash-regex -enable-upcoming-feature DisableOutwardActorInference -enable-upcoming-feature InferSendableFromCaptures -enable-upcoming-feature GlobalActorIsolatedTypesUsability -enable-upcoming-feature MemberImportVisibility -enable-upcoming-feature InferIsolatedConformances -enable-upcoming-feature NonisolatedNonsendingByDefault -enable-experimental-feature DebugDescriptionMacro -sdk /Applications/Xcode_27_beta_4.app/Contents/Developer/Platforms/iPhoneSimulator.platform/Developer/SDKs/iPhoneSimulator27.0.sdk -target arm64-apple-ios16.1-simulator -g -module-cache-path /Users/runner/work/_temp/DerivedData/ModuleCache.noindex -Xfrontend -serialize-debugging-options -profile-coverage-mapping -profile-generate -enable-testing -index-store-path /Users/runner/work/_temp/DerivedData/Index.noindex/DataStore -Xcc -D_LIBCPP_HARDENING_MODE\=_LIBCPP_HARDENING_MODE_DEBUG -swift-version 5 -I /Users/runner/work/_temp/DerivedData/Build/Products/Debug-iphonesimulator -F /Users/runner/work/_temp/DerivedData/Build/Products/Debug-iphonesimulator/PackageFrameworks -F /Users/runner/work/_temp/DerivedData/Build/Products/Debug-iphonesimulator -emit-localized-strings -emit-localized-strings-path /Users/runner/work/_temp/DerivedData/Build/Intermediates.noindex/VVTerm.build/Debug-iphonesimulator/VVTerm.build/Objects-normal/arm64 -c -j3 -enable-batch-mode -incremental -Xcc -ivfsstatcache -Xcc /Users/runner/work/_temp/DerivedData/SDKStatCaches.noindex/iphonesimulator27.0-24A5390e-e43fee13dd4b37625cdebfde7abd7d2e442fb7f1c3b8580cc81a86a0492dbf21.sdkstatcache -output-file-map /Users/runner/work/_temp/DerivedData/Build/Intermediates.noindex/VVTerm.build/Debug-iphonesimulator/VVTerm.build/Objects-normal/arm64/VVTerm-OutputFileMap.json -save-temps -no-color-diagnostics -explicit-module-build -module-cache-path /Users/runner/work/_temp/DerivedData/Build/Intermediates.noindex/SwiftExplicitPrecompiledModules -clang-scanner-module-cache-path /Users/runner/work/_temp/DerivedData/ModuleCache.noindex -sdk-module-cache-path /Users/runner/work/_temp/DerivedData/SDKExplicitPrecompiledModules -emit-dependencies -emit-module -emit-module-path /Users/runner/work/_temp/DerivedData/Build/Intermediates.noindex/VVTerm.build/Debug-iphonesimulator/VVTerm.build/Objects-normal/arm64/VVTerm.swiftmodule -serialize-diagnostics -dependency-scan-serialize-diagnostics-path /Users/runner/work/_temp/DerivedData/Build/Intermediates.noindex/VVTerm.build/Debug-iphonesimulator/VVTerm.build/Objects-normal/arm64/VVTerm-dependency-scan.dia -validate-clang-modules-once -clang-build-session-file /Users/runner/work/_temp/DerivedData/ModuleCache.noindex/Session.modulevalidation -Xcc -fmodules-prune-interval\=86400 -Xcc -fmodules-prune-after\=345600 -emit-const-values -const-gather-protocols-list /Users/runner/work/_temp/DerivedData/Build/Intermediates.noindex/VVTerm.build/Debug-iphonesimulator/VVTerm.build/Objects-normal/arm64/VVTerm_const_extract_protocols.json -Xcc -iquote -Xcc /Users/runner/work/_temp/DerivedData/Build/Intermediates.noindex/VVTerm.build/Debug-iphonesimulator/VVTerm.build/VVTerm-generated-files.hmap -Xcc -I/Users/runner/work/_temp/DerivedData/Build/Intermediates.noindex/VVTerm.build/Debug-iphonesimulator/VVTerm.build/VVTerm-own-target-headers.hmap -Xcc -I/Users/runner/work/_temp/DerivedData/Build/Intermediates.noindex/VVTerm.build/Debug-iphonesimulator/VVTerm.build/VVTerm-all-non-framework-target-headers.hmap -Xcc -ivfsoverlay -Xcc /Users/runner/work/_temp/DerivedData/Build/Intermediates.noindex/VVTerm.build/Debug-iphonesimulator/VVTerm-6a35e7673de302a64f61488d7ee1e65a-VFS-iphonesimulator/all-product-headers.yaml -Xcc -iquote -Xcc /Users/runner/work/_temp/DerivedData/Build/Intermediates.noindex/VVTerm.build/Debug-iphonesimulator/VVTerm.build/VVTerm-project-headers.hmap -Xcc -I/Users/runner/work/_temp/DerivedData/SourcePackages/checkouts/swift-numerics/Sources/_NumericsShims/include -Xcc -I/Users/runner/work/_temp/DerivedData/SourcePackages/checkouts/mlx-swift/Source/Cmlx/include -Xcc -I/Users/runner/work/_temp/DerivedData/SourcePackages/checkouts/tweetnacl-swiftwrap/Sources/CTweetNacl/include -Xcc -I/Users/runner/work/_temp/DerivedData/SourcePackages/checkouts/swift-nio/Sources/CNIOLLHTTP/include -Xcc -I/Users/runner/work/_temp/DerivedData/SourcePackages/checkouts/swift-nio/Sources/CNIOPosix/include -Xcc -I/Users/runner/work/_temp/DerivedData/SourcePackages/checkouts/swift-nio/Sources/CNIOWASI/include -Xcc -I/Users/runner/work/_temp/DerivedData/SourcePackages/checkouts/swift-nio/Sources/CNIOWindows/include -Xcc -I/Users/runner/work/_temp/DerivedData/SourcePackages/checkouts/swift-nio/Sources/CNIOLinux/include -Xcc -I/Users/runner/work/_temp/DerivedData/SourcePackages/checkouts/swift-nio/Sources/CNIODarwin/include -Xcc -I/Users/runner/work/_temp/DerivedData/SourcePackages/checkouts/swift-nio/Sources/CNIOFreeBSD/include -Xcc -I/Users/runner/work/_temp/DerivedData/SourcePackages/checkouts/swift-nio/Sources/CNIOOpenBSD/include -Xcc -I/Users/runner/work/_temp/DerivedData/SourcePackages/checkouts/swift-nio/Sources/CNIOAtomics/include -Xcc -I/Users/runner/work/_temp/DerivedData/SourcePackages/checkouts/swift-atomics/Sources/_AtomicsShims/include -Xcc -I/Users/runner/work/_temp/DerivedData/Build/Products/Debug-iphonesimulator/include -Xcc -I/Users/runner/work/vvterm/vvterm/Vendor/libghostty/ios-simulator/include -Xcc -I/Users/runner/work/vvterm/vvterm/Vendor/libssh2/include -Xcc -I/Users/runner/work/_temp/DerivedData/Build/Intermediates.noindex/VVTerm.build/Debug-iphonesimulator/VVTerm.build/DerivedSources-normal/arm64 -Xcc -I/Users/runner/work/_temp/DerivedData/Build/Intermediates.noindex/VVTerm.build/Debug-iphonesimulator/VVTerm.build/DerivedSources/arm64 -Xcc -I/Users/runner/work/_temp/DerivedData/Build/Intermediates.noindex/VVTerm.build/Debug-iphonesimulator/VVTerm.build/DerivedSources -Xcc -DDEBUG\=1 -emit-objc-header -emit-objc-header-path /Users/runner/work/_temp/DerivedData/Build/Intermediates.noindex/VVTerm.build/Debug-iphonesimulator/VVTerm.build/Objects-normal/arm64/VVTerm-Swift.h -import-objc-header /Users/runner/work/vvterm/vvterm/VVTerm/ghostty-bridging-header.h -working-directory /Users/runner/work/vvterm/vvterm -experimental-emit-module-separately -disable-cmo
2026-08-10T23:46:20.3579080Z 
2026-08-10T23:46:20.3583790Z SwiftDriverJobDiscovery normal arm64 Compiling RemoteFileTransferCoordinator.swift, RemoteFileConflictResolver.swift, RemoteFileService.swift, SFTPRemoteFileService.swift, SSHSFTPAdapter.swift, ServerFormSheet.swift, ServerSidebarView.swift, ServerStatsCollector.swift, DarwinStatsCollector.swift, FreeBSDStatsCollector.swift, LinuxStatsCollector.swift, NetBSDStatsCollector.swift, OpenBSDStatsCollector.swift, PlatformStatsCollector.swift, UnixProcessTelemetry.swift, WindowsStatsCollector.swift, DockerStatsCollector.swift (in target 'VVTerm' from project 'VVTerm')
2026-08-10T23:46:20.3586980Z 
2026-08-10T23:46:20.3597870Z SwiftCompile normal arm64 Compiling\ iOSContentView.swift,\ ServerTerminalRoute+iOS.swift,\ ContentView.swift,\ VVTermApp.swift,\ CloudflareTransportManager.swift,\ RemoteClipboardTransferService.swift,\ RemoteEnvironmentResolver.swift,\ RemoteMoshManager.swift,\ RemoteTmuxManager.swift,\ SSHAddressConnector.swift,\ SSHErrorDiagnostics.swift,\ SSHProxySubsystemTransport.swift,\ SSHTLSTransport.swift,\ TerminalRichPasteCoordinator.swift,\ SidebarComponents.swift,\ RemoteFileBrowserStore.swift,\ RemoteFilePreviewCoordinator.swift /Users/runner/work/vvterm/vvterm/VVTerm/App/iOS/iOSContentView.swift /Users/runner/work/vvterm/vvterm/VVTerm/App/iOS/ServerTerminalRoute+iOS.swift /Users/runner/work/vvterm/vvterm/VVTerm/App/ContentView.swift /Users/runner/work/vvterm/vvterm/VVTerm/App/VVTermApp.swift /Users/runner/work/vvterm/vvterm/VVTerm/Core/Network/Cloudflare/CloudflareTransportManager.swift /Users/runner/work/vvterm/vvterm/VVTerm/Core/SSH/RemoteClipboardTransferService.swift /Users/runner/work/vvterm/vvterm/VVTerm/Core/SSH/RemoteEnvironmentResolver.swift /Users/runner/work/vvterm/vvterm/VVTerm/Core/SSH/RemoteMoshManager.swift /Users/runner/work/vvterm/vvterm/VVTerm/Core/SSH/RemoteTmuxManager.swift /Users/runner/work/vvterm/vvterm/VVTerm/Core/SSH/SSHAddressConnector.swift /Users/runner/work/vvterm/vvterm/VVTerm/Core/SSH/SSHErrorDiagnostics.swift /Users/runner/work/vvterm/vvterm/VVTerm/Core/SSH/SSHProxySubsystemTransport.swift /Users/runner/work/vvterm/vvterm/VVTerm/Core/SSH/SSHTLSTransport.swift /Users/runner/work/vvterm/vvterm/VVTerm/Core/SSH/TerminalRichPasteCoordinator.swift /Users/runner/work/vvterm/vvterm/VVTerm/Core/UI/SidebarComponents.swift /Users/runner/work/vvterm/vvterm/VVTerm/Features/RemoteFiles/Application/RemoteFileBrowserStore.swift /Users/runner/work/vvterm/vvterm/VVTerm/Features/RemoteFiles/Application/RemoteFilePreviewCoordinator.swift (in target 'VVTerm' from project 'VVTerm')
2026-08-10T23:46:20.3613760Z /Users/runner/work/vvterm/vvterm/VVTerm/Core/SSH/RemoteEnvironmentResolver.swift:200:19: warning: main actor-isolated static property 'platformMarker' can not be referenced from a nonisolated context
2026-08-10T23:46:20.3615320Z 138 | 
2026-08-10T23:46:20.3615870Z 139 |     private static let probeTimeout: Duration = .seconds(2)
2026-08-10T23:46:20.3616730Z 140 |     private static let platformMarker = "__VVTERM_PLATFORM__="
2026-08-10T23:46:20.3617440Z     |                        `- note: static property declared here
2026-08-10T23:46:20.3618250Z 141 |     private static let shellMarker = "__VVTERM_SHELL__="
2026-08-10T23:46:20.3618940Z 142 | 
2026-08-10T23:46:20.3619990Z     :
2026-08-10T23:46:20.3621060Z 198 |         VVTERM_SHELL="${SHELL##*/}";
2026-08-10T23:46:20.3623900Z 199 |         if [ -z "$VVTERM_SHELL" ]; then VVTERM_SHELL="$(ps -p $$ -o comm= 2>/dev/null || true)"; fi;
2026-08-10T23:46:20.3624990Z 200 |         printf '\(platformMarker)%s\n\(shellMarker)%s' "$VVTERM_PLATFORM" "$VVTERM_SHELL"
2026-08-10T23:46:20.3626180Z     |                   `- warning: main actor-isolated static property 'platformMarker' can not be referenced from a nonisolated context
2026-08-10T23:46:20.3627020Z 201 |         """
2026-08-10T23:46:20.3627960Z 202 |         return RemoteTerminalBootstrap.wrapPOSIXProbeCommand(body)
2026-08-10T23:46:20.3628810Z 
2026-08-10T23:46:20.3629890Z /Users/runner/work/vvterm/vvterm/VVTerm/Core/SSH/RemoteEnvironmentResolver.swift:200:40: warning: main actor-isolated static property 'shellMarker' can not be referenced from a nonisolated context
2026-08-10T23:46:20.3631220Z 139 |     private static let probeTimeout: Duration = .seconds(2)
2026-08-10T23:46:20.3632200Z 140 |     private static let platformMarker = "__VVTERM_PLATFORM__="
2026-08-10T23:46:20.3633200Z 141 |     private static let shellMarker = "__VVTERM_SHELL__="
2026-08-10T23:46:20.3634030Z     |                        `- note: static property declared here
2026-08-10T23:46:20.3635200Z 142 | 
2026-08-10T23:46:20.3635680Z 143 |     static func resolve(using client: SSHClient) async -> RemoteEnvironment {
2026-08-10T23:46:20.3636750Z     :
2026-08-10T23:46:20.3637120Z 198 |         VVTERM_SHELL="${SHELL##*/}";
2026-08-10T23:46:20.3637910Z 199 |         if [ -z "$VVTERM_SHELL" ]; then VVTERM_SHELL="$(ps -p $$ -o comm= 2>/dev/null || true)"; fi;
2026-08-10T23:46:20.3639810Z 200 |         printf '\(platformMarker)%s\n\(shellMarker)%s' "$VVTERM_PLATFORM" "$VVTERM_SHELL"
2026-08-10T23:46:20.3640870Z     |                                        `- warning: main actor-isolated static property 'shellMarker' can not be referenced from a nonisolated context
2026-08-10T23:46:20.3641760Z 201 |         """
2026-08-10T23:46:20.3642230Z 202 |         return RemoteTerminalBootstrap.wrapPOSIXProbeCommand(body)
2026-08-10T23:46:20.3642740Z 
2026-08-10T23:46:20.3643630Z /Users/runner/work/vvterm/vvterm/VVTerm/Core/SSH/RemoteEnvironmentResolver.swift:208:31: warning: main actor-isolated static property 'platformMarker' can not be referenced from a nonisolated context
2026-08-10T23:46:20.3645320Z 138 | 
2026-08-10T23:46:20.3645630Z 139 |     private static let probeTimeout: Duration = .seconds(2)
2026-08-10T23:46:20.3646320Z 140 |     private static let platformMarker = "__VVTERM_PLATFORM__="
2026-08-10T23:46:20.3647170Z     |                        `- note: static property declared here
2026-08-10T23:46:20.3647870Z 141 |     private static let shellMarker = "__VVTERM_SHELL__="
2026-08-10T23:46:20.3648460Z 142 | 
2026-08-10T23:46:20.3648650Z     :
2026-08-10T23:46:20.3649510Z 206 |         let values = output.split(whereSeparator: { $0.isNewline }).reduce(into: [String: String]()) {
2026-08-10T23:46:20.3650190Z 207 |             let line = String($1)
2026-08-10T23:46:20.3650910Z 208 |             if line.hasPrefix(platformMarker) {
2026-08-10T23:46:20.3651900Z     |                               `- warning: main actor-isolated static property 'platformMarker' can not be referenced from a nonisolated context
2026-08-10T23:46:20.3652920Z 209 |                 $0[platformMarker] = String(line.dropFirst(platformMarker.count))
2026-08-10T23:46:20.3653500Z 210 |             } else if line.hasPrefix(shellMarker) {
2026-08-10T23:46:20.3653760Z 
2026-08-10T23:46:20.3654650Z /Users/runner/work/vvterm/vvterm/VVTerm/Core/SSH/RemoteEnvironmentResolver.swift:209:20: warning: main actor-isolated static property 'platformMarker' can not be referenced from a nonisolated context
2026-08-10T23:46:20.3655580Z 138 | 
2026-08-10T23:46:20.3655920Z 139 |     private static let probeTimeout: Duration = .seconds(2)
2026-08-10T23:46:20.3656370Z 140 |     private static let platformMarker = "__VVTERM_PLATFORM__="
2026-08-10T23:46:20.3656860Z     |                        `- note: static property declared here
2026-08-10T23:46:20.3657320Z 141 |     private static let shellMarker = "__VVTERM_SHELL__="
2026-08-10T23:46:20.3657760Z 142 | 
2026-08-10T23:46:20.3657910Z     :
2026-08-10T23:46:20.3658180Z 207 |             let line = String($1)
2026-08-10T23:46:20.3658460Z 208 |             if line.hasPrefix(platformMarker) {
2026-08-10T23:46:20.3658970Z 209 |                 $0[platformMarker] = String(line.dropFirst(platformMarker.count))
2026-08-10T23:46:20.3660110Z     |                    `- warning: main actor-isolated static property 'platformMarker' can not be referenced from a nonisolated context
2026-08-10T23:46:20.3660900Z 210 |             } else if line.hasPrefix(shellMarker) {
2026-08-10T23:46:20.3661440Z 211 |                 $0[shellMarker] = String(line.dropFirst(shellMarker.count))
2026-08-10T23:46:20.3661810Z 
2026-08-10T23:46:20.3662600Z /Users/runner/work/vvterm/vvterm/VVTerm/Core/SSH/RemoteEnvironmentResolver.swift:209:60: warning: main actor-isolated static property 'platformMarker' can not be referenced from a nonisolated context
2026-08-10T23:46:20.3664090Z 138 | 
2026-08-10T23:46:20.3664430Z 139 |     private static let probeTimeout: Duration = .seconds(2)
2026-08-10T23:46:20.3665020Z 140 |     private static let platformMarker = "__VVTERM_PLATFORM__="
2026-08-10T23:46:20.3666270Z     |                        `- note: static property declared here
2026-08-10T23:46:20.3666750Z 141 |     private static let shellMarker = "__VVTERM_SHELL__="
2026-08-10T23:46:20.3667330Z 142 | 
2026-08-10T23:46:20.3667920Z     :
2026-08-10T23:46:20.3668500Z 207 |             let line = String($1)
2026-08-10T23:46:20.3669250Z 208 |             if line.hasPrefix(platformMarker) {
2026-08-10T23:46:20.3669850Z 209 |                 $0[platformMarker] = String(line.dropFirst(platformMarker.count))
2026-08-10T23:46:20.3671120Z     |                                                            `- warning: main actor-isolated static property 'platformMarker' can not be referenced from a nonisolated context
2026-08-10T23:46:20.3671960Z 210 |             } else if line.hasPrefix(shellMarker) {
2026-08-10T23:46:20.3672460Z 211 |                 $0[shellMarker] = String(line.dropFirst(shellMarker.count))
2026-08-10T23:46:20.3673020Z 
2026-08-10T23:46:20.3674190Z /Users/runner/work/vvterm/vvterm/VVTerm/Core/SSH/RemoteEnvironmentResolver.swift:210:38: warning: main actor-isolated static property 'shellMarker' can not be referenced from a nonisolated context
2026-08-10T23:46:20.3675210Z 139 |     private static let probeTimeout: Duration = .seconds(2)
2026-08-10T23:46:20.3676490Z 140 |     private static let platformMarker = "__VVTERM_PLATFORM__="
2026-08-10T23:46:20.3677730Z 141 |     private static let shellMarker = "__VVTERM_SHELL__="
2026-08-10T23:46:20.3678740Z     |                        `- note: static property declared here
2026-08-10T23:46:20.3679540Z 142 | 
2026-08-10T23:46:20.3679890Z 143 |     static func resolve(using client: SSHClient) async -> RemoteEnvironment {
2026-08-10T23:46:20.3680360Z     :
2026-08-10T23:46:20.3680600Z 208 |             if line.hasPrefix(platformMarker) {
2026-08-10T23:46:20.3681780Z 209 |                 $0[platformMarker] = String(line.dropFirst(platformMarker.count))
2026-08-10T23:46:20.3682660Z 210 |             } else if line.hasPrefix(shellMarker) {
2026-08-10T23:46:20.3683990Z     |                                      `- warning: main actor-isolated static property 'shellMarker' can not be referenced from a nonisolated context
2026-08-10T23:46:20.3684940Z 211 |                 $0[shellMarker] = String(line.dropFirst(shellMarker.count))
2026-08-10T23:46:20.3685620Z 212 |             }
2026-08-10T23:46:20.3685750Z 
2026-08-10T23:46:20.3686580Z /Users/runner/work/vvterm/vvterm/VVTerm/Core/SSH/RemoteEnvironmentResolver.swift:211:20: warning: main actor-isolated static property 'shellMarker' can not be referenced from a nonisolated context
2026-08-10T23:46:20.3688190Z 139 |     private static let probeTimeout: Duration = .seconds(2)
2026-08-10T23:46:20.3688820Z 140 |     private static let platformMarker = "__VVTERM_PLATFORM__="
2026-08-10T23:46:20.3689710Z 141 |     private static let shellMarker = "__VVTERM_SHELL__="
2026-08-10T23:46:20.3690500Z     |                        `- note: static property declared here
2026-08-10T23:46:20.3691100Z 142 | 
2026-08-10T23:46:20.3691450Z 143 |     static func resolve(using client: SSHClient) async -> RemoteEnvironment {
2026-08-10T23:46:20.3692280Z     :
2026-08-10T23:46:20.3693290Z 209 |                 $0[platformMarker] = String(line.dropFirst(platformMarker.count))
2026-08-10T23:46:20.3694360Z 210 |             } else if line.hasPrefix(shellMarker) {
2026-08-10T23:46:20.3695050Z 211 |                 $0[shellMarker] = String(line.dropFirst(shellMarker.count))
2026-08-10T23:46:20.3696270Z     |                    `- warning: main actor-isolated static property 'shellMarker' can not be referenced from a nonisolated context
2026-08-10T23:46:20.3697260Z 212 |             }
2026-08-10T23:46:20.3697500Z 213 |         }
2026-08-10T23:46:20.3697620Z 
2026-08-10T23:46:20.3698960Z /Users/runner/work/vvterm/vvterm/VVTerm/Core/SSH/RemoteEnvironmentResolver.swift:211:57: warning: main actor-isolated static property 'shellMarker' can not be referenced from a nonisolated context
2026-08-10T23:46:20.3700340Z 139 |     private static let probeTimeout: Duration = .seconds(2)
2026-08-10T23:46:20.3701330Z 140 |     private static let platformMarker = "__VVTERM_PLATFORM__="
2026-08-10T23:46:20.3702200Z 141 |     private static let shellMarker = "__VVTERM_SHELL__="
2026-08-10T23:46:20.3702790Z     |                        `- note: static property declared here
2026-08-10T23:46:20.3703450Z 142 | 
2026-08-10T23:46:20.3703950Z 143 |     static func resolve(using client: SSHClient) async -> RemoteEnvironment {
2026-08-10T23:46:20.3704850Z     :
2026-08-10T23:46:20.3705510Z 209 |                 $0[platformMarker] = String(line.dropFirst(platformMarker.count))
2026-08-10T23:46:20.3706350Z 210 |             } else if line.hasPrefix(shellMarker) {
2026-08-10T23:46:20.3706720Z 211 |                 $0[shellMarker] = String(line.dropFirst(shellMarker.count))
2026-08-10T23:46:20.3708300Z     |                                                         `- warning: main actor-isolated static property 'shellMarker' can not be referenced from a nonisolated context
2026-08-10T23:46:20.3708890Z 212 |             }
2026-08-10T23:46:20.3709060Z 213 |         }
2026-08-10T23:46:20.3709750Z 
2026-08-10T23:46:20.3710950Z /Users/runner/work/vvterm/vvterm/VVTerm/Core/SSH/RemoteEnvironmentResolver.swift:214:42: warning: main actor-isolated static property 'platformMarker' can not be referenced from a nonisolated context
2026-08-10T23:46:20.3712750Z 138 | 
2026-08-10T23:46:20.3713410Z 139 |     private static let probeTimeout: Duration = .seconds(2)
2026-08-10T23:46:20.3713870Z 140 |     private static let platformMarker = "__VVTERM_PLATFORM__="
2026-08-10T23:46:20.3714240Z     |                        `- note: static property declared here
2026-08-10T23:46:20.3715460Z 141 |     private static let shellMarker = "__VVTERM_SHELL__="
2026-08-10T23:46:20.3715760Z 142 | 
2026-08-10T23:46:20.3716060Z     :
2026-08-10T23:46:20.3716210Z 212 |             }
2026-08-10T23:46:20.3716410Z 213 |         }
2026-08-10T23:46:20.3716840Z 214 |         guard let platformValue = values[platformMarker] else { return nil }
2026-08-10T23:46:20.3718400Z     |                                          `- warning: main actor-isolated static property 'platformMarker' can not be referenced from a nonisolated context
2026-08-10T23:46:20.3719920Z 215 |         let platform = RemotePlatform.detect(from: platformValue)
2026-08-10T23:46:20.3720680Z 216 |         guard platform != .windows, platform != .unknown else { return nil }
2026-08-10T23:46:20.3720930Z 
2026-08-10T23:46:20.3721480Z /Users/runner/work/vvterm/vvterm/VVTerm/Core/SSH/RemoteEnvironmentResolver.swift:215:39: warning: call to main actor-isolated static method 'detect(from:)' in a synchronous nonisolated context [#ActorIsolatedCall]
2026-08-10T23:46:20.3723140Z 213 |         }
2026-08-10T23:46:20.3723650Z 214 |         guard let platformValue = values[platformMarker] else { return nil }
2026-08-10T23:46:20.3724320Z 215 |         let platform = RemotePlatform.detect(from: platformValue)
2026-08-10T23:46:20.3725330Z     |                                       `- warning: call to main actor-isolated static method 'detect(from:)' in a synchronous nonisolated context [#ActorIsolatedCall]
2026-08-10T23:46:20.3726330Z 216 |         guard platform != .windows, platform != .unknown else { return nil }
2026-08-10T23:46:20.3726660Z 217 |         let shellValue = values[shellMarker]?
2026-08-10T23:46:20.3726840Z 
2026-08-10T23:46:20.3727290Z /Users/runner/work/vvterm/vvterm/VVTerm/Core/SSH/RemotePlatform.swift:12:17: note: calls to static method 'detect(from:)' from outside of its actor context are implicitly asynchronous
2026-08-10T23:46:20.3727870Z 10 |     case unknown = "unknown"
2026-08-10T23:46:20.3728050Z 11 | 
2026-08-10T23:46:20.3728270Z 12 |     static func detect(from unameOutput: String) -> RemotePlatform {
2026-08-10T23:46:20.3728750Z    |                 `- note: calls to static method 'detect(from:)' from outside of its actor context are implicitly asynchronous
2026-08-10T23:46:20.3729300Z 13 |         let os = unameOutput.trimmingCharacters(in: .whitespacesAndNewlines).lowercased()
2026-08-10T23:46:20.3729630Z 14 | 
2026-08-10T23:46:20.3729710Z 
2026-08-10T23:46:20.3730220Z /Users/runner/work/vvterm/vvterm/VVTerm/Core/SSH/RemoteEnvironmentResolver.swift:217:33: warning: main actor-isolated static property 'shellMarker' can not be referenced from a nonisolated context
2026-08-10T23:46:20.3731180Z 139 |     private static let probeTimeout: Duration = .seconds(2)
2026-08-10T23:46:20.3731510Z 140 |     private static let platformMarker = "__VVTERM_PLATFORM__="
2026-08-10T23:46:20.3731840Z 141 |     private static let shellMarker = "__VVTERM_SHELL__="
2026-08-10T23:46:20.3732130Z     |                        `- note: static property declared here
2026-08-10T23:46:20.3732350Z 142 | 
2026-08-10T23:46:20.3732600Z 143 |     static func resolve(using client: SSHClient) async -> RemoteEnvironment {
2026-08-10T23:46:20.3732900Z     :
2026-08-10T23:46:20.3733100Z 215 |         let platform = RemotePlatform.detect(from: platformValue)
2026-08-10T23:46:20.3733460Z 216 |         guard platform != .windows, platform != .unknown else { return nil }
2026-08-10T23:46:20.3734390Z 217 |         let shellValue = values[shellMarker]?
2026-08-10T23:46:20.3735010Z     |                                 `- warning: main actor-isolated static property 'shellMarker' can not be referenced from a nonisolated context
2026-08-10T23:46:20.3736180Z 218 |             .trimmingCharacters(in: .whitespacesAndNewlines)
2026-08-10T23:46:20.3736650Z 219 |         let shellName = shellValue.flatMap { value -> String? in
2026-08-10T23:46:20.3736900Z 
2026-08-10T23:46:20.3739040Z /Users/runner/work/vvterm/vvterm/VVTerm/Core/SSH/RemoteEnvironmentResolver.swift:225:27: warning: call to main actor-isolated static method 'resolveUnixProfile(shellName:)' in a synchronous nonisolated context [#ActorIsolatedCall]
2026-08-10T23:46:20.3741530Z 223 |         return RemoteEnvironment(
2026-08-10T23:46:20.3741940Z 224 |             platform: platform,
2026-08-10T23:46:20.3742340Z 225 |             shellProfile: resolveUnixProfile(shellName: shellName),
2026-08-10T23:46:20.3743500Z     |                           `- warning: call to main actor-isolated static method 'resolveUnixProfile(shellName:)' in a synchronous nonisolated context [#ActorIsolatedCall]
2026-08-10T23:46:20.3744520Z 226 |             activeShellName: shellName,
2026-08-10T23:46:20.3745020Z 227 |             powerShellExecutable: nil
2026-08-10T23:46:20.3745270Z     :
2026-08-10T23:46:20.3745640Z 268 |     }
2026-08-10T23:46:20.3745940Z 269 | 
2026-08-10T23:46:20.3746400Z 270 |     private static func resolveUnixProfile(shellName: String?) -> RemoteShellProfile {
2026-08-10T23:46:20.3747320Z     |                         `- note: calls to static method 'resolveUnixProfile(shellName:)' from outside of its actor context are implicitly asynchronous
2026-08-10T23:46:20.3748260Z 271 |         guard let shellName else {
2026-08-10T23:46:20.3748590Z 272 |             return .posix(shellName: "sh")
2026-08-10T23:46:20.3748790Z 
2026-08-10T23:46:20.3750900Z /Users/runner/work/vvterm/vvterm/VVTerm/Core/SSH/RemoteEnvironmentResolver.swift:287:28: warning: call to main actor-isolated static method 'normalizedPowerShellExecutableName' in a synchronous nonisolated context [#ActorIsolatedCall]
2026-08-10T23:46:20.3754450Z 285 |     nonisolated static func powerShellExecutableCandidates(preferredExecutableName: String?) -> [String] {
2026-08-10T23:46:20.3756100Z 286 |         var candidates: [String] = []
2026-08-10T23:46:20.3757050Z 287 |         if let preferred = normalizedPowerShellExecutableName(preferredExecutableName) {
2026-08-10T23:46:20.3758080Z     |                            `- warning: call to main actor-isolated static method 'normalizedPowerShellExecutableName' in a synchronous nonisolated context [#ActorIsolatedCall]
2026-08-10T23:46:20.3758920Z 288 |             candidates.append(preferred)
2026-08-10T23:46:20.3759210Z 289 |         }
2026-08-10T23:46:20.3759510Z     :
2026-08-10T23:46:20.3760470Z 372 |     }
2026-08-10T23:46:20.3761580Z 373 | 
2026-08-10T23:46:20.3762840Z 374 |     private static func normalizedPowerShellExecutableName(_ value: String?) -> String? {
2026-08-10T23:46:20.3764810Z     |                         `- note: calls to static method 'normalizedPowerShellExecutableName' from outside of its actor context are implicitly asynchronous
2026-08-10T23:46:20.3766470Z 375 |         guard let value else { return nil }
2026-08-10T23:46:20.3766970Z 376 |         let normalized = value
2026-08-10T23:46:20.3786020Z 
2026-08-10T23:46:20.3787310Z /Users/runner/work/vvterm/vvterm/VVTerm/Core/SSH/RemoteEnvironmentResolver.swift:309:24: warning: call to main actor-isolated static method 'normalizedPowerShellExecutableName' in a synchronous nonisolated context [#ActorIsolatedCall]
2026-08-10T23:46:20.3788990Z 307 |                     .map(String.init)?
2026-08-10T23:46:20.3789430Z 308 |                     .replacingOccurrences(of: ".exe", with: "")
2026-08-10T23:46:20.3789970Z 309 |                 return normalizedPowerShellExecutableName(executable)
2026-08-10T23:46:20.3791260Z     |                        `- warning: call to main actor-isolated static method 'normalizedPowerShellExecutableName' in a synchronous nonisolated context [#ActorIsolatedCall]
2026-08-10T23:46:20.3793040Z 310 |             }
2026-08-10T23:46:20.3793560Z 311 | 
2026-08-10T23:46:20.3794070Z     :
2026-08-10T23:46:20.3794630Z 372 |     }
2026-08-10T23:46:20.3794840Z 373 | 
2026-08-10T23:46:20.3795550Z 374 |     private static func normalizedPowerShellExecutableName(_ value: String?) -> String? {
2026-08-10T23:46:20.3797730Z     |                         `- note: calls to static method 'normalizedPowerShellExecutableName' from outside of its actor context are implicitly asynchronous
2026-08-10T23:46:20.3799200Z 375 |         guard let value else { return nil }
2026-08-10T23:46:20.3799580Z 376 |         let normalized = value
2026-08-10T23:46:20.3799750Z 
2026-08-10T23:46:20.3800890Z /Users/runner/work/vvterm/vvterm/VVTerm/Core/SSH/RemoteTmuxManager.swift:1316:43: warning: main actor-isolated static property 'terminalThemeNameKey' can not be referenced from a nonisolated context
2026-08-10T23:46:20.3802610Z 1314 |     nonisolated private func tmuxThemeConfiguration() -> (name: String, modeStyle: String) {
2026-08-10T23:46:20.3803220Z 1315 |         let name = UserDefaults.standard.string(
2026-08-10T23:46:20.3803750Z 1316 |             forKey: CloudKitSyncConstants.terminalThemeNameKey
2026-08-10T23:46:20.3804720Z      |                                           `- warning: main actor-isolated static property 'terminalThemeNameKey' can not be referenced from a nonisolated context
2026-08-10T23:46:20.3805610Z 1317 |         ) ?? "Aizen Dark"
2026-08-10T23:46:20.3806030Z 1318 |         return (name, ThemeColorParser.tmuxModeStyle(for: name))
2026-08-10T23:46:20.3806450Z 
2026-08-10T23:46:20.3807680Z /Users/runner/work/vvterm/vvterm/VVTerm/Core/Sync/CloudKitSyncConstants.swift:16:16: note: static property declared here
2026-08-10T23:46:20.3808950Z 14 |     static let pendingBootstrapWorkspaceIDKey = "\(appPrefix).pendingBootstrapWorkspaceID"
2026-08-10T23:46:20.3810630Z 15 |     static let terminalCustomThemesStorageKey = "terminalCustomThemesV1"
2026-08-10T23:46:20.3811730Z 16 |     static let terminalThemeNameKey = "terminalThemeName"
2026-08-10T23:46:20.3812200Z    |                `- note: static property declared here
2026-08-10T23:46:20.3812690Z 17 |     static let terminalThemeNameLightKey = "terminalThemeNameLight"
2026-08-10T23:46:20.3813560Z 18 |     static let terminalUsePerAppearanceThemeKey = "terminalUsePerAppearanceTheme"
2026-08-10T23:46:20.3814660Z 
2026-08-10T23:46:20.3816360Z /Users/runner/work/vvterm/vvterm/VVTerm/Core/SSH/SSHProxySubsystemTransport.swift:342:22: warning: call to main actor-isolated instance method 'cancel()' in a synchronous nonisolated context [#ActorIsolatedCall]
2026-08-10T23:46:20.3818430Z  68 |     private let lock = OSAllocatedUnfairLock(initialState: false)
2026-08-10T23:46:20.3819330Z  69 | 
2026-08-10T23:46:20.3819530Z  70 |     func cancel() {
2026-08-10T23:46:20.3819980Z     |          `- note: calls to instance method 'cancel()' from outside of its actor context are implicitly asynchronous
2026-08-10T23:46:20.3820380Z  71 |         lock.withLock { $0 = true }
2026-08-10T23:46:20.3820580Z  72 |     }
2026-08-10T23:46:20.3820730Z     :
2026-08-10T23:46:20.3822920Z 340 |         // of their EAGAIN retry loops before the outer libssh2 session is
2026-08-10T23:46:20.3823530Z 341 |         // freed (avoids a use-after-free on the outer session/channel).
2026-08-10T23:46:20.3824020Z 342 |         cancelToken?.cancel()
2026-08-10T23:46:20.3824840Z     |                      `- warning: call to main actor-isolated instance method 'cancel()' in a synchronous nonisolated context [#ActorIsolatedCall]
2026-08-10T23:46:20.3825570Z 343 |         task?.cancel()
2026-08-10T23:46:20.3826120Z 344 |         // shutdown+close via the shared closer (wakes blocked readers; no-op
2026-08-10T23:46:20.3826640Z 
2026-08-10T23:46:20.3827790Z /Users/runner/work/vvterm/vvterm/VVTerm/Core/SSH/SSHProxySubsystemTransport.swift:404:21: warning: main actor-isolated instance method 'diagInfo' cannot be called from outside of the actor; this is an error in the Swift 6 language mode
2026-08-10T23:46:20.3830180Z 402 |                 // reference, so the socket stays half-alive and the libssh2FD
2026-08-10T23:46:20.3830800Z 403 |                 // peer never sees EOF.
2026-08-10T23:46:20.3831550Z 404 |                 log.diagInfo("SSH-Proxy-Subsystem-Pump", "pump_channel_to_fd_eof_or_err ret=\(n) bytes=\(channelToFDBytes)")
2026-08-10T23:46:20.3833010Z     |                     `- warning: main actor-isolated instance method 'diagInfo' cannot be called from outside of the actor; this is an error in the Swift 6 language mode
2026-08-10T23:46:20.3834040Z 405 |                 closer.closeOnce(pair.pumpFD)
2026-08-10T23:46:20.3834380Z 406 |                 return
2026-08-10T23:46:20.3834530Z 
2026-08-10T23:46:20.3838350Z /Users/runner/work/vvterm/vvterm/VVTerm/Core/SSH/SSHProxySubsystemTransport.swift:452:21: warning: main actor-isolated instance method 'diagInfo' cannot be called from outside of the actor; this is an error in the Swift 6 language mode
2026-08-10T23:46:20.3841010Z 450 |             } else if n == 0 {
2026-08-10T23:46:20.3845790Z 451 |                 // EOF — stop sending.
2026-08-10T23:46:20.3846420Z 452 |                 log.diagInfo("SSH-Proxy-Subsystem-Pump", "pump_fd_to_channel_eof_or_err ret=0 bytes=\(fdToChannelBytes)")
2026-08-10T23:46:20.3847640Z     |                     `- warning: main actor-isolated instance method 'diagInfo' cannot be called from outside of the actor; this is an error in the Swift 6 language mode
2026-08-10T23:46:20.3850170Z 453 |                 return
2026-08-10T23:46:20.3850430Z 454 |             } else if errno == EAGAIN || errno == EWOULDBLOCK {
2026-08-10T23:46:20.3852220Z 
2026-08-10T23:46:20.3853260Z /Users/runner/work/vvterm/vvterm/VVTerm/Core/SSH/SSHProxySubsystemTransport.swift:460:21: warning: main actor-isolated instance method 'diagInfo' cannot be called from outside of the actor; this is an error in the Swift 6 language mode
2026-08-10T23:46:20.3854740Z 458 |             } else {
2026-08-10T23:46:20.3855700Z 459 |                 // Hard error — stop sending.
2026-08-10T23:46:20.3856690Z 460 |                 log.diagInfo("SSH-Proxy-Subsystem-Pump", "pump_fd_to_channel_eof_or_err ret=\(n) errno=\(Darwin.errno) bytes=\(fdToChannelBytes)")
2026-08-10T23:46:20.3857790Z     |                     `- warning: main actor-isolated instance method 'diagInfo' cannot be called from outside of the actor; this is an error in the Swift 6 language mode
2026-08-10T23:46:20.3858480Z 461 |                 return
2026-08-10T23:46:20.3858670Z 462 |             }
2026-08-10T23:46:20.3858850Z 
2026-08-10T23:46:20.3860840Z /Users/runner/work/vvterm/vvterm/VVTerm/Core/SSH/SSHProxySubsystemTransport.swift:538:27: warning: call to main actor-isolated initializer 'init()' in a synchronous nonisolated context [#ActorIsolatedCall]
2026-08-10T23:46:20.3861820Z  65 | /// retain cycle: the closures are stored on the transport). A small Sendable
2026-08-10T23:46:20.3862460Z  66 | /// class wrapping a lock-protected bool.
2026-08-10T23:46:20.3864130Z  67 | final class PumpCancelToken: @unchecked Sendable {
2026-08-10T23:46:20.3865260Z     |             `- note: calls to initializer 'init()' from outside of its actor context are implicitly asynchronous
2026-08-10T23:46:20.3868760Z  68 |     private let lock = OSAllocatedUnfairLock(initialState: false)
2026-08-10T23:46:20.3869880Z  69 | 
2026-08-10T23:46:20.3870010Z     :
2026-08-10T23:46:20.3870450Z 526 |     ///     all outer-session libssh2 access. Required for the production path;
2026-08-10T23:46:20.3871240Z 527 |     ///     pass `SessionMutex()` in tests that don't touch a real session.
2026-08-10T23:46:20.3871620Z 528 |     static func makeForChannel(
2026-08-10T23:46:20.3873380Z     |                 `- note: add '@MainActor' to make static method 'makeForChannel(channel:outerSession:outerSessionMutex:)' part of global actor 'MainActor'
2026-08-10T23:46:20.3874420Z 529 |         channel: OpaquePointer,
2026-08-10T23:46:20.3874670Z 530 |         outerSession: OpaquePointer?,
2026-08-10T23:46:20.3874920Z     :
2026-08-10T23:46:20.3875730Z 536 |         // pin it forever. The token is a small Sendable class that the
2026-08-10T23:46:20.3876790Z 537 |         // transport flips via cancelPumpSync().
2026-08-10T23:46:20.3877230Z 538 |         let cancelToken = PumpCancelToken()
2026-08-10T23:46:20.3878070Z     |                           `- warning: call to main actor-isolated initializer 'init()' in a synchronous nonisolated context [#ActorIsolatedCall]
2026-08-10T23:46:20.3879130Z 539 |         let transportLog = Logger.forCategory("SSH-Proxy-Subsystem-Pump")
2026-08-10T23:46:20.3879760Z 540 |         let transport = SSHProxySubsystemTransport(
2026-08-10T23:46:20.3880060Z 
2026-08-10T23:46:20.3880060Z 
2026-08-10T23:46:20.3880690Z SwiftCompile normal arm64 /Users/runner/work/vvterm/vvterm/VVTerm/App/iOS/iOSContentView.swift (in target 'VVTerm' from project 'VVTerm')
2026-08-10T23:46:20.3881650Z     cd /Users/runner/work/vvterm/vvterm
2026-08-10T23:46:20.3881970Z     builtin-SwiftPerFileCompile iOSContentView.swift
2026-08-10T23:46:20.3882430Z 
2026-08-10T23:46:20.3882980Z SwiftCompile normal arm64 /Users/runner/work/vvterm/vvterm/VVTerm/App/iOS/ServerTerminalRoute+iOS.swift (in target 'VVTerm' from project 'VVTerm')
2026-08-10T23:46:20.3885000Z     cd /Users/runner/work/vvterm/vvterm
2026-08-10T23:46:20.3886480Z     builtin-SwiftPerFileCompile ServerTerminalRoute+iOS.swift
2026-08-10T23:46:20.3886830Z 
2026-08-10T23:46:20.3888550Z SwiftCompile normal arm64 /Users/runner/work/vvterm/vvterm/VVTerm/App/ContentView.swift (in target 'VVTerm' from project 'VVTerm')
2026-08-10T23:46:20.3890060Z     cd /Users/runner/work/vvterm/vvterm
2026-08-10T23:46:20.3891170Z     builtin-SwiftPerFileCompile ContentView.swift
2026-08-10T23:46:20.3892920Z 
2026-08-10T23:46:20.3893270Z SwiftCompile normal arm64 /Users/runner/work/vvterm/vvterm/VVTerm/App/VVTermApp.swift (in target 'VVTerm' from project 'VVTerm')
2026-08-10T23:46:20.3895600Z     cd /Users/runner/work/vvterm/vvterm
2026-08-10T23:46:20.3896550Z     builtin-SwiftPerFileCompile VVTermApp.swift
2026-08-10T23:46:20.3896750Z 
2026-08-10T23:46:20.3897960Z SwiftCompile normal arm64 /Users/runner/work/vvterm/vvterm/VVTerm/Core/Network/Cloudflare/CloudflareTransportManager.swift (in target 'VVTerm' from project 'VVTerm')
2026-08-10T23:46:20.3899110Z     cd /Users/runner/work/vvterm/vvterm
2026-08-10T23:46:20.3899600Z     builtin-SwiftPerFileCompile CloudflareTransportManager.swift
2026-08-10T23:46:20.3900070Z 
2026-08-10T23:46:20.3900750Z SwiftCompile normal arm64 /Users/runner/work/vvterm/vvterm/VVTerm/Core/SSH/RemoteClipboardTransferService.swift (in target 'VVTerm' from project 'VVTerm')
2026-08-10T23:46:20.3901430Z     cd /Users/runner/work/vvterm/vvterm
2026-08-10T23:46:20.3902640Z     builtin-SwiftPerFileCompile RemoteClipboardTransferService.swift
2026-08-10T23:46:20.3903080Z 
2026-08-10T23:46:20.3904090Z SwiftCompile normal arm64 /Users/runner/work/vvterm/vvterm/VVTerm/Core/SSH/RemoteEnvironmentResolver.swift (in target 'VVTerm' from project 'VVTerm')
2026-08-10T23:46:20.3905020Z     cd /Users/runner/work/vvterm/vvterm
2026-08-10T23:46:20.3905570Z     builtin-SwiftPerFileCompile RemoteEnvironmentResolver.swift
2026-08-10T23:46:20.3906060Z 
2026-08-10T23:46:20.3906690Z SwiftCompile normal arm64 /Users/runner/work/vvterm/vvterm/VVTerm/Core/SSH/RemoteMoshManager.swift (in target 'VVTerm' from project 'VVTerm')
2026-08-10T23:46:20.3907770Z     cd /Users/runner/work/vvterm/vvterm
2026-08-10T23:46:20.3908030Z     builtin-SwiftPerFileCompile RemoteMoshManager.swift
2026-08-10T23:46:20.3909470Z 
2026-08-10T23:46:20.3909890Z SwiftCompile normal arm64 /Users/runner/work/vvterm/vvterm/VVTerm/Core/SSH/RemoteTmuxManager.swift (in target 'VVTerm' from project 'VVTerm')
2026-08-10T23:46:20.3911930Z     cd /Users/runner/work/vvterm/vvterm
2026-08-10T23:46:20.3913900Z     builtin-SwiftPerFileCompile RemoteTmuxManager.swift
2026-08-10T23:46:20.3914600Z 
2026-08-10T23:46:20.3915220Z SwiftCompile normal arm64 /Users/runner/work/vvterm/vvterm/VVTerm/Core/SSH/SSHAddressConnector.swift (in target 'VVTerm' from project 'VVTerm')
2026-08-10T23:46:20.3916960Z     cd /Users/runner/work/vvterm/vvterm
2026-08-10T23:46:20.3917290Z     builtin-SwiftPerFileCompile SSHAddressConnector.swift
2026-08-10T23:46:20.3917760Z 
2026-08-10T23:46:20.3918260Z SwiftCompile normal arm64 /Users/runner/work/vvterm/vvterm/VVTerm/Core/SSH/SSHErrorDiagnostics.swift (in target 'VVTerm' from project 'VVTerm')
2026-08-10T23:46:20.3919750Z     cd /Users/runner/work/vvterm/vvterm
2026-08-10T23:46:20.3920170Z     builtin-SwiftPerFileCompile SSHErrorDiagnostics.swift
2026-08-10T23:46:20.3920560Z 
2026-08-10T23:46:20.3921390Z SwiftCompile normal arm64 /Users/runner/work/vvterm/vvterm/VVTerm/Core/SSH/SSHProxySubsystemTransport.swift (in target 'VVTerm' from project 'VVTerm')
2026-08-10T23:46:20.3922550Z     cd /Users/runner/work/vvterm/vvterm
2026-08-10T23:46:20.3923120Z     builtin-SwiftPerFileCompile SSHProxySubsystemTransport.swift
2026-08-10T23:46:20.3923600Z 
2026-08-10T23:46:20.3924190Z SwiftCompile normal arm64 /Users/runner/work/vvterm/vvterm/VVTerm/Core/SSH/SSHTLSTransport.swift (in target 'VVTerm' from project 'VVTerm')
2026-08-10T23:46:20.3925060Z     cd /Users/runner/work/vvterm/vvterm
2026-08-10T23:46:20.3925580Z     builtin-SwiftPerFileCompile SSHTLSTransport.swift
2026-08-10T23:46:20.3925950Z 
2026-08-10T23:46:20.3926630Z SwiftCompile normal arm64 /Users/runner/work/vvterm/vvterm/VVTerm/Core/SSH/TerminalRichPasteCoordinator.swift (in target 'VVTerm' from project 'VVTerm')
2026-08-10T23:46:20.3927570Z     cd /Users/runner/work/vvterm/vvterm
2026-08-10T23:46:20.3928140Z     builtin-SwiftPerFileCompile TerminalRichPasteCoordinator.swift
2026-08-10T23:46:20.3928630Z 
2026-08-10T23:46:20.3929210Z SwiftCompile normal arm64 /Users/runner/work/vvterm/vvterm/VVTerm/Core/UI/SidebarComponents.swift (in target 'VVTerm' from project 'VVTerm')
2026-08-10T23:46:20.3930140Z     cd /Users/runner/work/vvterm/vvterm
2026-08-10T23:46:20.3930460Z     builtin-SwiftPerFileCompile SidebarComponents.swift
2026-08-10T23:46:20.3931490Z 
2026-08-10T23:46:20.3933270Z SwiftCompile normal arm64 /Users/runner/work/vvterm/vvterm/VVTerm/Features/RemoteFiles/Application/RemoteFileBrowserStore.swift (in target 'VVTerm' from project 'VVTerm')
2026-08-10T23:46:20.3935480Z     cd /Users/runner/work/vvterm/vvterm
2026-08-10T23:46:20.3936250Z     builtin-SwiftPerFileCompile RemoteFileBrowserStore.swift
2026-08-10T23:46:20.3936850Z 
2026-08-10T23:46:20.3938430Z SwiftCompile normal arm64 /Users/runner/work/vvterm/vvterm/VVTerm/Features/RemoteFiles/Application/RemoteFilePreviewCoordinator.swift (in target 'VVTerm' from project 'VVTerm')
2026-08-10T23:46:20.3939930Z     cd /Users/runner/work/vvterm/vvterm
2026-08-10T23:46:20.3940740Z     builtin-SwiftPerFileCompile RemoteFilePreviewCoordinator.swift
2026-08-10T23:46:20.3941090Z 
2026-08-10T23:46:20.3942580Z /Users/runner/work/vvterm/vvterm/VVTerm/Core/SSH/SSHProxySubsystemTransport.swift:552:49: warning: capture of 'channel' with non-Sendable type 'OpaquePointer' in a '@Sendable' closure; this is an error in the Swift 6 language mode [#SendableClosureCaptures]
2026-08-10T23:46:20.3943920Z 550 |                     if cancelToken.isCancelled { return 0 }  // EOF
2026-08-10T23:46:20.3944680Z 551 |                     let n = outerSessionMutex.withLock {
2026-08-10T23:46:20.3945530Z 552 |                         libssh2_channel_read_ex(channel, 0, buf, maxLen)
2026-08-10T23:46:20.3947460Z     |                                                 `- warning: capture of 'channel' with non-Sendable type 'OpaquePointer' in a '@Sendable' closure; this is an error in the Swift 6 language mode [#SendableClosureCaptures]
2026-08-10T23:46:20.3949150Z 553 |                     }
2026-08-10T23:46:20.3949920Z 554 |                     if n == LIBSSH2_ERROR_EAGAIN {
2026-08-10T23:46:20.3950200Z 
2026-08-10T23:46:20.3950640Z Swift.OpaquePointer:1:23: note: struct 'OpaquePointer' does not conform to the 'Sendable' protocol
2026-08-10T23:46:20.3951490Z 1 | @frozen public struct OpaquePointer {
2026-08-10T23:46:20.3952110Z   |                       `- note: struct 'OpaquePointer' does not conform to the 'Sendable' protocol
2026-08-10T23:46:20.3953050Z 2 | }
2026-08-10T23:46:20.3953160Z 
2026-08-10T23:46:20.3954180Z /Users/runner/work/vvterm/vvterm/VVTerm/Core/SSH/SSHProxySubsystemTransport.swift:550:36: warning: main actor-isolated property 'isCancelled' can not be referenced from a Sendable closure
2026-08-10T23:46:20.3955700Z  72 |     }
2026-08-10T23:46:20.3956220Z  73 | 
2026-08-10T23:46:20.3956790Z  74 |     var isCancelled: Bool {
2026-08-10T23:46:20.3957110Z     |         `- note: property declared here
2026-08-10T23:46:20.3957530Z  75 |         lock.withLock { $0 }
2026-08-10T23:46:20.3957850Z  76 |     }
2026-08-10T23:46:20.3958010Z     :
2026-08-10T23:46:20.3958190Z 548 |                 var eagainSpins = 0
2026-08-10T23:46:20.3958640Z 549 |                 while true {
2026-08-10T23:46:20.3958940Z 550 |                     if cancelToken.isCancelled { return 0 }  // EOF
2026-08-10T23:46:20.3959810Z     |                                    `- warning: main actor-isolated property 'isCancelled' can not be referenced from a Sendable closure
2026-08-10T23:46:20.3960660Z 551 |                     let n = outerSessionMutex.withLock {
2026-08-10T23:46:20.3961470Z 552 |                         libssh2_channel_read_ex(channel, 0, buf, maxLen)
2026-08-10T23:46:20.3961830Z 
2026-08-10T23:46:20.3962740Z /Users/runner/work/vvterm/vvterm/VVTerm/Core/SSH/SSHProxySubsystemTransport.swift:552:49: warning: capture of 'channel' with non-Sendable type 'OpaquePointer' in an isolated closure; this is an error in the Swift 6 language mode
2026-08-10T23:46:20.3964050Z 550 |                     if cancelToken.isCancelled { return 0 }  // EOF
2026-08-10T23:46:20.3964900Z 551 |                     let n = outerSessionMutex.withLock {
2026-08-10T23:46:20.3965850Z 552 |                         libssh2_channel_read_ex(channel, 0, buf, maxLen)
2026-08-10T23:46:20.3967720Z     |                                                 `- warning: capture of 'channel' with non-Sendable type 'OpaquePointer' in an isolated closure; this is an error in the Swift 6 language mode
2026-08-10T23:46:20.3968660Z 553 |                     }
2026-08-10T23:46:20.3968970Z 554 |                     if n == LIBSSH2_ERROR_EAGAIN {
2026-08-10T23:46:20.3969520Z 
2026-08-10T23:46:20.3970320Z Swift.OpaquePointer:1:23: note: struct 'OpaquePointer' does not conform to the 'Sendable' protocol
2026-08-10T23:46:20.3971560Z 1 | @frozen public struct OpaquePointer {
2026-08-10T23:46:20.3972810Z   |                       `- note: struct 'OpaquePointer' does not conform to the 'Sendable' protocol
2026-08-10T23:46:20.3973860Z 2 | }
2026-08-10T23:46:20.3974340Z 
2026-08-10T23:46:20.3975600Z /Users/runner/work/vvterm/vvterm/VVTerm/Core/SSH/SSHProxySubsystemTransport.swift:576:50: warning: capture of 'channel' with non-Sendable type 'OpaquePointer' in a '@Sendable' closure; this is an error in the Swift 6 language mode [#SendableClosureCaptures]
2026-08-10T23:46:20.3976930Z 574 |                     if cancelToken.isCancelled { return 0 }
2026-08-10T23:46:20.3977440Z 575 |                     let n = outerSessionMutex.withLock {
2026-08-10T23:46:20.3978510Z 576 |                         libssh2_channel_write_ex(channel, 0, buf, len)
2026-08-10T23:46:20.3979610Z     |                                                  `- warning: capture of 'channel' with non-Sendable type 'OpaquePointer' in a '@Sendable' closure; this is an error in the Swift 6 language mode [#SendableClosureCaptures]
2026-08-10T23:46:20.3980530Z 577 |                     }
2026-08-10T23:46:20.3980830Z 578 |                     if n == LIBSSH2_ERROR_EAGAIN {
2026-08-10T23:46:20.3981180Z 
2026-08-10T23:46:20.3981800Z Swift.OpaquePointer:1:23: note: struct 'OpaquePointer' does not conform to the 'Sendable' protocol
2026-08-10T23:46:20.3982830Z 1 | @frozen public struct OpaquePointer {
2026-08-10T23:46:20.3983390Z   |                       `- note: struct 'OpaquePointer' does not conform to the 'Sendable' protocol
2026-08-10T23:46:20.3984340Z 2 | }
2026-08-10T23:46:20.3984430Z 
2026-08-10T23:46:20.3985380Z /Users/runner/work/vvterm/vvterm/VVTerm/Core/SSH/SSHProxySubsystemTransport.swift:574:36: warning: main actor-isolated property 'isCancelled' can not be referenced from a Sendable closure
2026-08-10T23:46:20.3986230Z  72 |     }
2026-08-10T23:46:20.3986430Z  73 | 
2026-08-10T23:46:20.3986980Z  74 |     var isCancelled: Bool {
2026-08-10T23:46:20.3987540Z     |         `- note: property declared here
2026-08-10T23:46:20.3987850Z  75 |         lock.withLock { $0 }
2026-08-10T23:46:20.3988220Z  76 |     }
2026-08-10T23:46:20.3988420Z     :
2026-08-10T23:46:20.3988690Z 572 |                 var eagainSpins = 0
2026-08-10T23:46:20.3989040Z 573 |                 while true {
2026-08-10T23:46:20.3989480Z 574 |                     if cancelToken.isCancelled { return 0 }
2026-08-10T23:46:20.3990240Z     |                                    `- warning: main actor-isolated property 'isCancelled' can not be referenced from a Sendable closure
2026-08-10T23:46:20.3991310Z 575 |                     let n = outerSessionMutex.withLock {
2026-08-10T23:46:20.3992530Z 576 |                         libssh2_channel_write_ex(channel, 0, buf, len)
2026-08-10T23:46:20.3992850Z 
2026-08-10T23:46:20.3995340Z Copy /Users/runner/work/_temp/DerivedData/Build/Products/Debug-iphonesimulator/VVTerm.swiftmodule/Project/arm64-apple-ios-simulator.swiftsourceinfo /Users/runner/work/_temp/DerivedData/Build/Intermediates.noindex/VVTerm.build/Debug-iphonesimulator/VVTerm.build/Objects-normal/arm64/VVTerm.swiftsourceinfo (in target 'VVTerm' from project 'VVTerm')
2026-08-10T23:46:20.3997560Z     cd /Users/runner/work/vvterm/vvterm
2026-08-10T23:46:20.4000360Z     builtin-copy -exclude .DS_Store -exclude CVS -exclude .svn -exclude .git -exclude .hg -resolve-src-symlinks -rename /Users/runner/work/_temp/DerivedData/Build/Intermediates.noindex/VVTerm.build/Debug-iphonesimulator/VVTerm.build/Objects-normal/arm64/VVTerm.swiftsourceinfo /Users/runner/work/_temp/DerivedData/Build/Products/Debug-iphonesimulator/VVTerm.swiftmodule/Project/arm64-apple-ios-simulator.swiftsourceinfo
2026-08-10T23:46:20.4002780Z 
2026-08-10T23:46:20.4006490Z SwiftDriverJobDiscovery normal arm64 Compiling StorageHealthProbe.swift, StorageHealthTargetResolver.swift, ServerStatsDashboard.swift, ServerStatsView.swift, EternalTerminalRuntime.swift, SSHShellRegistry.swift, TerminalTabManager.swift, TmuxAttachResolver.swift, SSHETBootstrapExecutor.swift, TerminalView.swift, TerminalView+iOS.swift, ConnectionTabsView.swift, ConnectionTabsView+iOS.swift, SSHConnectionRunner.swift, TerminalPaneConnectionCoordinator.swift, TerminalPaneSSHCoordinator.swift, TerminalRichPasteSupport.swift (in target 'VVTerm' from project 'VVTerm')
2026-08-10T23:46:20.4010130Z 
2026-08-10T23:46:20.4011650Z Copy /Users/runner/work/_temp/DerivedData/Build/Products/Debug-iphonesimulator/VVTerm.swiftmodule/arm64-apple-ios-simulator.swiftmodule /Users/runner/work/_temp/DerivedData/Build/Intermediates.noindex/VVTerm.build/Debug-iphonesimulator/VVTerm.build/Objects-normal/arm64/VVTerm.swiftmodule (in target 'VVTerm' from project 'VVTerm')
2026-08-10T23:46:20.4014530Z     cd /Users/runner/work/vvterm/vvterm
2026-08-10T23:46:20.4017690Z     builtin-copy -exclude .DS_Store -exclude CVS -exclude .svn -exclude .git -exclude .hg -resolve-src-symlinks -rename /Users/runner/work/_temp/DerivedData/Build/Intermediates.noindex/VVTerm.build/Debug-iphonesimulator/VVTerm.build/Objects-normal/arm64/VVTerm.swiftmodule /Users/runner/work/_temp/DerivedData/Build/Products/Debug-iphonesimulator/VVTerm.swiftmodule/arm64-apple-ios-simulator.swiftmodule
2026-08-10T23:46:20.4020480Z 
2026-08-10T23:46:20.4022950Z Copy /Users/runner/work/_temp/DerivedData/Build/Products/Debug-iphonesimulator/VVTerm.swiftmodule/arm64-apple-ios-simulator.swiftdoc /Users/runner/work/_temp/DerivedData/Build/Intermediates.noindex/VVTerm.build/Debug-iphonesimulator/VVTerm.build/Objects-normal/arm64/VVTerm.swiftdoc (in target 'VVTerm' from project 'VVTerm')
2026-08-10T23:46:20.4025240Z     cd /Users/runner/work/vvterm/vvterm
2026-08-10T23:46:20.4027530Z     builtin-copy -exclude .DS_Store -exclude CVS -exclude .svn -exclude .git -exclude .hg -resolve-src-symlinks -rename /Users/runner/work/_temp/DerivedData/Build/Intermediates.noindex/VVTerm.build/Debug-iphonesimulator/VVTerm.build/Objects-normal/arm64/VVTerm.swiftdoc /Users/runner/work/_temp/DerivedData/Build/Products/Debug-iphonesimulator/VVTerm.swiftmodule/arm64-apple-ios-simulator.swiftdoc
2026-08-10T23:46:20.4031030Z 
2026-08-10T23:46:20.4032870Z Copy /Users/runner/work/_temp/DerivedData/Build/Products/Debug-iphonesimulator/VVTerm.swiftmodule/arm64-apple-ios-simulator.abi.json /Users/runner/work/_temp/DerivedData/Build/Intermediates.noindex/VVTerm.build/Debug-iphonesimulator/VVTerm.build/Objects-normal/arm64/VVTerm.abi.json (in target 'VVTerm' from project 'VVTerm')
2026-08-10T23:46:20.4034840Z     cd /Users/runner/work/vvterm/vvterm
2026-08-10T23:46:20.4036830Z     builtin-copy -exclude .DS_Store -exclude CVS -exclude .svn -exclude .git -exclude .hg -resolve-src-symlinks -rename /Users/runner/work/_temp/DerivedData/Build/Intermediates.noindex/VVTerm.build/Debug-iphonesimulator/VVTerm.build/Objects-normal/arm64/VVTerm.abi.json /Users/runner/work/_temp/DerivedData/Build/Products/Debug-iphonesimulator/VVTerm.swiftmodule/arm64-apple-ios-simulator.abi.json
2026-08-10T23:46:20.4038690Z 
2026-08-10T23:46:20.4039330Z SwiftDriver VVTermUITests normal arm64 com.apple.xcode.tools.swift.compiler (in target 'VVTermUITests' from project 'VVTerm')
2026-08-10T23:46:20.4040080Z     cd /Users/runner/work/vvterm/vvterm
2026-08-10T23:46:20.4071330Z     builtin-SwiftDriver -- /Applications/Xcode_27_beta_4.app/Contents/Developer/Toolchains/XcodeDefault.xctoolchain/usr/bin/swiftc -module-name VVTermUITests -Onone @/Users/runner/work/_temp/DerivedData/Build/Intermediates.noindex/VVTerm.build/Debug-iphonesimulator/VVTermUITests.build/Objects-normal/arm64/VVTermUITests.SwiftFileList -DDEBUG -DFORCE_PRO_ENABLED -module-alias Testing\=_Testing_Unavailable -plugin-path /Applications/Xcode_27_beta_4.app/Contents/Developer/Toolchains/XcodeDefault.xctoolchain/usr/lib/swift/host/plugins/testing -enable-bare-slash-regex -enable-upcoming-feature DisableOutwardActorInference -enable-upcoming-feature InferSendableFromCaptures -enable-upcoming-feature GlobalActorIsolatedTypesUsability -enable-upcoming-feature MemberImportVisibility -enable-upcoming-feature InferIsolatedConformances -enable-upcoming-feature NonisolatedNonsendingByDefault -enable-experimental-feature DebugDescriptionMacro -sdk /Applications/Xcode_27_beta_4.app/Contents/Developer/Platforms/iPhoneSimulator.platform/Developer/SDKs/iPhoneSimulator27.0.sdk -target arm64-apple-ios16.1-simulator -g -module-cache-path /Users/runner/work/_temp/DerivedData/ModuleCache.noindex -Xfrontend -serialize-debugging-options -profile-coverage-mapping -profile-generate -enable-testing -index-store-path /Users/runner/work/_temp/DerivedData/Index.noindex/DataStore -Xcc -D_LIBCPP_HARDENING_MODE\=_LIBCPP_HARDENING_MODE_DEBUG -swift-version 5 -I /Users/runner/work/_temp/DerivedData/Build/Products/Debug-iphonesimulator -Isystem /Applications/Xcode_27_beta_4.app/Contents/Developer/Platforms/iPhoneSimulator.platform/Developer/usr/lib -F /Users/runner/work/_temp/DerivedData/Build/Products/Debug-iphonesimulator -F /Applications/Xcode_27_beta_4.app/Contents/Developer/Platforms/iPhoneSimulator.platform/Developer/Library/Frameworks -F /Applications/Xcode_27_beta_4.app/Contents/Developer/Platforms/iPhoneSimulator.platform/Developer/SDKs/iPhoneSimulator27.0.sdk/Developer/Library/Frameworks -c -j3 -enable-batch-mode -incremental -Xcc -ivfsstatcache -Xcc /Users/runner/work/_temp/DerivedData/SDKStatCaches.noindex/iphonesimulator27.0-24A5390e-e43fee13dd4b37625cdebfde7abd7d2e442fb7f1c3b8580cc81a86a0492dbf21.sdkstatcache -output-file-map /Users/runner/work/_temp/DerivedData/Build/Intermediates.noindex/VVTerm.build/Debug-iphonesimulator/VVTermUITests.build/Objects-normal/arm64/VVTermUITests-OutputFileMap.json -save-temps -no-color-diagnostics -explicit-module-build -module-cache-path /Users/runner/work/_temp/DerivedData/Build/Intermediates.noindex/SwiftExplicitPrecompiledModules -clang-scanner-module-cache-path /Users/runner/work/_temp/DerivedData/ModuleCache.noindex -sdk-module-cache-path /Users/runner/work/_temp/DerivedData/SDKExplicitPrecompiledModules -emit-dependencies -emit-module -emit-module-path /Users/runner/work/_temp/DerivedData/Build/Intermediates.noindex/VVTerm.build/Debug-iphonesimulator/VVTermUITests.build/Objects-normal/arm64/VVTermUITests.swiftmodule -serialize-diagnostics -dependency-scan-serialize-diagnostics-path /Users/runner/work/_temp/DerivedData/Build/Intermediates.noindex/VVTerm.build/Debug-iphonesimulator/VVTermUITests.build/Objects-normal/arm64/VVTermUITests-dependency-scan.dia -validate-clang-modules-once -clang-build-session-file /Users/runner/work/_temp/DerivedData/ModuleCache.noindex/Session.modulevalidation -Xcc -fmodules-prune-interval\=86400 -Xcc -fmodules-prune-after\=345600 -emit-const-values -const-gather-protocols-list /Users/runner/work/_temp/DerivedData/Build/Intermediates.noindex/VVTerm.build/Debug-iphonesimulator/VVTermUITests.build/Objects-normal/arm64/VVTermUITests_const_extract_protocols.json -Xcc -iquote -Xcc /Users/runner/work/_temp/DerivedData/Build/Intermediates.noindex/VVTerm.build/Debug-iphonesimulator/VVTermUITests.build/VVTermUITests-generated-files.hmap -Xcc -I/Users/runner/work/_temp/DerivedData/Build/Intermediates.noindex/VVTerm.build/Debug-iphonesimulator/VVTermUITests.build/VVTermUITests-own-target-headers.hmap -Xcc -I/Users/runner/work/_temp/DerivedData/Build/Intermediates.noindex/VVTerm.build/Debug-iphonesimulator/VVTermUITests.build/VVTermUITests-all-non-framework-target-headers.hmap -Xcc -ivfsoverlay -Xcc /Users/runner/work/_temp/DerivedData/Build/Intermediates.noindex/VVTerm.build/Debug-iphonesimulator/VVTerm-6a35e7673de302a64f61488d7ee1e65a-VFS-iphonesimulator/all-product-headers.yaml -Xcc -iquote -Xcc /Users/runner/work/_temp/DerivedData/Build/Intermediates.noindex/VVTerm.build/Debug-iphonesimulator/VVTermUITests.build/VVTermUITests-project-headers.hmap -Xcc -I/Users/runner/work/_temp/DerivedData/Build/Products/Debug-iphonesimulator/include -Xcc -I/Users/runner/work/vvterm/vvterm/Vendor/libghostty/ios-simulator/include -Xcc -I/Users/runner/work/vvterm/vvterm/Vendor/libssh2/include -Xcc -I/Users/runner/work/_temp/DerivedData/Build/Intermediates.noindex/VVTerm.build/Debug-iphonesimulator/VVTermUITests.build/DerivedSources-normal/arm64 -Xcc -I/Users/runner/work/_temp/DerivedData/Build/Intermediates.noindex/VVTerm.build/Debug-iphonesimulator/VVTermUITests.build/DerivedSources/arm64 -Xcc -I/Users/runner/work/_temp/DerivedData/Build/Intermediates.noindex/VVTerm.build/Debug-iphonesimulator/VVTermUITests.build/DerivedSources -Xcc -DDEBUG\=1 -emit-objc-header -emit-objc-header-path /Users/runner/work/_temp/DerivedData/Build/Intermediates.noindex/VVTerm.build/Debug-iphonesimulator/VVTermUITests.build/Objects-normal/arm64/VVTermUITests-Swift.h -working-directory /Users/runner/work/vvterm/vvterm -experimental-emit-module-separately -disable-cmo
2026-08-10T23:46:20.4107650Z 
2026-08-10T23:46:20.4108210Z SwiftDriver VVTermTests normal arm64 com.apple.xcode.tools.swift.compiler (in target 'VVTermTests' from project 'VVTerm')
2026-08-10T23:46:20.4110500Z     cd /Users/runner/work/vvterm/vvterm
2026-08-10T23:46:20.4163680Z     builtin-SwiftDriver -- /Applications/Xcode_27_beta_4.app/Contents/Developer/Toolchains/XcodeDefault.xctoolchain/usr/bin/swiftc -module-name VVTermTests -Onone @/Users/runner/work/_temp/DerivedData/Build/Intermediates.noindex/VVTerm.build/Debug-iphonesimulator/VVTermTests.build/Objects-normal/arm64/VVTermTests.SwiftFileList -DDEBUG -DFORCE_PRO_ENABLED -Xcc -fmodule-map-file\=/Users/runner/work/_temp/DerivedData/SourcePackages/checkouts/swift-numerics/Sources/_NumericsShims/include/module.modulemap -Xcc -fmodule-map-file\=/Users/runner/work/_temp/DerivedData/SourcePackages/checkouts/mlx-swift/Source/Cmlx/include/module.modulemap -Xcc -fmodule-map-file\=/Users/runner/work/_temp/DerivedData/Build/Intermediates.noindex/GeneratedModuleMaps-iphonesimulator/CTweetNacl.modulemap -Xcc -fmodule-map-file\=/Users/runner/work/_temp/DerivedData/Build/Intermediates.noindex/GeneratedModuleMaps-iphonesimulator/CNIOLLHTTP.modulemap -Xcc -fmodule-map-file\=/Users/runner/work/_temp/DerivedData/Build/Intermediates.noindex/GeneratedModuleMaps-iphonesimulator/CNIOPosix.modulemap -Xcc -fmodule-map-file\=/Users/runner/work/_temp/DerivedData/Build/Intermediates.noindex/GeneratedModuleMaps-iphonesimulator/CNIOWASI.modulemap -Xcc -fmodule-map-file\=/Users/runner/work/_temp/DerivedData/SourcePackages/checkouts/swift-nio/Sources/CNIOWindows/include/module.modulemap -Xcc -fmodule-map-file\=/Users/runner/work/_temp/DerivedData/Build/Intermediates.noindex/GeneratedModuleMaps-iphonesimulator/CNIOLinux.modulemap -Xcc -fmodule-map-file\=/Users/runner/work/_temp/DerivedData/Build/Intermediates.noindex/GeneratedModuleMaps-iphonesimulator/CNIODarwin.modulemap -Xcc -fmodule-map-file\=/Users/runner/work/_temp/DerivedData/Build/Intermediates.noindex/GeneratedModuleMaps-iphonesimulator/CNIOFreeBSD.modulemap -Xcc -fmodule-map-file\=/Users/runner/work/_temp/DerivedData/Build/Intermediates.noindex/GeneratedModuleMaps-iphonesimulator/CNIOOpenBSD.modulemap -Xcc -fmodule-map-file\=/Users/runner/work/_temp/DerivedData/Build/Intermediates.noindex/GeneratedModuleMaps-iphonesimulator/CNIOAtomics.modulemap -Xcc -fmodule-map-file\=/Users/runner/work/_temp/DerivedData/SourcePackages/checkouts/swift-atomics/Sources/_AtomicsShims/include/module.modulemap -plugin-path /Applications/Xcode_27_beta_4.app/Contents/Developer/Toolchains/XcodeDefault.xctoolchain/usr/lib/swift/host/plugins/testing -enable-bare-slash-regex -enable-upcoming-feature DisableOutwardActorInference -enable-upcoming-feature InferSendableFromCaptures -enable-upcoming-feature GlobalActorIsolatedTypesUsability -enable-upcoming-feature MemberImportVisibility -enable-upcoming-feature InferIsolatedConformances -enable-upcoming-feature NonisolatedNonsendingByDefault -enable-experimental-feature DebugDescriptionMacro -sdk /Applications/Xcode_27_beta_4.app/Contents/Developer/Platforms/iPhoneSimulator.platform/Developer/SDKs/iPhoneSimulator27.0.sdk -target arm64-apple-ios16.1-simulator -g -module-cache-path /Users/runner/work/_temp/DerivedData/ModuleCache.noindex -Xfrontend -serialize-debugging-options -profile-coverage-mapping -profile-generate -enable-testing -index-store-path /Users/runner/work/_temp/DerivedData/Index.noindex/DataStore -Xcc -D_LIBCPP_HARDENING_MODE\=_LIBCPP_HARDENING_MODE_DEBUG -swift-version 5 -I /Users/runner/work/_temp/DerivedData/Build/Products/Debug-iphonesimulator -Isystem /Applications/Xcode_27_beta_4.app/Contents/Developer/Platforms/iPhoneSimulator.platform/Developer/usr/lib -F /Users/runner/work/_temp/DerivedData/Build/Products/Debug-iphonesimulator/PackageFrameworks -F /Users/runner/work/_temp/DerivedData/Build/Products/Debug-iphonesimulator -F /Applications/Xcode_27_beta_4.app/Contents/Developer/Platforms/iPhoneSimulator.platform/Developer/Library/Frameworks -F /Applications/Xcode_27_beta_4.app/Contents/Developer/Platforms/iPhoneSimulator.platform/Developer/SDKs/iPhoneSimulator27.0.sdk/Developer/Library/Frameworks -c -j3 -enable-batch-mode -incremental -Xcc -ivfsstatcache -Xcc /Users/runner/work/_temp/DerivedData/SDKStatCaches.noindex/iphonesimulator27.0-24A5390e-e43fee13dd4b37625cdebfde7abd7d2e442fb7f1c3b8580cc81a86a0492dbf21.sdkstatcache -output-file-map /Users/runner/work/_temp/DerivedData/Build/Intermediates.noindex/VVTerm.build/Debug-iphonesimulator/VVTermTests.build/Objects-normal/arm64/VVTermTests-OutputFileMap.json -save-temps -no-color-diagnostics -explicit-module-build -module-cache-path /Users/runner/work/_temp/DerivedData/Build/Intermediates.noindex/SwiftExplicitPrecompiledModules -clang-scanner-module-cache-path /Users/runner/work/_temp/DerivedData/ModuleCache.noindex -sdk-module-cache-path /Users/runner/work/_temp/DerivedData/SDKExplicitPrecompiledModules -emit-dependencies -emit-module -emit-module-path /Users/runner/work/_temp/DerivedData/Build/Intermediates.noindex/VVTerm.build/Debug-iphonesimulator/VVTermTests.build/Objects-normal/arm64/VVTermTests.swiftmodule -serialize-diagnostics -dependency-scan-serialize-diagnostics-path /Users/runner/work/_temp/DerivedData/Build/Intermediates.noindex/VVTerm.build/Debug-iphonesimulator/VVTermTests.build/Objects-normal/arm64/VVTermTests-dependency-scan.dia -validate-clang-modules-once -clang-build-session-file /Users/runner/work/_temp/DerivedData/ModuleCache.noindex/Session.modulevalidation -Xcc -fmodules-prune-interval\=86400 -Xcc -fmodules-prune-after\=345600 -emit-const-values -const-gather-protocols-list /Users/runner/work/_temp/DerivedData/Build/Intermediates.noindex/VVTerm.build/Debug-iphonesimulator/VVTermTests.build/Objects-normal/arm64/VVTermTests_const_extract_protocols.json -Xcc -iquote -Xcc /Users/runner/work/_temp/DerivedData/Build/Intermediates.noindex/VVTerm.build/Debug-iphonesimulator/VVTermTests.build/VVTermTests-generated-files.hmap -Xcc -I/Users/runner/work/_temp/DerivedData/Build/Intermediates.noindex/VVTerm.build/Debug-iphonesimulator/VVTermTests.build/VVTermTests-own-target-headers.hmap -Xcc -I/Users/runner/work/_temp/DerivedData/Build/Intermediates.noindex/VVTerm.build/Debug-iphonesimulator/VVTermTests.build/VVTermTests-all-non-framework-target-headers.hmap -Xcc -ivfsoverlay -Xcc /Users/runner/work/_temp/DerivedData/Build/Intermediates.noindex/VVTerm.build/Debug-iphonesimulator/VVTerm-6a35e7673de302a64f61488d7ee1e65a-VFS-iphonesimulator/all-product-headers.yaml -Xcc -iquote -Xcc /Users/runner/work/_temp/DerivedData/Build/Intermediates.noindex/VVTerm.build/Debug-iphonesimulator/VVTermTests.build/VVTermTests-project-headers.hmap -Xcc -I/Users/runner/work/_temp/DerivedData/SourcePackages/checkouts/swift-numerics/Sources/_NumericsShims/include -Xcc -I/Users/runner/work/_temp/DerivedData/SourcePackages/checkouts/mlx-swift/Source/Cmlx/include -Xcc -I/Users/runner/work/_temp/DerivedData/SourcePackages/checkouts/tweetnacl-swiftwrap/Sources/CTweetNacl/include -Xcc -I/Users/runner/work/_temp/DerivedData/SourcePackages/checkouts/swift-nio/Sources/CNIOLLHTTP/include -Xcc -I/Users/runner/work/_temp/DerivedData/SourcePackages/checkouts/swift-nio/Sources/CNIOPosix/include -Xcc -I/Users/runner/work/_temp/DerivedData/SourcePackages/checkouts/swift-nio/Sources/CNIOWASI/include -Xcc -I/Users/runner/work/_temp/DerivedData/SourcePackages/checkouts/swift-nio/Sources/CNIOWindows/include -Xcc -I/Users/runner/work/_temp/DerivedData/SourcePackages/checkouts/swift-nio/Sources/CNIOLinux/include -Xcc -I/Users/runner/work/_temp/DerivedData/SourcePackages/checkouts/swift-nio/Sources/CNIODarwin/include -Xcc -I/Users/runner/work/_temp/DerivedData/SourcePackages/checkouts/swift-nio/Sources/CNIOFreeBSD/include -Xcc -I/Users/runner/work/_temp/DerivedData/SourcePackages/checkouts/swift-nio/Sources/CNIOOpenBSD/include -Xcc -I/Users/runner/work/_temp/DerivedData/SourcePackages/checkouts/swift-nio/Sources/CNIOAtomics/include -Xcc -I/Users/runner/work/_temp/DerivedData/SourcePackages/checkouts/swift-atomics/Sources/_AtomicsShims/include -Xcc -I/Users/runner/work/_temp/DerivedData/Build/Products/Debug-iphonesimulator/include -Xcc -I/Users/runner/work/vvterm/vvterm/Vendor/libghostty/ios-simulator/include -Xcc -I/Users/runner/work/vvterm/vvterm/Vendor/libssh2/include -Xcc -I/Users/runner/work/_temp/DerivedData/Build/Intermediates.noindex/VVTerm.build/Debug-iphonesimulator/VVTermTests.build/DerivedSources-normal/arm64 -Xcc -I/Users/runner/work/_temp/DerivedData/Build/Intermediates.noindex/VVTerm.build/Debug-iphonesimulator/VVTermTests.build/DerivedSources/arm64 -Xcc -I/Users/runner/work/_temp/DerivedData/Build/Intermediates.noindex/VVTerm.build/Debug-iphonesimulator/VVTermTests.build/DerivedSources -Xcc -DDEBUG\=1 -emit-objc-header -emit-objc-header-path /Users/runner/work/_temp/DerivedData/Build/Intermediates.noindex/VVTerm.build/Debug-iphonesimulator/VVTermTests.build/Objects-normal/arm64/VVTermTests-Swift.h -working-directory /Users/runner/work/vvterm/vvterm -experimental-emit-module-separately -disable-cmo
2026-08-10T23:46:20.4221670Z 
2026-08-10T23:46:20.4222130Z SwiftEmitModule normal arm64 Emitting\ module\ for\ VVTermUITests (in target 'VVTermUITests' from project 'VVTerm')
2026-08-10T23:46:20.4222740Z 
2026-08-10T23:46:20.4222950Z SwiftCompile normal arm64 (in target 'VVTermUITests' from project 'VVTerm')
2026-08-10T23:46:20.4223500Z     cd /Users/runner/work/vvterm/vvterm
2026-08-10T23:46:20.4223800Z     
2026-08-10T23:46:20.4223990Z 
2026-08-10T23:46:20.4224310Z SwiftEmitModule normal arm64 Emitting\ module\ for\ VVTermTests (in target 'VVTermTests' from project 'VVTerm')
2026-08-10T23:46:20.4224830Z 
2026-08-10T23:46:20.4225130Z SwiftCompile normal arm64 (in target 'VVTermTests' from project 'VVTerm')
2026-08-10T23:46:20.4225970Z     cd /Users/runner/work/vvterm/vvterm
2026-08-10T23:46:20.4226380Z     
2026-08-10T23:46:20.4226480Z 
2026-08-10T23:46:20.4227150Z SwiftDriverJobDiscovery normal arm64 Emitting module for VVTermUITests (in target 'VVTermUITests' from project 'VVTerm')
2026-08-10T23:46:20.4228430Z 
2026-08-10T23:46:20.4229500Z SwiftDriver\ Compilation\ Requirements VVTermUITests normal arm64 com.apple.xcode.tools.swift.compiler (in target 'VVTermUITests' from project 'VVTerm')
2026-08-10T23:46:20.4230810Z     cd /Users/runner/work/vvterm/vvterm
2026-08-10T23:46:20.4266120Z     builtin-Swift-Compilation-Requirements -- /Applications/Xcode_27_beta_4.app/Contents/Developer/Toolchains/XcodeDefault.xctoolchain/usr/bin/swiftc -module-name VVTermUITests -Onone @/Users/runner/work/_temp/DerivedData/Build/Intermediates.noindex/VVTerm.build/Debug-iphonesimulator/VVTermUITests.build/Objects-normal/arm64/VVTermUITests.SwiftFileList -DDEBUG -DFORCE_PRO_ENABLED -module-alias Testing\=_Testing_Unavailable -plugin-path /Applications/Xcode_27_beta_4.app/Contents/Developer/Toolchains/XcodeDefault.xctoolchain/usr/lib/swift/host/plugins/testing -enable-bare-slash-regex -enable-upcoming-feature DisableOutwardActorInference -enable-upcoming-feature InferSendableFromCaptures -enable-upcoming-feature GlobalActorIsolatedTypesUsability -enable-upcoming-feature MemberImportVisibility -enable-upcoming-feature InferIsolatedConformances -enable-upcoming-feature NonisolatedNonsendingByDefault -enable-experimental-feature DebugDescriptionMacro -sdk /Applications/Xcode_27_beta_4.app/Contents/Developer/Platforms/iPhoneSimulator.platform/Developer/SDKs/iPhoneSimulator27.0.sdk -target arm64-apple-ios16.1-simulator -g -module-cache-path /Users/runner/work/_temp/DerivedData/ModuleCache.noindex -Xfrontend -serialize-debugging-options -profile-coverage-mapping -profile-generate -enable-testing -index-store-path /Users/runner/work/_temp/DerivedData/Index.noindex/DataStore -Xcc -D_LIBCPP_HARDENING_MODE\=_LIBCPP_HARDENING_MODE_DEBUG -swift-version 5 -I /Users/runner/work/_temp/DerivedData/Build/Products/Debug-iphonesimulator -Isystem /Applications/Xcode_27_beta_4.app/Contents/Developer/Platforms/iPhoneSimulator.platform/Developer/usr/lib -F /Users/runner/work/_temp/DerivedData/Build/Products/Debug-iphonesimulator -F /Applications/Xcode_27_beta_4.app/Contents/Developer/Platforms/iPhoneSimulator.platform/Developer/Library/Frameworks -F /Applications/Xcode_27_beta_4.app/Contents/Developer/Platforms/iPhoneSimulator.platform/Developer/SDKs/iPhoneSimulator27.0.sdk/Developer/Library/Frameworks -c -j3 -enable-batch-mode -incremental -Xcc -ivfsstatcache -Xcc /Users/runner/work/_temp/DerivedData/SDKStatCaches.noindex/iphonesimulator27.0-24A5390e-e43fee13dd4b37625cdebfde7abd7d2e442fb7f1c3b8580cc81a86a0492dbf21.sdkstatcache -output-file-map /Users/runner/work/_temp/DerivedData/Build/Intermediates.noindex/VVTerm.build/Debug-iphonesimulator/VVTermUITests.build/Objects-normal/arm64/VVTermUITests-OutputFileMap.json -save-temps -no-color-diagnostics -explicit-module-build -module-cache-path /Users/runner/work/_temp/DerivedData/Build/Intermediates.noindex/SwiftExplicitPrecompiledModules -clang-scanner-module-cache-path /Users/runner/work/_temp/DerivedData/ModuleCache.noindex -sdk-module-cache-path /Users/runner/work/_temp/DerivedData/SDKExplicitPrecompiledModules -emit-dependencies -emit-module -emit-module-path /Users/runner/work/_temp/DerivedData/Build/Intermediates.noindex/VVTerm.build/Debug-iphonesimulator/VVTermUITests.build/Objects-normal/arm64/VVTermUITests.swiftmodule -serialize-diagnostics -dependency-scan-serialize-diagnostics-path /Users/runner/work/_temp/DerivedData/Build/Intermediates.noindex/VVTerm.build/Debug-iphonesimulator/VVTermUITests.build/Objects-normal/arm64/VVTermUITests-dependency-scan.dia -validate-clang-modules-once -clang-build-session-file /Users/runner/work/_temp/DerivedData/ModuleCache.noindex/Session.modulevalidation -Xcc -fmodules-prune-interval\=86400 -Xcc -fmodules-prune-after\=345600 -emit-const-values -const-gather-protocols-list /Users/runner/work/_temp/DerivedData/Build/Intermediates.noindex/VVTerm.build/Debug-iphonesimulator/VVTermUITests.build/Objects-normal/arm64/VVTermUITests_const_extract_protocols.json -Xcc -iquote -Xcc /Users/runner/work/_temp/DerivedData/Build/Intermediates.noindex/VVTerm.build/Debug-iphonesimulator/VVTermUITests.build/VVTermUITests-generated-files.hmap -Xcc -I/Users/runner/work/_temp/DerivedData/Build/Intermediates.noindex/VVTerm.build/Debug-iphonesimulator/VVTermUITests.build/VVTermUITests-own-target-headers.hmap -Xcc -I/Users/runner/work/_temp/DerivedData/Build/Intermediates.noindex/VVTerm.build/Debug-iphonesimulator/VVTermUITests.build/VVTermUITests-all-non-framework-target-headers.hmap -Xcc -ivfsoverlay -Xcc /Users/runner/work/_temp/DerivedData/Build/Intermediates.noindex/VVTerm.build/Debug-iphonesimulator/VVTerm-6a35e7673de302a64f61488d7ee1e65a-VFS-iphonesimulator/all-product-headers.yaml -Xcc -iquote -Xcc /Users/runner/work/_temp/DerivedData/Build/Intermediates.noindex/VVTerm.build/Debug-iphonesimulator/VVTermUITests.build/VVTermUITests-project-headers.hmap -Xcc -I/Users/runner/work/_temp/DerivedData/Build/Products/Debug-iphonesimulator/include -Xcc -I/Users/runner/work/vvterm/vvterm/Vendor/libghostty/ios-simulator/include -Xcc -I/Users/runner/work/vvterm/vvterm/Vendor/libssh2/include -Xcc -I/Users/runner/work/_temp/DerivedData/Build/Intermediates.noindex/VVTerm.build/Debug-iphonesimulator/VVTermUITests.build/DerivedSources-normal/arm64 -Xcc -I/Users/runner/work/_temp/DerivedData/Build/Intermediates.noindex/VVTerm.build/Debug-iphonesimulator/VVTermUITests.build/DerivedSources/arm64 -Xcc -I/Users/runner/work/_temp/DerivedData/Build/Intermediates.noindex/VVTerm.build/Debug-iphonesimulator/VVTermUITests.build/DerivedSources -Xcc -DDEBUG\=1 -emit-objc-header -emit-objc-header-path /Users/runner/work/_temp/DerivedData/Build/Intermediates.noindex/VVTerm.build/Debug-iphonesimulator/VVTermUITests.build/Objects-normal/arm64/VVTermUITests-Swift.h -working-directory /Users/runner/work/vvterm/vvterm -experimental-emit-module-separately -disable-cmo
2026-08-10T23:46:20.4298140Z 
2026-08-10T23:46:20.6728010Z PruneExplicitPrecompiledModules /Users/runner/work/_temp/DerivedData/Build/Intermediates.noindex/SwiftExplicitPrecompiledModules
2026-08-10T23:46:20.6839380Z 
2026-08-10T23:46:20.6944810Z PruneExplicitPrecompiledModules /Users/runner/work/_temp/DerivedData/SDKExplicitPrecompiledModules
2026-08-10T23:46:20.7047690Z 
2026-08-10T23:46:20.7149550Z PruneExplicitPrecompiledModules /Users/runner/work/_temp/DerivedData/Build/Intermediates.noindex/ExplicitPrecompiledModules
2026-08-10T23:46:20.7266110Z 
2026-08-10T23:46:20.7686760Z ** TEST BUILD FAILED **
2026-08-10T23:46:20.7797000Z 
2026-08-10T23:46:20.7912210Z 
2026-08-10T23:46:20.8031260Z The following build commands failed:
2026-08-10T23:46:20.8178530Z 	SwiftCompile normal arm64 /Users/runner/work/vvterm/vvterm/VVTerm/App/iOS/TerminalReconnectUITestHarness+iOS.swift (in target 'VVTerm' from project 'VVTerm')
2026-08-10T23:46:20.8286140Z 	SwiftCompile normal arm64 Compiling\ TerminalReconnectUITestHarness+iOS.swift /Users/runner/work/vvterm/vvterm/VVTerm/App/iOS/TerminalReconnectUITestHarness+iOS.swift (in target 'VVTerm' from project 'VVTerm')
2026-08-10T23:46:20.8287590Z 	Building project VVTerm for testing with scheme VVTerm
2026-08-10T23:46:20.8390320Z (3 failures)
2026-08-10T23:46:21.1293850Z ##[error]Process completed with exit code 65.
2026-08-10T23:46:21.1652390Z ##[group]Run actions/upload-artifact@v7
2026-08-10T23:46:21.1653240Z with:
2026-08-10T23:46:21.1653980Z   name: build-log
2026-08-10T23:46:21.1654390Z   path: /Users/runner/work/_temp/build.log
2026-08-10T23:46:21.1654760Z   if-no-files-found: ignore
2026-08-10T23:46:21.1654980Z   compression-level: 6
2026-08-10T23:46:21.1655480Z   overwrite: false
2026-08-10T23:46:21.1655680Z   include-hidden-files: false
2026-08-10T23:46:21.1656240Z   archive: true
2026-08-10T23:46:21.1656460Z env:
2026-08-10T23:46:21.1656630Z   HOMEBREW_NO_AUTO_UPDATE: 1
2026-08-10T23:46:21.1656880Z ##[endgroup]
2026-08-10T23:46:21.9512560Z With the provided path, there will be 1 file uploaded
2026-08-10T23:46:21.9530290Z Artifact name is valid!
2026-08-10T23:46:21.9541770Z Root directory input is valid!
2026-08-10T23:46:22.0760090Z Uploading artifact: build-log.zip
2026-08-10T23:46:22.0761490Z Beginning upload of artifact content to blob storage
2026-08-10T23:46:22.2119600Z Uploaded bytes 30154
2026-08-10T23:46:22.2309550Z Finished uploading artifact content to blob storage!
2026-08-10T23:46:22.2414470Z SHA256 digest of uploaded artifact is 494c126df27cc8cae4d080cdb1fa00e5779910dbc8726cd337bf132aad14c3a2
2026-08-10T23:46:22.2513310Z Finalizing artifact upload
2026-08-10T23:46:22.4402630Z Artifact build-log successfully finalized. Artifact ID 9083716170
2026-08-10T23:46:22.4504430Z Artifact build-log has been successfully uploaded! Final size is 30154 bytes. Artifact ID is 9083716170
2026-08-10T23:46:22.4605870Z Artifact download URL: https://github.com/cad0p/vvterm/actions/runs/31443324160/artifacts/9083716170
2026-08-10T23:46:22.4882230Z Post job cleanup.
2026-08-10T23:46:22.4888230Z ##[start-action display=Cache DerivedData + SPM SourcePackages (mtime-aware);id=__ca996d5a-e411-4f0f-809b-7e381080588c.__irgaly_xcode-cache]
2026-08-10T23:46:22.4894300Z ##[end-action id=__ca996d5a-e411-4f0f-809b-7e381080588c.__irgaly_xcode-cache;outcome=skipped;conclusion=skipped;duration_ms=0]
2026-08-10T23:46:22.5000510Z Post job cleanup.
2026-08-10T23:46:22.7203860Z [command]/opt/homebrew/bin/git version
2026-08-10T23:46:22.8020320Z git version 2.55.0
2026-08-10T23:46:22.8060670Z Copying '/Users/runner/.gitconfig' to '/Users/runner/work/_temp/362635c1-3965-4d43-a3ce-2bdfec530fb9/.gitconfig'
2026-08-10T23:46:22.8073710Z Temporarily overriding HOME='/Users/runner/work/_temp/362635c1-3965-4d43-a3ce-2bdfec530fb9' before making global git config changes
2026-08-10T23:46:22.8078290Z Adding repository directory to the temporary git global config as a safe directory
2026-08-10T23:46:22.8083860Z [command]/opt/homebrew/bin/git config --global --add safe.directory /Users/runner/work/vvterm/vvterm
2026-08-10T23:46:22.8457830Z Removing SSH command configuration
2026-08-10T23:46:22.8461150Z [command]/opt/homebrew/bin/git config --local --name-only --get-regexp core\.sshCommand
2026-08-10T23:46:22.8623150Z [command]/opt/homebrew/bin/git submodule foreach --recursive sh -c "git config --local --name-only --get-regexp 'core\.sshCommand' && git config --local --unset-all 'core.sshCommand' || :"
2026-08-10T23:46:23.1065910Z Removing HTTP extra header
2026-08-10T23:46:23.1205050Z [command]/opt/homebrew/bin/git config --local --name-only --get-regexp http\.https\:\/\/github\.com\/\.extraheader
2026-08-10T23:46:23.1402480Z [command]/opt/homebrew/bin/git submodule foreach --recursive sh -c "git config --local --name-only --get-regexp 'http\.https\:\/\/github\.com\/\.extraheader' && git config --local --unset-all 'http.https://github.com/.extraheader' || :"
2026-08-10T23:46:23.4919510Z Removing includeIf entries pointing to credentials config files
2026-08-10T23:46:23.5022300Z [command]/opt/homebrew/bin/git config --local --name-only --get-regexp ^includeIf\.gitdir:
2026-08-10T23:46:23.5125520Z includeif.gitdir:/Users/runner/work/vvterm/vvterm/.git.path
2026-08-10T23:46:23.5227320Z includeif.gitdir:/Users/runner/work/vvterm/vvterm/.git/worktrees/*.path
2026-08-10T23:46:23.5335480Z includeif.gitdir:/github/workspace/.git.path
2026-08-10T23:46:23.5449000Z includeif.gitdir:/github/workspace/.git/worktrees/*.path
2026-08-10T23:46:23.5757700Z [command]/opt/homebrew/bin/git config --local --get-all includeif.gitdir:/Users/runner/work/vvterm/vvterm/.git.path
2026-08-10T23:46:23.5860180Z /Users/runner/work/_temp/git-credentials-9453b43c-411e-428d-a043-921fc6c0a36d.config
2026-08-10T23:46:23.6167210Z [command]/opt/homebrew/bin/git config --local --unset includeif.gitdir:/Users/runner/work/vvterm/vvterm/.git.path \/Users\/runner\/work\/_temp\/git\-credentials\-9453b43c\-411e\-428d\-a043\-921fc6c0a36d\.config
2026-08-10T23:46:23.6470500Z [command]/opt/homebrew/bin/git config --local --get-all includeif.gitdir:/Users/runner/work/vvterm/vvterm/.git/worktrees/*.path
2026-08-10T23:46:23.6576320Z /Users/runner/work/_temp/git-credentials-9453b43c-411e-428d-a043-921fc6c0a36d.config
2026-08-10T23:46:23.6882020Z [command]/opt/homebrew/bin/git config --local --unset includeif.gitdir:/Users/runner/work/vvterm/vvterm/.git/worktrees/*.path \/Users\/runner\/work\/_temp\/git\-credentials\-9453b43c\-411e\-428d\-a043\-921fc6c0a36d\.config
2026-08-10T23:46:23.7193780Z [command]/opt/homebrew/bin/git config --local --get-all includeif.gitdir:/github/workspace/.git.path
2026-08-10T23:46:23.7302370Z /github/runner_temp/git-credentials-9453b43c-411e-428d-a043-921fc6c0a36d.config
2026-08-10T23:46:23.7625520Z [command]/opt/homebrew/bin/git config --local --unset includeif.gitdir:/github/workspace/.git.path \/github\/runner_temp\/git\-credentials\-9453b43c\-411e\-428d\-a043\-921fc6c0a36d\.config
2026-08-10T23:46:23.7960810Z [command]/opt/homebrew/bin/git config --local --get-all includeif.gitdir:/github/workspace/.git/worktrees/*.path
2026-08-10T23:46:23.8064650Z /github/runner_temp/git-credentials-9453b43c-411e-428d-a043-921fc6c0a36d.config
2026-08-10T23:46:23.8375710Z [command]/opt/homebrew/bin/git config --local --unset includeif.gitdir:/github/workspace/.git/worktrees/*.path \/github\/runner_temp\/git\-credentials\-9453b43c\-411e\-428d\-a043\-921fc6c0a36d\.config
2026-08-10T23:46:23.8684080Z [command]/opt/homebrew/bin/git submodule foreach --recursive git config --local --show-origin --name-only --get-regexp remote.origin.url
2026-08-10T23:46:23.9595660Z Removing credentials config '/Users/runner/work/_temp/git-credentials-9453b43c-411e-428d-a043-921fc6c0a36d.config'
2026-08-10T23:46:23.9962430Z Cleaning up orphan processes
2026-08-10T23:46:24.2469480Z Terminate orphan process: pid (14524) (ibtoold)
2026-08-10T23:46:24.3484150Z Terminate orphan process: pid (14512) (ibtoold)
